ISO-10303-21;
HEADER;
/* Generated by software containing ST-Developer
 * from STEP Tools, Inc. (www.steptools.com) 
 */
/* OPTION: using custom renumber hook */

FILE_DESCRIPTION(
/* description */ ('STEP AP242 Edition 2',
'CAx-IF Rec.Pracs.---Representation and Presentation of Product Manufa
cturing Information (PMI)---4.0---2014-10-13',
'CAx-IF Rec.Pracs.---3D Tessellated Geometry---0.4---2014-09-14','2;1',
'CAx-IF Rec.Pracs.---User Defined Attributes---1.5---2016-08-15'),
/* implementation_level */ '2;1');

FILE_NAME(
/* name */ 'Part Studio 1',
/* time_stamp */ '2026-08-28T05:38:19Z',
/* author */ (''),
/* organization */ (''),
/* preprocessor_version */ 'ST-DEVELOPER v20',
/* originating_system */ 'ONSHAPE BY PTC INC, 1.219',
/* authorisation */ '  ');

FILE_SCHEMA (('AP242_MANAGED_MODEL_BASED_3D_ENGINEERING_MIM_LF { 1 0 10303 442 3 1 4 }'));
ENDSEC;

DATA;
#10=B_SPLINE_SURFACE_WITH_KNOTS('',3,1,((#4887,#4888),(#4889,#4890),(#4891,
#4892),(#4893,#4894)),.SURF_OF_LINEAR_EXTRUSION.,.F.,.F.,.F.,(4,4),(2,2),
(0.,1.),(0.,1.),.PIECEWISE_BEZIER_KNOTS.);
#11=B_SPLINE_SURFACE_WITH_KNOTS('',3,1,((#4925,#4926),(#4927,#4928),(#4929,
#4930),(#4931,#4932)),.SURF_OF_LINEAR_EXTRUSION.,.F.,.F.,.F.,(4,4),(2,2),
(0.,1.),(0.,1.),.PIECEWISE_BEZIER_KNOTS.);
#12=B_SPLINE_SURFACE_WITH_KNOTS('',3,1,((#4938,#4939),(#4940,#4941),(#4942,
#4943),(#4944,#4945)),.SURF_OF_LINEAR_EXTRUSION.,.F.,.F.,.F.,(4,4),(2,2),
(0.,1.),(0.,1.),.PIECEWISE_BEZIER_KNOTS.);
#13=B_SPLINE_SURFACE_WITH_KNOTS('',3,1,((#4951,#4952),(#4953,#4954),(#4955,
#4956),(#4957,#4958)),.SURF_OF_LINEAR_EXTRUSION.,.F.,.F.,.F.,(4,4),(2,2),
(0.,1.),(0.,1.),.PIECEWISE_BEZIER_KNOTS.);
#14=B_SPLINE_SURFACE_WITH_KNOTS('',3,1,((#4968,#4969),(#4970,#4971),(#4972,
#4973),(#4974,#4975)),.SURF_OF_LINEAR_EXTRUSION.,.F.,.F.,.F.,(4,4),(2,2),
(0.,1.),(0.,1.),.PIECEWISE_BEZIER_KNOTS.);
#15=B_SPLINE_SURFACE_WITH_KNOTS('',3,1,((#4981,#4982),(#4983,#4984),(#4985,
#4986),(#4987,#4988)),.SURF_OF_LINEAR_EXTRUSION.,.F.,.F.,.F.,(4,4),(2,2),
(0.,1.),(0.,1.),.PIECEWISE_BEZIER_KNOTS.);
#16=B_SPLINE_SURFACE_WITH_KNOTS('',3,1,((#5002,#5003),(#5004,#5005),(#5006,
#5007),(#5008,#5009)),.SURF_OF_LINEAR_EXTRUSION.,.F.,.F.,.F.,(4,4),(2,2),
(0.,1.),(0.,1.),.PIECEWISE_BEZIER_KNOTS.);
#17=B_SPLINE_SURFACE_WITH_KNOTS('',3,1,((#5015,#5016),(#5017,#5018),(#5019,
#5020),(#5021,#5022)),.SURF_OF_LINEAR_EXTRUSION.,.F.,.F.,.F.,(4,4),(2,2),
(0.,1.),(0.,1.),.PIECEWISE_BEZIER_KNOTS.);
#18=B_SPLINE_SURFACE_WITH_KNOTS('',3,1,((#5028,#5029),(#5030,#5031),(#5032,
#5033),(#5034,#5035)),.SURF_OF_LINEAR_EXTRUSION.,.F.,.F.,.F.,(4,4),(2,2),
(0.,1.),(0.,1.),.PIECEWISE_BEZIER_KNOTS.);
#19=B_SPLINE_SURFACE_WITH_KNOTS('',3,1,((#5041,#5042),(#5043,#5044),(#5045,
#5046),(#5047,#5048)),.SURF_OF_LINEAR_EXTRUSION.,.F.,.F.,.F.,(4,4),(2,2),
(0.,1.),(0.,1.),.PIECEWISE_BEZIER_KNOTS.);
#20=B_SPLINE_SURFACE_WITH_KNOTS('',3,1,((#5054,#5055),(#5056,#5057),(#5058,
#5059),(#5060,#5061)),.SURF_OF_LINEAR_EXTRUSION.,.F.,.F.,.F.,(4,4),(2,2),
(0.,1.),(0.,1.),.PIECEWISE_BEZIER_KNOTS.);
#21=B_SPLINE_SURFACE_WITH_KNOTS('',3,1,((#5067,#5068),(#5069,#5070),(#5071,
#5072),(#5073,#5074)),.SURF_OF_LINEAR_EXTRUSION.,.F.,.F.,.F.,(4,4),(2,2),
(0.,1.),(0.,1.),.PIECEWISE_BEZIER_KNOTS.);
#22=B_SPLINE_SURFACE_WITH_KNOTS('',3,1,((#5083,#5084),(#5085,#5086),(#5087,
#5088),(#5089,#5090)),.SURF_OF_LINEAR_EXTRUSION.,.F.,.F.,.F.,(4,4),(2,2),
(0.,1.),(0.,1.),.PIECEWISE_BEZIER_KNOTS.);
#23=B_SPLINE_SURFACE_WITH_KNOTS('',3,1,((#5098,#5099),(#5100,#5101),(#5102,
#5103),(#5104,#5105)),.SURF_OF_LINEAR_EXTRUSION.,.F.,.F.,.F.,(4,4),(2,2),
(0.,1.),(0.,1.),.PIECEWISE_BEZIER_KNOTS.);
#24=B_SPLINE_SURFACE_WITH_KNOTS('',3,1,((#5111,#5112),(#5113,#5114),(#5115,
#5116),(#5117,#5118)),.SURF_OF_LINEAR_EXTRUSION.,.F.,.F.,.F.,(4,4),(2,2),
(0.,1.),(0.,1.),.PIECEWISE_BEZIER_KNOTS.);
#25=B_SPLINE_SURFACE_WITH_KNOTS('',3,1,((#5124,#5125),(#5126,#5127),(#5128,
#5129),(#5130,#5131)),.SURF_OF_LINEAR_EXTRUSION.,.F.,.F.,.F.,(4,4),(2,2),
(0.,1.),(0.,1.),.PIECEWISE_BEZIER_KNOTS.);
#26=B_SPLINE_SURFACE_WITH_KNOTS('',3,1,((#5137,#5138),(#5139,#5140),(#5141,
#5142),(#5143,#5144)),.SURF_OF_LINEAR_EXTRUSION.,.F.,.F.,.F.,(4,4),(2,2),
(0.,1.),(0.,1.),.PIECEWISE_BEZIER_KNOTS.);
#27=B_SPLINE_SURFACE_WITH_KNOTS('',3,1,((#5150,#5151),(#5152,#5153),(#5154,
#5155),(#5156,#5157)),.SURF_OF_LINEAR_EXTRUSION.,.F.,.F.,.F.,(4,4),(2,2),
(0.,1.),(0.,1.),.PIECEWISE_BEZIER_KNOTS.);
#28=B_SPLINE_SURFACE_WITH_KNOTS('',3,1,((#5163,#5164),(#5165,#5166),(#5167,
#5168),(#5169,#5170)),.SURF_OF_LINEAR_EXTRUSION.,.F.,.F.,.F.,(4,4),(2,2),
(0.,1.),(0.,1.),.PIECEWISE_BEZIER_KNOTS.);
#29=B_SPLINE_SURFACE_WITH_KNOTS('',3,1,((#5200,#5201),(#5202,#5203),(#5204,
#5205),(#5206,#5207)),.SURF_OF_LINEAR_EXTRUSION.,.F.,.F.,.F.,(4,4),(2,2),
(0.,1.),(0.,1.),.PIECEWISE_BEZIER_KNOTS.);
#30=B_SPLINE_SURFACE_WITH_KNOTS('',3,1,((#5230,#5231),(#5232,#5233),(#5234,
#5235),(#5236,#5237)),.SURF_OF_LINEAR_EXTRUSION.,.F.,.F.,.F.,(4,4),(2,2),
(0.,1.),(0.,1.),.PIECEWISE_BEZIER_KNOTS.);
#31=B_SPLINE_SURFACE_WITH_KNOTS('',3,1,((#5243,#5244),(#5245,#5246),(#5247,
#5248),(#5249,#5250)),.SURF_OF_LINEAR_EXTRUSION.,.F.,.F.,.F.,(4,4),(2,2),
(0.,1.),(0.,1.),.PIECEWISE_BEZIER_KNOTS.);
#32=B_SPLINE_SURFACE_WITH_KNOTS('',3,1,((#5256,#5257),(#5258,#5259),(#5260,
#5261),(#5262,#5263)),.SURF_OF_LINEAR_EXTRUSION.,.F.,.F.,.F.,(4,4),(2,2),
(0.,1.),(0.,1.),.PIECEWISE_BEZIER_KNOTS.);
#33=B_SPLINE_SURFACE_WITH_KNOTS('',3,1,((#5273,#5274),(#5275,#5276),(#5277,
#5278),(#5279,#5280)),.SURF_OF_LINEAR_EXTRUSION.,.F.,.F.,.F.,(4,4),(2,2),
(0.,1.),(0.,1.),.PIECEWISE_BEZIER_KNOTS.);
#34=B_SPLINE_SURFACE_WITH_KNOTS('',3,1,((#5286,#5287),(#5288,#5289),(#5290,
#5291),(#5292,#5293)),.SURF_OF_LINEAR_EXTRUSION.,.F.,.F.,.F.,(4,4),(2,2),
(0.,1.),(0.,1.),.PIECEWISE_BEZIER_KNOTS.);
#35=B_SPLINE_SURFACE_WITH_KNOTS('',3,1,((#5307,#5308),(#5309,#5310),(#5311,
#5312),(#5313,#5314)),.SURF_OF_LINEAR_EXTRUSION.,.F.,.F.,.F.,(4,4),(2,2),
(0.,1.),(0.,1.),.PIECEWISE_BEZIER_KNOTS.);
#36=B_SPLINE_SURFACE_WITH_KNOTS('',3,1,((#5320,#5321),(#5322,#5323),(#5324,
#5325),(#5326,#5327)),.SURF_OF_LINEAR_EXTRUSION.,.F.,.F.,.F.,(4,4),(2,2),
(0.,1.),(0.,1.),.PIECEWISE_BEZIER_KNOTS.);
#37=B_SPLINE_SURFACE_WITH_KNOTS('',3,1,((#5333,#5334),(#5335,#5336),(#5337,
#5338),(#5339,#5340)),.SURF_OF_LINEAR_EXTRUSION.,.F.,.F.,.F.,(4,4),(2,2),
(0.,1.),(0.,1.),.PIECEWISE_BEZIER_KNOTS.);
#38=B_SPLINE_SURFACE_WITH_KNOTS('',3,1,((#5346,#5347),(#5348,#5349),(#5350,
#5351),(#5352,#5353)),.SURF_OF_LINEAR_EXTRUSION.,.F.,.F.,.F.,(4,4),(2,2),
(0.,1.),(0.,1.),.PIECEWISE_BEZIER_KNOTS.);
#39=B_SPLINE_SURFACE_WITH_KNOTS('',3,1,((#5359,#5360),(#5361,#5362),(#5363,
#5364),(#5365,#5366)),.SURF_OF_LINEAR_EXTRUSION.,.F.,.F.,.F.,(4,4),(2,2),
(0.,1.),(0.,1.),.PIECEWISE_BEZIER_KNOTS.);
#40=B_SPLINE_SURFACE_WITH_KNOTS('',3,1,((#5372,#5373),(#5374,#5375),(#5376,
#5377),(#5378,#5379)),.SURF_OF_LINEAR_EXTRUSION.,.F.,.F.,.F.,(4,4),(2,2),
(0.,1.),(0.,1.),.PIECEWISE_BEZIER_KNOTS.);
#41=B_SPLINE_SURFACE_WITH_KNOTS('',3,1,((#5410,#5411),(#5412,#5413),(#5414,
#5415),(#5416,#5417)),.SURF_OF_LINEAR_EXTRUSION.,.F.,.F.,.F.,(4,4),(2,2),
(0.,1.),(0.,1.),.PIECEWISE_BEZIER_KNOTS.);
#42=B_SPLINE_SURFACE_WITH_KNOTS('',3,1,((#5438,#5439),(#5440,#5441),(#5442,
#5443),(#5444,#5445)),.SURF_OF_LINEAR_EXTRUSION.,.F.,.F.,.F.,(4,4),(2,2),
(0.,1.),(0.,1.),.PIECEWISE_BEZIER_KNOTS.);
#43=B_SPLINE_SURFACE_WITH_KNOTS('',3,1,((#5453,#5454),(#5455,#5456),(#5457,
#5458),(#5459,#5460)),.SURF_OF_LINEAR_EXTRUSION.,.F.,.F.,.F.,(4,4),(2,2),
(0.,1.),(0.,1.),.PIECEWISE_BEZIER_KNOTS.);
#44=B_SPLINE_SURFACE_WITH_KNOTS('',3,1,((#5466,#5467),(#5468,#5469),(#5470,
#5471),(#5472,#5473)),.SURF_OF_LINEAR_EXTRUSION.,.F.,.F.,.F.,(4,4),(2,2),
(0.,1.),(0.,1.),.PIECEWISE_BEZIER_KNOTS.);
#45=B_SPLINE_SURFACE_WITH_KNOTS('',3,1,((#5479,#5480),(#5481,#5482),(#5483,
#5484),(#5485,#5486)),.SURF_OF_LINEAR_EXTRUSION.,.F.,.F.,.F.,(4,4),(2,2),
(0.,1.),(0.,1.),.PIECEWISE_BEZIER_KNOTS.);
#46=B_SPLINE_SURFACE_WITH_KNOTS('',3,1,((#5492,#5493),(#5494,#5495),(#5496,
#5497),(#5498,#5499)),.SURF_OF_LINEAR_EXTRUSION.,.F.,.F.,.F.,(4,4),(2,2),
(0.,1.),(0.,1.),.PIECEWISE_BEZIER_KNOTS.);
#47=B_SPLINE_SURFACE_WITH_KNOTS('',3,1,((#5505,#5506),(#5507,#5508),(#5509,
#5510),(#5511,#5512)),.SURF_OF_LINEAR_EXTRUSION.,.F.,.F.,.F.,(4,4),(2,2),
(0.,1.),(0.,1.),.PIECEWISE_BEZIER_KNOTS.);
#48=B_SPLINE_SURFACE_WITH_KNOTS('',3,1,((#5518,#5519),(#5520,#5521),(#5522,
#5523),(#5524,#5525)),.SURF_OF_LINEAR_EXTRUSION.,.F.,.F.,.F.,(4,4),(2,2),
(0.,1.),(0.,1.),.PIECEWISE_BEZIER_KNOTS.);
#49=B_SPLINE_SURFACE_WITH_KNOTS('',3,1,((#5531,#5532),(#5533,#5534),(#5535,
#5536),(#5537,#5538)),.SURF_OF_LINEAR_EXTRUSION.,.F.,.F.,.F.,(4,4),(2,2),
(0.,1.),(0.,1.),.PIECEWISE_BEZIER_KNOTS.);
#50=B_SPLINE_SURFACE_WITH_KNOTS('',3,1,((#5543,#5544),(#5545,#5546),(#5547,
#5548),(#5549,#5550)),.SURF_OF_LINEAR_EXTRUSION.,.F.,.F.,.F.,(4,4),(2,2),
(0.,1.),(0.,1.),.PIECEWISE_BEZIER_KNOTS.);
#51=B_SPLINE_SURFACE_WITH_KNOTS('',3,1,((#5558,#5559),(#5560,#5561),(#5562,
#5563),(#5564,#5565)),.SURF_OF_LINEAR_EXTRUSION.,.F.,.F.,.F.,(4,4),(2,2),
(0.,1.),(0.,1.),.PIECEWISE_BEZIER_KNOTS.);
#52=B_SPLINE_SURFACE_WITH_KNOTS('',3,1,((#5587,#5588),(#5589,#5590),(#5591,
#5592),(#5593,#5594)),.SURF_OF_LINEAR_EXTRUSION.,.F.,.F.,.F.,(4,4),(2,2),
(0.,1.),(0.,1.),.PIECEWISE_BEZIER_KNOTS.);
#53=B_SPLINE_SURFACE_WITH_KNOTS('',3,1,((#5600,#5601),(#5602,#5603),(#5604,
#5605),(#5606,#5607)),.SURF_OF_LINEAR_EXTRUSION.,.F.,.F.,.F.,(4,4),(2,2),
(0.,1.),(0.,1.),.PIECEWISE_BEZIER_KNOTS.);
#54=B_SPLINE_SURFACE_WITH_KNOTS('',3,1,((#5625,#5626),(#5627,#5628),(#5629,
#5630),(#5631,#5632)),.SURF_OF_LINEAR_EXTRUSION.,.F.,.F.,.F.,(4,4),(2,2),
(0.,1.),(0.,1.),.PIECEWISE_BEZIER_KNOTS.);
#55=B_SPLINE_SURFACE_WITH_KNOTS('',3,1,((#5638,#5639),(#5640,#5641),(#5642,
#5643),(#5644,#5645)),.SURF_OF_LINEAR_EXTRUSION.,.F.,.F.,.F.,(4,4),(2,2),
(0.,1.),(0.,1.),.PIECEWISE_BEZIER_KNOTS.);
#56=B_SPLINE_SURFACE_WITH_KNOTS('',3,1,((#5651,#5652),(#5653,#5654),(#5655,
#5656),(#5657,#5658)),.SURF_OF_LINEAR_EXTRUSION.,.F.,.F.,.F.,(4,4),(2,2),
(0.,1.),(0.,1.),.PIECEWISE_BEZIER_KNOTS.);
#57=B_SPLINE_SURFACE_WITH_KNOTS('',3,1,((#5663,#5664),(#5665,#5666),(#5667,
#5668),(#5669,#5670)),.SURF_OF_LINEAR_EXTRUSION.,.F.,.F.,.F.,(4,4),(2,2),
(0.,1.),(0.,1.),.PIECEWISE_BEZIER_KNOTS.);
#58=B_SPLINE_SURFACE_WITH_KNOTS('',3,1,((#5678,#5679),(#5680,#5681),(#5682,
#5683),(#5684,#5685)),.SURF_OF_LINEAR_EXTRUSION.,.F.,.F.,.F.,(4,4),(2,2),
(0.,1.),(0.,1.),.PIECEWISE_BEZIER_KNOTS.);
#59=B_SPLINE_SURFACE_WITH_KNOTS('',3,1,((#5715,#5716),(#5717,#5718),(#5719,
#5720),(#5721,#5722)),.SURF_OF_LINEAR_EXTRUSION.,.F.,.F.,.F.,(4,4),(2,2),
(0.,1.),(0.,1.),.PIECEWISE_BEZIER_KNOTS.);
#60=B_SPLINE_SURFACE_WITH_KNOTS('',3,1,((#5732,#5733),(#5734,#5735),(#5736,
#5737),(#5738,#5739)),.SURF_OF_LINEAR_EXTRUSION.,.F.,.F.,.F.,(4,4),(2,2),
(0.,1.),(0.,1.),.PIECEWISE_BEZIER_KNOTS.);
#61=B_SPLINE_SURFACE_WITH_KNOTS('',3,1,((#5745,#5746),(#5747,#5748),(#5749,
#5750),(#5751,#5752)),.SURF_OF_LINEAR_EXTRUSION.,.F.,.F.,.F.,(4,4),(2,2),
(0.,1.),(0.,1.),.PIECEWISE_BEZIER_KNOTS.);
#62=B_SPLINE_SURFACE_WITH_KNOTS('',3,1,((#5758,#5759),(#5760,#5761),(#5762,
#5763),(#5764,#5765)),.SURF_OF_LINEAR_EXTRUSION.,.F.,.F.,.F.,(4,4),(2,2),
(0.,1.),(0.,1.),.PIECEWISE_BEZIER_KNOTS.);
#63=B_SPLINE_SURFACE_WITH_KNOTS('',3,1,((#5771,#5772),(#5773,#5774),(#5775,
#5776),(#5777,#5778)),.SURF_OF_LINEAR_EXTRUSION.,.F.,.F.,.F.,(4,4),(2,2),
(0.,1.),(0.,1.),.PIECEWISE_BEZIER_KNOTS.);
#64=B_SPLINE_CURVE_WITH_KNOTS('',2,(#4356,#4357,#4358),.UNSPECIFIED.,.F.,
 .F.,(3,3),(0.,1.),.PIECEWISE_BEZIER_KNOTS.);
#65=B_SPLINE_CURVE_WITH_KNOTS('',2,(#4374,#4375,#4376),.UNSPECIFIED.,.F.,
 .F.,(3,3),(0.,1.),.PIECEWISE_BEZIER_KNOTS.);
#66=B_SPLINE_CURVE_WITH_KNOTS('',2,(#4378,#4379,#4380),.UNSPECIFIED.,.F.,
 .F.,(3,3),(0.,1.),.PIECEWISE_BEZIER_KNOTS.);
#67=B_SPLINE_CURVE_WITH_KNOTS('',2,(#4382,#4383,#4384),.UNSPECIFIED.,.F.,
 .F.,(3,3),(0.,1.),.PIECEWISE_BEZIER_KNOTS.);
#68=B_SPLINE_CURVE_WITH_KNOTS('',2,(#4386,#4387,#4388),.UNSPECIFIED.,.F.,
 .F.,(3,3),(0.,1.),.PIECEWISE_BEZIER_KNOTS.);
#69=B_SPLINE_CURVE_WITH_KNOTS('',2,(#4390,#4391,#4392),.UNSPECIFIED.,.F.,
 .F.,(3,3),(0.,1.),.PIECEWISE_BEZIER_KNOTS.);
#70=B_SPLINE_CURVE_WITH_KNOTS('',2,(#4394,#4395,#4396),.UNSPECIFIED.,.F.,
 .F.,(3,3),(0.,1.),.PIECEWISE_BEZIER_KNOTS.);
#71=B_SPLINE_CURVE_WITH_KNOTS('',2,(#4402,#4403,#4404),.UNSPECIFIED.,.F.,
 .F.,(3,3),(0.,1.),.PIECEWISE_BEZIER_KNOTS.);
#72=B_SPLINE_CURVE_WITH_KNOTS('',2,(#4406,#4407,#4408),.UNSPECIFIED.,.F.,
 .F.,(3,3),(0.,1.),.PIECEWISE_BEZIER_KNOTS.);
#73=B_SPLINE_CURVE_WITH_KNOTS('',2,(#4412,#4413,#4414),.UNSPECIFIED.,.F.,
 .F.,(3,3),(0.,1.),.PIECEWISE_BEZIER_KNOTS.);
#74=B_SPLINE_CURVE_WITH_KNOTS('',2,(#4416,#4417,#4418),.UNSPECIFIED.,.F.,
 .F.,(3,3),(0.,1.),.PIECEWISE_BEZIER_KNOTS.);
#75=B_SPLINE_CURVE_WITH_KNOTS('',2,(#4420,#4421,#4422),.UNSPECIFIED.,.F.,
 .F.,(3,3),(0.,1.),.PIECEWISE_BEZIER_KNOTS.);
#76=B_SPLINE_CURVE_WITH_KNOTS('',2,(#4425,#4426,#4427),.UNSPECIFIED.,.F.,
 .F.,(3,3),(0.,1.),.PIECEWISE_BEZIER_KNOTS.);
#77=B_SPLINE_CURVE_WITH_KNOTS('',2,(#4430,#4431,#4432),.UNSPECIFIED.,.F.,
 .F.,(3,3),(0.,1.),.PIECEWISE_BEZIER_KNOTS.);
#78=B_SPLINE_CURVE_WITH_KNOTS('',2,(#4436,#4437,#4438),.UNSPECIFIED.,.F.,
 .F.,(3,3),(0.,1.),.PIECEWISE_BEZIER_KNOTS.);
#79=B_SPLINE_CURVE_WITH_KNOTS('',2,(#4452,#4453,#4454),.UNSPECIFIED.,.F.,
 .F.,(3,3),(0.,1.),.PIECEWISE_BEZIER_KNOTS.);
#80=B_SPLINE_CURVE_WITH_KNOTS('',2,(#4456,#4457,#4458),.UNSPECIFIED.,.F.,
 .F.,(3,3),(0.,1.),.PIECEWISE_BEZIER_KNOTS.);
#81=B_SPLINE_CURVE_WITH_KNOTS('',2,(#4460,#4461,#4462),.UNSPECIFIED.,.F.,
 .F.,(3,3),(0.,1.),.PIECEWISE_BEZIER_KNOTS.);
#82=B_SPLINE_CURVE_WITH_KNOTS('',2,(#4464,#4465,#4466),.UNSPECIFIED.,.F.,
 .F.,(3,3),(0.,1.),.PIECEWISE_BEZIER_KNOTS.);
#83=B_SPLINE_CURVE_WITH_KNOTS('',2,(#4468,#4469,#4470),.UNSPECIFIED.,.F.,
 .F.,(3,3),(0.,1.),.PIECEWISE_BEZIER_KNOTS.);
#84=B_SPLINE_CURVE_WITH_KNOTS('',2,(#4478,#4479,#4480),.UNSPECIFIED.,.F.,
 .F.,(3,3),(0.,1.),.PIECEWISE_BEZIER_KNOTS.);
#85=B_SPLINE_CURVE_WITH_KNOTS('',2,(#4482,#4483,#4484),.UNSPECIFIED.,.F.,
 .F.,(3,3),(0.,1.),.PIECEWISE_BEZIER_KNOTS.);
#86=B_SPLINE_CURVE_WITH_KNOTS('',2,(#4486,#4487,#4488),.UNSPECIFIED.,.F.,
 .F.,(3,3),(0.,1.),.PIECEWISE_BEZIER_KNOTS.);
#87=B_SPLINE_CURVE_WITH_KNOTS('',2,(#4490,#4491,#4492),.UNSPECIFIED.,.F.,
 .F.,(3,3),(0.,1.),.PIECEWISE_BEZIER_KNOTS.);
#88=B_SPLINE_CURVE_WITH_KNOTS('',2,(#4494,#4495,#4496),.UNSPECIFIED.,.F.,
 .F.,(3,3),(0.,1.),.PIECEWISE_BEZIER_KNOTS.);
#89=B_SPLINE_CURVE_WITH_KNOTS('',2,(#4498,#4499,#4500),.UNSPECIFIED.,.F.,
 .F.,(3,3),(0.,1.),.PIECEWISE_BEZIER_KNOTS.);
#90=B_SPLINE_CURVE_WITH_KNOTS('',2,(#4506,#4507,#4508),.UNSPECIFIED.,.F.,
 .F.,(3,3),(0.,1.),.PIECEWISE_BEZIER_KNOTS.);
#91=B_SPLINE_CURVE_WITH_KNOTS('',2,(#4510,#4511,#4512),.UNSPECIFIED.,.F.,
 .F.,(3,3),(0.,1.),.PIECEWISE_BEZIER_KNOTS.);
#92=B_SPLINE_CURVE_WITH_KNOTS('',2,(#4516,#4517,#4518),.UNSPECIFIED.,.F.,
 .F.,(3,3),(0.,1.),.PIECEWISE_BEZIER_KNOTS.);
#93=B_SPLINE_CURVE_WITH_KNOTS('',2,(#4520,#4521,#4522),.UNSPECIFIED.,.F.,
 .F.,(3,3),(0.,1.),.PIECEWISE_BEZIER_KNOTS.);
#94=B_SPLINE_CURVE_WITH_KNOTS('',2,(#4524,#4525,#4526),.UNSPECIFIED.,.F.,
 .F.,(3,3),(0.,1.),.PIECEWISE_BEZIER_KNOTS.);
#95=B_SPLINE_CURVE_WITH_KNOTS('',2,(#4542,#4543,#4544),.UNSPECIFIED.,.F.,
 .F.,(3,3),(0.,1.),.PIECEWISE_BEZIER_KNOTS.);
#96=B_SPLINE_CURVE_WITH_KNOTS('',2,(#4551,#4552,#4553),.UNSPECIFIED.,.F.,
 .F.,(3,3),(0.,1.),.PIECEWISE_BEZIER_KNOTS.);
#97=B_SPLINE_CURVE_WITH_KNOTS('',2,(#4556,#4557,#4558),.UNSPECIFIED.,.F.,
 .F.,(3,3),(0.,1.),.PIECEWISE_BEZIER_KNOTS.);
#98=B_SPLINE_CURVE_WITH_KNOTS('',2,(#4560,#4561,#4562),.UNSPECIFIED.,.F.,
 .F.,(3,3),(0.,1.),.PIECEWISE_BEZIER_KNOTS.);
#99=B_SPLINE_CURVE_WITH_KNOTS('',2,(#4564,#4565,#4566),.UNSPECIFIED.,.F.,
 .F.,(3,3),(0.,1.),.PIECEWISE_BEZIER_KNOTS.);
#100=B_SPLINE_CURVE_WITH_KNOTS('',2,(#4568,#4569,#4570),.UNSPECIFIED.,.F.,
 .F.,(3,3),(0.,1.),.PIECEWISE_BEZIER_KNOTS.);
#101=B_SPLINE_CURVE_WITH_KNOTS('',2,(#4572,#4573,#4574),.UNSPECIFIED.,.F.,
 .F.,(3,3),(0.,1.),.PIECEWISE_BEZIER_KNOTS.);
#102=B_SPLINE_CURVE_WITH_KNOTS('',2,(#4576,#4577,#4578),.UNSPECIFIED.,.F.,
 .F.,(3,3),(0.,1.),.PIECEWISE_BEZIER_KNOTS.);
#103=B_SPLINE_CURVE_WITH_KNOTS('',2,(#4580,#4581,#4582),.UNSPECIFIED.,.F.,
 .F.,(3,3),(0.,1.),.PIECEWISE_BEZIER_KNOTS.);
#104=B_SPLINE_CURVE_WITH_KNOTS('',2,(#4583,#4584,#4585),.UNSPECIFIED.,.F.,
 .F.,(3,3),(0.,1.),.PIECEWISE_BEZIER_KNOTS.);
#105=B_SPLINE_CURVE_WITH_KNOTS('',2,(#4588,#4589,#4590),.UNSPECIFIED.,.F.,
 .F.,(3,3),(0.,1.),.PIECEWISE_BEZIER_KNOTS.);
#106=B_SPLINE_CURVE_WITH_KNOTS('',2,(#4592,#4593,#4594),.UNSPECIFIED.,.F.,
 .F.,(3,3),(0.,1.),.PIECEWISE_BEZIER_KNOTS.);
#107=B_SPLINE_CURVE_WITH_KNOTS('',2,(#4596,#4597,#4598),.UNSPECIFIED.,.F.,
 .F.,(3,3),(0.,1.),.PIECEWISE_BEZIER_KNOTS.);
#108=B_SPLINE_CURVE_WITH_KNOTS('',2,(#4600,#4601,#4602),.UNSPECIFIED.,.F.,
 .F.,(3,3),(0.,1.),.PIECEWISE_BEZIER_KNOTS.);
#109=B_SPLINE_CURVE_WITH_KNOTS('',2,(#4610,#4611,#4612),.UNSPECIFIED.,.F.,
 .F.,(3,3),(0.,1.),.PIECEWISE_BEZIER_KNOTS.);
#110=B_SPLINE_CURVE_WITH_KNOTS('',2,(#4614,#4615,#4616),.UNSPECIFIED.,.F.,
 .F.,(3,3),(0.,1.),.PIECEWISE_BEZIER_KNOTS.);
#111=B_SPLINE_CURVE_WITH_KNOTS('',2,(#4625,#4626,#4627),.UNSPECIFIED.,.F.,
 .F.,(3,3),(0.,1.),.PIECEWISE_BEZIER_KNOTS.);
#112=B_SPLINE_CURVE_WITH_KNOTS('',2,(#4630,#4631,#4632),.UNSPECIFIED.,.F.,
 .F.,(3,3),(0.,1.),.PIECEWISE_BEZIER_KNOTS.);
#113=B_SPLINE_CURVE_WITH_KNOTS('',2,(#4634,#4635,#4636),.UNSPECIFIED.,.F.,
 .F.,(3,3),(0.,1.),.PIECEWISE_BEZIER_KNOTS.);
#114=B_SPLINE_CURVE_WITH_KNOTS('',2,(#4638,#4639,#4640),.UNSPECIFIED.,.F.,
 .F.,(3,3),(0.,1.),.PIECEWISE_BEZIER_KNOTS.);
#115=B_SPLINE_CURVE_WITH_KNOTS('',2,(#4642,#4643,#4644),.UNSPECIFIED.,.F.,
 .F.,(3,3),(0.,1.),.PIECEWISE_BEZIER_KNOTS.);
#116=B_SPLINE_CURVE_WITH_KNOTS('',2,(#4646,#4647,#4648),.UNSPECIFIED.,.F.,
 .F.,(3,3),(0.,1.),.PIECEWISE_BEZIER_KNOTS.);
#117=B_SPLINE_CURVE_WITH_KNOTS('',2,(#4652,#4653,#4654),.UNSPECIFIED.,.F.,
 .F.,(3,3),(0.,1.),.PIECEWISE_BEZIER_KNOTS.);
#118=B_SPLINE_CURVE_WITH_KNOTS('',2,(#4897,#4898,#4899),.UNSPECIFIED.,.F.,
 .F.,(3,3),(0.,1.),.PIECEWISE_BEZIER_KNOTS.);
#119=B_SPLINE_CURVE_WITH_KNOTS('',2,(#4935,#4936,#4937),.UNSPECIFIED.,.F.,
 .F.,(3,3),(0.,1.),.PIECEWISE_BEZIER_KNOTS.);
#120=B_SPLINE_CURVE_WITH_KNOTS('',2,(#4948,#4949,#4950),.UNSPECIFIED.,.F.,
 .F.,(3,3),(0.,1.),.PIECEWISE_BEZIER_KNOTS.);
#121=B_SPLINE_CURVE_WITH_KNOTS('',2,(#4961,#4962,#4963),.UNSPECIFIED.,.F.,
 .F.,(3,3),(0.,1.),.PIECEWISE_BEZIER_KNOTS.);
#122=B_SPLINE_CURVE_WITH_KNOTS('',2,(#4978,#4979,#4980),.UNSPECIFIED.,.F.,
 .F.,(3,3),(0.,1.),.PIECEWISE_BEZIER_KNOTS.);
#123=B_SPLINE_CURVE_WITH_KNOTS('',2,(#4991,#4992,#4993),.UNSPECIFIED.,.F.,
 .F.,(3,3),(0.,1.),.PIECEWISE_BEZIER_KNOTS.);
#124=B_SPLINE_CURVE_WITH_KNOTS('',2,(#5012,#5013,#5014),.UNSPECIFIED.,.F.,
 .F.,(3,3),(0.,1.),.PIECEWISE_BEZIER_KNOTS.);
#125=B_SPLINE_CURVE_WITH_KNOTS('',2,(#5025,#5026,#5027),.UNSPECIFIED.,.F.,
 .F.,(3,3),(0.,1.),.PIECEWISE_BEZIER_KNOTS.);
#126=B_SPLINE_CURVE_WITH_KNOTS('',2,(#5038,#5039,#5040),.UNSPECIFIED.,.F.,
 .F.,(3,3),(0.,1.),.PIECEWISE_BEZIER_KNOTS.);
#127=B_SPLINE_CURVE_WITH_KNOTS('',2,(#5051,#5052,#5053),.UNSPECIFIED.,.F.,
 .F.,(3,3),(0.,1.),.PIECEWISE_BEZIER_KNOTS.);
#128=B_SPLINE_CURVE_WITH_KNOTS('',2,(#5064,#5065,#5066),.UNSPECIFIED.,.F.,
 .F.,(3,3),(0.,1.),.PIECEWISE_BEZIER_KNOTS.);
#129=B_SPLINE_CURVE_WITH_KNOTS('',2,(#5077,#5078,#5079),.UNSPECIFIED.,.F.,
 .F.,(3,3),(0.,1.),.PIECEWISE_BEZIER_KNOTS.);
#130=B_SPLINE_CURVE_WITH_KNOTS('',2,(#5093,#5094,#5095),.UNSPECIFIED.,.F.,
 .F.,(3,3),(0.,1.),.PIECEWISE_BEZIER_KNOTS.);
#131=B_SPLINE_CURVE_WITH_KNOTS('',2,(#5108,#5109,#5110),.UNSPECIFIED.,.F.,
 .F.,(3,3),(0.,1.),.PIECEWISE_BEZIER_KNOTS.);
#132=B_SPLINE_CURVE_WITH_KNOTS('',2,(#5121,#5122,#5123),.UNSPECIFIED.,.F.,
 .F.,(3,3),(0.,1.),.PIECEWISE_BEZIER_KNOTS.);
#133=B_SPLINE_CURVE_WITH_KNOTS('',2,(#5134,#5135,#5136),.UNSPECIFIED.,.F.,
 .F.,(3,3),(0.,1.),.PIECEWISE_BEZIER_KNOTS.);
#134=B_SPLINE_CURVE_WITH_KNOTS('',2,(#5147,#5148,#5149),.UNSPECIFIED.,.F.,
 .F.,(3,3),(0.,1.),.PIECEWISE_BEZIER_KNOTS.);
#135=B_SPLINE_CURVE_WITH_KNOTS('',2,(#5160,#5161,#5162),.UNSPECIFIED.,.F.,
 .F.,(3,3),(0.,1.),.PIECEWISE_BEZIER_KNOTS.);
#136=B_SPLINE_CURVE_WITH_KNOTS('',2,(#5173,#5174,#5175),.UNSPECIFIED.,.F.,
 .F.,(3,3),(0.,1.),.PIECEWISE_BEZIER_KNOTS.);
#137=B_SPLINE_CURVE_WITH_KNOTS('',2,(#5210,#5211,#5212),.UNSPECIFIED.,.F.,
 .F.,(3,3),(0.,1.),.PIECEWISE_BEZIER_KNOTS.);
#138=B_SPLINE_CURVE_WITH_KNOTS('',2,(#5240,#5241,#5242),.UNSPECIFIED.,.F.,
 .F.,(3,3),(0.,1.),.PIECEWISE_BEZIER_KNOTS.);
#139=B_SPLINE_CURVE_WITH_KNOTS('',2,(#5253,#5254,#5255),.UNSPECIFIED.,.F.,
 .F.,(3,3),(0.,1.),.PIECEWISE_BEZIER_KNOTS.);
#140=B_SPLINE_CURVE_WITH_KNOTS('',2,(#5266,#5267,#5268),.UNSPECIFIED.,.F.,
 .F.,(3,3),(0.,1.),.PIECEWISE_BEZIER_KNOTS.);
#141=B_SPLINE_CURVE_WITH_KNOTS('',2,(#5283,#5284,#5285),.UNSPECIFIED.,.F.,
 .F.,(3,3),(0.,1.),.PIECEWISE_BEZIER_KNOTS.);
#142=B_SPLINE_CURVE_WITH_KNOTS('',2,(#5296,#5297,#5298),.UNSPECIFIED.,.F.,
 .F.,(3,3),(0.,1.),.PIECEWISE_BEZIER_KNOTS.);
#143=B_SPLINE_CURVE_WITH_KNOTS('',2,(#5317,#5318,#5319),.UNSPECIFIED.,.F.,
 .F.,(3,3),(0.,1.),.PIECEWISE_BEZIER_KNOTS.);
#144=B_SPLINE_CURVE_WITH_KNOTS('',2,(#5330,#5331,#5332),.UNSPECIFIED.,.F.,
 .F.,(3,3),(0.,1.),.PIECEWISE_BEZIER_KNOTS.);
#145=B_SPLINE_CURVE_WITH_KNOTS('',2,(#5343,#5344,#5345),.UNSPECIFIED.,.F.,
 .F.,(3,3),(0.,1.),.PIECEWISE_BEZIER_KNOTS.);
#146=B_SPLINE_CURVE_WITH_KNOTS('',2,(#5356,#5357,#5358),.UNSPECIFIED.,.F.,
 .F.,(3,3),(0.,1.),.PIECEWISE_BEZIER_KNOTS.);
#147=B_SPLINE_CURVE_WITH_KNOTS('',2,(#5369,#5370,#5371),.UNSPECIFIED.,.F.,
 .F.,(3,3),(0.,1.),.PIECEWISE_BEZIER_KNOTS.);
#148=B_SPLINE_CURVE_WITH_KNOTS('',2,(#5382,#5383,#5384),.UNSPECIFIED.,.F.,
 .F.,(3,3),(0.,1.),.PIECEWISE_BEZIER_KNOTS.);
#149=B_SPLINE_CURVE_WITH_KNOTS('',2,(#5420,#5421,#5422),.UNSPECIFIED.,.F.,
 .F.,(3,3),(0.,1.),.PIECEWISE_BEZIER_KNOTS.);
#150=B_SPLINE_CURVE_WITH_KNOTS('',2,(#5448,#5449,#5450),.UNSPECIFIED.,.F.,
 .F.,(3,3),(0.,1.),.PIECEWISE_BEZIER_KNOTS.);
#151=B_SPLINE_CURVE_WITH_KNOTS('',2,(#5463,#5464,#5465),.UNSPECIFIED.,.F.,
 .F.,(3,3),(0.,1.),.PIECEWISE_BEZIER_KNOTS.);
#152=B_SPLINE_CURVE_WITH_KNOTS('',2,(#5476,#5477,#5478),.UNSPECIFIED.,.F.,
 .F.,(3,3),(0.,1.),.PIECEWISE_BEZIER_KNOTS.);
#153=B_SPLINE_CURVE_WITH_KNOTS('',2,(#5489,#5490,#5491),.UNSPECIFIED.,.F.,
 .F.,(3,3),(0.,1.),.PIECEWISE_BEZIER_KNOTS.);
#154=B_SPLINE_CURVE_WITH_KNOTS('',2,(#5502,#5503,#5504),.UNSPECIFIED.,.F.,
 .F.,(3,3),(0.,1.),.PIECEWISE_BEZIER_KNOTS.);
#155=B_SPLINE_CURVE_WITH_KNOTS('',2,(#5515,#5516,#5517),.UNSPECIFIED.,.F.,
 .F.,(3,3),(0.,1.),.PIECEWISE_BEZIER_KNOTS.);
#156=B_SPLINE_CURVE_WITH_KNOTS('',2,(#5528,#5529,#5530),.UNSPECIFIED.,.F.,
 .F.,(3,3),(0.,1.),.PIECEWISE_BEZIER_KNOTS.);
#157=B_SPLINE_CURVE_WITH_KNOTS('',2,(#5539,#5540,#5541),.UNSPECIFIED.,.F.,
 .F.,(3,3),(0.,1.),.PIECEWISE_BEZIER_KNOTS.);
#158=B_SPLINE_CURVE_WITH_KNOTS('',2,(#5553,#5554,#5555),.UNSPECIFIED.,.F.,
 .F.,(3,3),(0.,1.),.PIECEWISE_BEZIER_KNOTS.);
#159=B_SPLINE_CURVE_WITH_KNOTS('',2,(#5568,#5569,#5570),.UNSPECIFIED.,.F.,
 .F.,(3,3),(0.,1.),.PIECEWISE_BEZIER_KNOTS.);
#160=B_SPLINE_CURVE_WITH_KNOTS('',2,(#5597,#5598,#5599),.UNSPECIFIED.,.F.,
 .F.,(3,3),(0.,1.),.PIECEWISE_BEZIER_KNOTS.);
#161=B_SPLINE_CURVE_WITH_KNOTS('',2,(#5610,#5611,#5612),.UNSPECIFIED.,.F.,
 .F.,(3,3),(0.,1.),.PIECEWISE_BEZIER_KNOTS.);
#162=B_SPLINE_CURVE_WITH_KNOTS('',2,(#5635,#5636,#5637),.UNSPECIFIED.,.F.,
 .F.,(3,3),(0.,1.),.PIECEWISE_BEZIER_KNOTS.);
#163=B_SPLINE_CURVE_WITH_KNOTS('',2,(#5648,#5649,#5650),.UNSPECIFIED.,.F.,
 .F.,(3,3),(0.,1.),.PIECEWISE_BEZIER_KNOTS.);
#164=B_SPLINE_CURVE_WITH_KNOTS('',2,(#5659,#5660,#5661),.UNSPECIFIED.,.F.,
 .F.,(3,3),(0.,1.),.PIECEWISE_BEZIER_KNOTS.);
#165=B_SPLINE_CURVE_WITH_KNOTS('',2,(#5673,#5674,#5675),.UNSPECIFIED.,.F.,
 .F.,(3,3),(0.,1.),.PIECEWISE_BEZIER_KNOTS.);
#166=B_SPLINE_CURVE_WITH_KNOTS('',2,(#5688,#5689,#5690),.UNSPECIFIED.,.F.,
 .F.,(3,3),(0.,1.),.PIECEWISE_BEZIER_KNOTS.);
#167=B_SPLINE_CURVE_WITH_KNOTS('',2,(#5725,#5726,#5727),.UNSPECIFIED.,.F.,
 .F.,(3,3),(0.,1.),.PIECEWISE_BEZIER_KNOTS.);
#168=B_SPLINE_CURVE_WITH_KNOTS('',2,(#5742,#5743,#5744),.UNSPECIFIED.,.F.,
 .F.,(3,3),(0.,1.),.PIECEWISE_BEZIER_KNOTS.);
#169=B_SPLINE_CURVE_WITH_KNOTS('',2,(#5755,#5756,#5757),.UNSPECIFIED.,.F.,
 .F.,(3,3),(0.,1.),.PIECEWISE_BEZIER_KNOTS.);
#170=B_SPLINE_CURVE_WITH_KNOTS('',2,(#5768,#5769,#5770),.UNSPECIFIED.,.F.,
 .F.,(3,3),(0.,1.),.PIECEWISE_BEZIER_KNOTS.);
#171=B_SPLINE_CURVE_WITH_KNOTS('',2,(#5779,#5780,#5781),.UNSPECIFIED.,.F.,
 .F.,(3,3),(0.,1.),.PIECEWISE_BEZIER_KNOTS.);
#172=LINE('',#4307,#494);
#173=LINE('',#4310,#495);
#174=LINE('',#4312,#496);
#175=LINE('',#4314,#497);
#176=LINE('',#4315,#498);
#177=LINE('',#4318,#499);
#178=LINE('',#4320,#500);
#179=LINE('',#4322,#501);
#180=LINE('',#4324,#502);
#181=LINE('',#4326,#503);
#182=LINE('',#4328,#504);
#183=LINE('',#4330,#505);
#184=LINE('',#4332,#506);
#185=LINE('',#4334,#507);
#186=LINE('',#4336,#508);
#187=LINE('',#4338,#509);
#188=LINE('',#4340,#510);
#189=LINE('',#4342,#511);
#190=LINE('',#4344,#512);
#191=LINE('',#4345,#513);
#192=LINE('',#4348,#514);
#193=LINE('',#4350,#515);
#194=LINE('',#4352,#516);
#195=LINE('',#4354,#517);
#196=LINE('',#4360,#518);
#197=LINE('',#4362,#519);
#198=LINE('',#4364,#520);
#199=LINE('',#4366,#521);
#200=LINE('',#4367,#522);
#201=LINE('',#4370,#523);
#202=LINE('',#4372,#524);
#203=LINE('',#4398,#525);
#204=LINE('',#4400,#526);
#205=LINE('',#4410,#527);
#206=LINE('',#4424,#528);
#207=LINE('',#4434,#529);
#208=LINE('',#4440,#530);
#209=LINE('',#4442,#531);
#210=LINE('',#4444,#532);
#211=LINE('',#4446,#533);
#212=LINE('',#4448,#534);
#213=LINE('',#4450,#535);
#214=LINE('',#4471,#536);
#215=LINE('',#4474,#537);
#216=LINE('',#4476,#538);
#217=LINE('',#4502,#539);
#218=LINE('',#4504,#540);
#219=LINE('',#4514,#541);
#220=LINE('',#4528,#542);
#221=LINE('',#4529,#543);
#222=LINE('',#4532,#544);
#223=LINE('',#4534,#545);
#224=LINE('',#4536,#546);
#225=LINE('',#4540,#547);
#226=LINE('',#4546,#548);
#227=LINE('',#4548,#549);
#228=LINE('',#4550,#550);
#229=LINE('',#4604,#551);
#230=LINE('',#4622,#552);
#231=LINE('',#4650,#553);
#232=LINE('',#4656,#554);
#233=LINE('',#4658,#555);
#234=LINE('',#4660,#556);
#235=LINE('',#4662,#557);
#236=LINE('',#4664,#558);
#237=LINE('',#4666,#559);
#238=LINE('',#4667,#560);
#239=LINE('',#4670,#561);
#240=LINE('',#4672,#562);
#241=LINE('',#4674,#563);
#242=LINE('',#4676,#564);
#243=LINE('',#4678,#565);
#244=LINE('',#4680,#566);
#245=LINE('',#4682,#567);
#246=LINE('',#4684,#568);
#247=LINE('',#4686,#569);
#248=LINE('',#4688,#570);
#249=LINE('',#4690,#571);
#250=LINE('',#4692,#572);
#251=LINE('',#4695,#573);
#252=LINE('',#4697,#574);
#253=LINE('',#4699,#575);
#254=LINE('',#4700,#576);
#255=LINE('',#4702,#577);
#256=LINE('',#4704,#578);
#257=LINE('',#4706,#579);
#258=LINE('',#4709,#580);
#259=LINE('',#4711,#581);
#260=LINE('',#4713,#582);
#261=LINE('',#4715,#583);
#262=LINE('',#4718,#584);
#263=LINE('',#4720,#585);
#264=LINE('',#4722,#586);
#265=LINE('',#4724,#587);
#266=LINE('',#4727,#588);
#267=LINE('',#4729,#589);
#268=LINE('',#4731,#590);
#269=LINE('',#4733,#591);
#270=LINE('',#4735,#592);
#271=LINE('',#4737,#593);
#272=LINE('',#4739,#594);
#273=LINE('',#4741,#595);
#274=LINE('',#4743,#596);
#275=LINE('',#4745,#597);
#276=LINE('',#4747,#598);
#277=LINE('',#4749,#599);
#278=LINE('',#4771,#600);
#279=LINE('',#4774,#601);
#280=LINE('',#4776,#602);
#281=LINE('',#4778,#603);
#282=LINE('',#4784,#604);
#283=LINE('',#4785,#605);
#284=LINE('',#4792,#606);
#285=LINE('',#4794,#607);
#286=LINE('',#4801,#608);
#287=LINE('',#4803,#609);
#288=LINE('',#4805,#610);
#289=LINE('',#4807,#611);
#290=LINE('',#4809,#612);
#291=LINE('',#4811,#613);
#292=LINE('',#4813,#614);
#293=LINE('',#4815,#615);
#294=LINE('',#4817,#616);
#295=LINE('',#4819,#617);
#296=LINE('',#4821,#618);
#297=LINE('',#4823,#619);
#298=LINE('',#4825,#620);
#299=LINE('',#4827,#621);
#300=LINE('',#4829,#622);
#301=LINE('',#4831,#623);
#302=LINE('',#4833,#624);
#303=LINE('',#4835,#625);
#304=LINE('',#4837,#626);
#305=LINE('',#4839,#627);
#306=LINE('',#4841,#628);
#307=LINE('',#4843,#629);
#308=LINE('',#4845,#630);
#309=LINE('',#4847,#631);
#310=LINE('',#4849,#632);
#311=LINE('',#4851,#633);
#312=LINE('',#4853,#634);
#313=LINE('',#4855,#635);
#314=LINE('',#4857,#636);
#315=LINE('',#4859,#637);
#316=LINE('',#4862,#638);
#317=LINE('',#4864,#639);
#318=LINE('',#4866,#640);
#319=LINE('',#4868,#641);
#320=LINE('',#4870,#642);
#321=LINE('',#4872,#643);
#322=LINE('',#4874,#644);
#323=LINE('',#4876,#645);
#324=LINE('',#4878,#646);
#325=LINE('',#4880,#647);
#326=LINE('',#4882,#648);
#327=LINE('',#4884,#649);
#328=LINE('',#4886,#650);
#329=LINE('',#4895,#651);
#330=LINE('',#4901,#652);
#331=LINE('',#4903,#653);
#332=LINE('',#4905,#654);
#333=LINE('',#4907,#655);
#334=LINE('',#4909,#656);
#335=LINE('',#4912,#657);
#336=LINE('',#4914,#658);
#337=LINE('',#4916,#659);
#338=LINE('',#4918,#660);
#339=LINE('',#4920,#661);
#340=LINE('',#4922,#662);
#341=LINE('',#4924,#663);
#342=LINE('',#4933,#664);
#343=LINE('',#4946,#665);
#344=LINE('',#4959,#666);
#345=LINE('',#4965,#667);
#346=LINE('',#4967,#668);
#347=LINE('',#4976,#669);
#348=LINE('',#4989,#670);
#349=LINE('',#4995,#671);
#350=LINE('',#4997,#672);
#351=LINE('',#4999,#673);
#352=LINE('',#5001,#674);
#353=LINE('',#5010,#675);
#354=LINE('',#5023,#676);
#355=LINE('',#5036,#677);
#356=LINE('',#5049,#678);
#357=LINE('',#5062,#679);
#358=LINE('',#5075,#680);
#359=LINE('',#5081,#681);
#360=LINE('',#5091,#682);
#361=LINE('',#5097,#683);
#362=LINE('',#5106,#684);
#363=LINE('',#5119,#685);
#364=LINE('',#5132,#686);
#365=LINE('',#5145,#687);
#366=LINE('',#5158,#688);
#367=LINE('',#5171,#689);
#368=LINE('',#5177,#690);
#369=LINE('',#5179,#691);
#370=LINE('',#5181,#692);
#371=LINE('',#5183,#693);
#372=LINE('',#5185,#694);
#373=LINE('',#5187,#695);
#374=LINE('',#5189,#696);
#375=LINE('',#5191,#697);
#376=LINE('',#5193,#698);
#377=LINE('',#5195,#699);
#378=LINE('',#5197,#700);
#379=LINE('',#5199,#701);
#380=LINE('',#5208,#702);
#381=LINE('',#5214,#703);
#382=LINE('',#5217,#704);
#383=LINE('',#5219,#705);
#384=LINE('',#5221,#706);
#385=LINE('',#5223,#707);
#386=LINE('',#5225,#708);
#387=LINE('',#5227,#709);
#388=LINE('',#5229,#710);
#389=LINE('',#5238,#711);
#390=LINE('',#5251,#712);
#391=LINE('',#5264,#713);
#392=LINE('',#5270,#714);
#393=LINE('',#5272,#715);
#394=LINE('',#5281,#716);
#395=LINE('',#5294,#717);
#396=LINE('',#5300,#718);
#397=LINE('',#5302,#719);
#398=LINE('',#5304,#720);
#399=LINE('',#5306,#721);
#400=LINE('',#5315,#722);
#401=LINE('',#5328,#723);
#402=LINE('',#5341,#724);
#403=LINE('',#5354,#725);
#404=LINE('',#5367,#726);
#405=LINE('',#5380,#727);
#406=LINE('',#5386,#728);
#407=LINE('',#5389,#729);
#408=LINE('',#5391,#730);
#409=LINE('',#5393,#731);
#410=LINE('',#5395,#732);
#411=LINE('',#5397,#733);
#412=LINE('',#5399,#734);
#413=LINE('',#5401,#735);
#414=LINE('',#5403,#736);
#415=LINE('',#5405,#737);
#416=LINE('',#5407,#738);
#417=LINE('',#5409,#739);
#418=LINE('',#5418,#740);
#419=LINE('',#5424,#741);
#420=LINE('',#5426,#742);
#421=LINE('',#5428,#743);
#422=LINE('',#5432,#744);
#423=LINE('',#5434,#745);
#424=LINE('',#5436,#746);
#425=LINE('',#5446,#747);
#426=LINE('',#5452,#748);
#427=LINE('',#5461,#749);
#428=LINE('',#5474,#750);
#429=LINE('',#5487,#751);
#430=LINE('',#5500,#752);
#431=LINE('',#5513,#753);
#432=LINE('',#5526,#754);
#433=LINE('',#5551,#755);
#434=LINE('',#5557,#756);
#435=LINE('',#5566,#757);
#436=LINE('',#5572,#758);
#437=LINE('',#5576,#759);
#438=LINE('',#5578,#760);
#439=LINE('',#5580,#761);
#440=LINE('',#5584,#762);
#441=LINE('',#5595,#763);
#442=LINE('',#5608,#764);
#443=LINE('',#5614,#765);
#444=LINE('',#5618,#766);
#445=LINE('',#5622,#767);
#446=LINE('',#5624,#768);
#447=LINE('',#5633,#769);
#448=LINE('',#5646,#770);
#449=LINE('',#5671,#771);
#450=LINE('',#5677,#772);
#451=LINE('',#5686,#773);
#452=LINE('',#5692,#774);
#453=LINE('',#5694,#775);
#454=LINE('',#5696,#776);
#455=LINE('',#5698,#777);
#456=LINE('',#5700,#778);
#457=LINE('',#5702,#779);
#458=LINE('',#5704,#780);
#459=LINE('',#5706,#781);
#460=LINE('',#5708,#782);
#461=LINE('',#5710,#783);
#462=LINE('',#5712,#784);
#463=LINE('',#5714,#785);
#464=LINE('',#5723,#786);
#465=LINE('',#5729,#787);
#466=LINE('',#5731,#788);
#467=LINE('',#5740,#789);
#468=LINE('',#5753,#790);
#469=LINE('',#5766,#791);
#470=LINE('',#5784,#792);
#471=LINE('',#5786,#793);
#472=LINE('',#5788,#794);
#473=LINE('',#5790,#795);
#474=LINE('',#5792,#796);
#475=LINE('',#5794,#797);
#476=LINE('',#5796,#798);
#477=LINE('',#5798,#799);
#478=LINE('',#5800,#800);
#479=LINE('',#5802,#801);
#480=LINE('',#5804,#802);
#481=LINE('',#5806,#803);
#482=LINE('',#5808,#804);
#483=LINE('',#5810,#805);
#484=LINE('',#5812,#806);
#485=LINE('',#5814,#807);
#486=LINE('',#5816,#808);
#487=LINE('',#5818,#809);
#488=LINE('',#5820,#810);
#489=LINE('',#5822,#811);
#490=LINE('',#5824,#812);
#491=LINE('',#5826,#813);
#492=LINE('',#5828,#814);
#493=LINE('',#5830,#815);
#494=VECTOR('',#3643,1.);
#495=VECTOR('',#3644,1.);
#496=VECTOR('',#3645,1.);
#497=VECTOR('',#3646,1.);
#498=VECTOR('',#3647,1.);
#499=VECTOR('',#3648,1.);
#500=VECTOR('',#3649,1.);
#501=VECTOR('',#3650,1.);
#502=VECTOR('',#3651,1.);
#503=VECTOR('',#3652,1.);
#504=VECTOR('',#3653,1.);
#505=VECTOR('',#3654,1.);
#506=VECTOR('',#3655,1.);
#507=VECTOR('',#3656,1.);
#508=VECTOR('',#3657,1.);
#509=VECTOR('',#3658,1.);
#510=VECTOR('',#3659,1.);
#511=VECTOR('',#3660,1.);
#512=VECTOR('',#3661,1.);
#513=VECTOR('',#3662,1.);
#514=VECTOR('',#3663,1.);
#515=VECTOR('',#3664,1.);
#516=VECTOR('',#3665,1.);
#517=VECTOR('',#3666,1.);
#518=VECTOR('',#3667,1.);
#519=VECTOR('',#3668,1.);
#520=VECTOR('',#3669,1.);
#521=VECTOR('',#3670,1.);
#522=VECTOR('',#3671,1.);
#523=VECTOR('',#3672,1.);
#524=VECTOR('',#3673,1.);
#525=VECTOR('',#3674,1.);
#526=VECTOR('',#3675,1.);
#527=VECTOR('',#3676,1.);
#528=VECTOR('',#3677,1.);
#529=VECTOR('',#3678,1.);
#530=VECTOR('',#3679,1.);
#531=VECTOR('',#3680,1.);
#532=VECTOR('',#3681,1.);
#533=VECTOR('',#3682,1.);
#534=VECTOR('',#3683,1.);
#535=VECTOR('',#3684,1.);
#536=VECTOR('',#3685,1.);
#537=VECTOR('',#3686,1.);
#538=VECTOR('',#3687,1.);
#539=VECTOR('',#3688,1.);
#540=VECTOR('',#3689,1.);
#541=VECTOR('',#3690,1.);
#542=VECTOR('',#3691,1.);
#543=VECTOR('',#3692,1.);
#544=VECTOR('',#3693,1.);
#545=VECTOR('',#3694,1.);
#546=VECTOR('',#3695,1.);
#547=VECTOR('',#3698,1.);
#548=VECTOR('',#3699,1.);
#549=VECTOR('',#3700,1.);
#550=VECTOR('',#3701,1.);
#551=VECTOR('',#3702,1.);
#552=VECTOR('',#3711,1.);
#553=VECTOR('',#3714,1.);
#554=VECTOR('',#3715,1.);
#555=VECTOR('',#3716,1.);
#556=VECTOR('',#3717,1.);
#557=VECTOR('',#3718,1.);
#558=VECTOR('',#3719,1.);
#559=VECTOR('',#3720,1.);
#560=VECTOR('',#3721,1.);
#561=VECTOR('',#3722,1.);
#562=VECTOR('',#3723,1.);
#563=VECTOR('',#3724,1.);
#564=VECTOR('',#3725,1.);
#565=VECTOR('',#3726,1.);
#566=VECTOR('',#3727,1.);
#567=VECTOR('',#3728,1.);
#568=VECTOR('',#3729,1.);
#569=VECTOR('',#3730,1.);
#570=VECTOR('',#3731,1.);
#571=VECTOR('',#3732,1.);
#572=VECTOR('',#3735,1.);
#573=VECTOR('',#3736,1.);
#574=VECTOR('',#3737,1.);
#575=VECTOR('',#3738,1.);
#576=VECTOR('',#3739,1.);
#577=VECTOR('',#3740,1.);
#578=VECTOR('',#3741,1.);
#579=VECTOR('',#3744,1.);
#580=VECTOR('',#3745,1.);
#581=VECTOR('',#3746,1.);
#582=VECTOR('',#3747,1.);
#583=VECTOR('',#3750,1.);
#584=VECTOR('',#3751,1.);
#585=VECTOR('',#3752,1.);
#586=VECTOR('',#3753,1.);
#587=VECTOR('',#3756,1.);
#588=VECTOR('',#3757,1.);
#589=VECTOR('',#3758,1.);
#590=VECTOR('',#3759,1.);
#591=VECTOR('',#3760,1.);
#592=VECTOR('',#3761,1.);
#593=VECTOR('',#3762,1.);
#594=VECTOR('',#3763,1.);
#595=VECTOR('',#3766,1.);
#596=VECTOR('',#3767,1.);
#597=VECTOR('',#3770,1.);
#598=VECTOR('',#3771,1.);
#599=VECTOR('',#3774,1.);
#600=VECTOR('',#3801,1.);
#601=VECTOR('',#3802,1.);
#602=VECTOR('',#3803,1.);
#603=VECTOR('',#3804,1.);
#604=VECTOR('',#3815,1.);
#605=VECTOR('',#3816,1.);
#606=VECTOR('',#3829,1.);
#607=VECTOR('',#3832,1.);
#608=VECTOR('',#3845,1.);
#609=VECTOR('',#3846,1.);
#610=VECTOR('',#3847,1.);
#611=VECTOR('',#3850,1.);
#612=VECTOR('',#3851,1.);
#613=VECTOR('',#3854,1.);
#614=VECTOR('',#3855,1.);
#615=VECTOR('',#3858,1.);
#616=VECTOR('',#3859,1.);
#617=VECTOR('',#3862,1.);
#618=VECTOR('',#3863,1.);
#619=VECTOR('',#3866,1.);
#620=VECTOR('',#3867,1.);
#621=VECTOR('',#3870,1.);
#622=VECTOR('',#3871,1.);
#623=VECTOR('',#3874,1.);
#624=VECTOR('',#3875,1.);
#625=VECTOR('',#3878,1.);
#626=VECTOR('',#3879,1.);
#627=VECTOR('',#3882,1.);
#628=VECTOR('',#3883,1.);
#629=VECTOR('',#3886,1.);
#630=VECTOR('',#3887,1.);
#631=VECTOR('',#3890,1.);
#632=VECTOR('',#3891,1.);
#633=VECTOR('',#3894,1.);
#634=VECTOR('',#3895,1.);
#635=VECTOR('',#3898,1.);
#636=VECTOR('',#3899,1.);
#637=VECTOR('',#3902,1.);
#638=VECTOR('',#3907,1.);
#639=VECTOR('',#3908,1.);
#640=VECTOR('',#3909,1.);
#641=VECTOR('',#3912,1.);
#642=VECTOR('',#3913,1.);
#643=VECTOR('',#3916,1.);
#644=VECTOR('',#3917,1.);
#645=VECTOR('',#3920,1.);
#646=VECTOR('',#3921,1.);
#647=VECTOR('',#3924,1.);
#648=VECTOR('',#3925,1.);
#649=VECTOR('',#3928,1.);
#650=VECTOR('',#3929,1.);
#651=VECTOR('',#3930,1.);
#652=VECTOR('',#3933,1.);
#653=VECTOR('',#3934,1.);
#654=VECTOR('',#3937,1.);
#655=VECTOR('',#3938,1.);
#656=VECTOR('',#3941,1.);
#657=VECTOR('',#3946,1.);
#658=VECTOR('',#3947,1.);
#659=VECTOR('',#3948,1.);
#660=VECTOR('',#3951,1.);
#661=VECTOR('',#3952,1.);
#662=VECTOR('',#3955,1.);
#663=VECTOR('',#3956,1.);
#664=VECTOR('',#3957,1.);
#665=VECTOR('',#3958,1.);
#666=VECTOR('',#3959,1.);
#667=VECTOR('',#3962,1.);
#668=VECTOR('',#3963,1.);
#669=VECTOR('',#3964,1.);
#670=VECTOR('',#3965,1.);
#671=VECTOR('',#3968,1.);
#672=VECTOR('',#3969,1.);
#673=VECTOR('',#3972,1.);
#674=VECTOR('',#3973,1.);
#675=VECTOR('',#3974,1.);
#676=VECTOR('',#3975,1.);
#677=VECTOR('',#3976,1.);
#678=VECTOR('',#3977,1.);
#679=VECTOR('',#3978,1.);
#680=VECTOR('',#3979,1.);
#681=VECTOR('',#3982,1.);
#682=VECTOR('',#3985,1.);
#683=VECTOR('',#3986,1.);
#684=VECTOR('',#3987,1.);
#685=VECTOR('',#3988,1.);
#686=VECTOR('',#3989,1.);
#687=VECTOR('',#3990,1.);
#688=VECTOR('',#3991,1.);
#689=VECTOR('',#3992,1.);
#690=VECTOR('',#3995,1.);
#691=VECTOR('',#3996,1.);
#692=VECTOR('',#3999,1.);
#693=VECTOR('',#4000,1.);
#694=VECTOR('',#4003,1.);
#695=VECTOR('',#4004,1.);
#696=VECTOR('',#4007,1.);
#697=VECTOR('',#4008,1.);
#698=VECTOR('',#4011,1.);
#699=VECTOR('',#4012,1.);
#700=VECTOR('',#4015,1.);
#701=VECTOR('',#4016,1.);
#702=VECTOR('',#4017,1.);
#703=VECTOR('',#4020,1.);
#704=VECTOR('',#4025,1.);
#705=VECTOR('',#4026,1.);
#706=VECTOR('',#4027,1.);
#707=VECTOR('',#4030,1.);
#708=VECTOR('',#4031,1.);
#709=VECTOR('',#4034,1.);
#710=VECTOR('',#4035,1.);
#711=VECTOR('',#4036,1.);
#712=VECTOR('',#4037,1.);
#713=VECTOR('',#4038,1.);
#714=VECTOR('',#4041,1.);
#715=VECTOR('',#4042,1.);
#716=VECTOR('',#4043,1.);
#717=VECTOR('',#4044,1.);
#718=VECTOR('',#4047,1.);
#719=VECTOR('',#4048,1.);
#720=VECTOR('',#4051,1.);
#721=VECTOR('',#4052,1.);
#722=VECTOR('',#4053,1.);
#723=VECTOR('',#4054,1.);
#724=VECTOR('',#4055,1.);
#725=VECTOR('',#4056,1.);
#726=VECTOR('',#4057,1.);
#727=VECTOR('',#4058,1.);
#728=VECTOR('',#4061,1.);
#729=VECTOR('',#4066,1.);
#730=VECTOR('',#4067,1.);
#731=VECTOR('',#4068,1.);
#732=VECTOR('',#4071,1.);
#733=VECTOR('',#4072,1.);
#734=VECTOR('',#4075,1.);
#735=VECTOR('',#4076,1.);
#736=VECTOR('',#4079,1.);
#737=VECTOR('',#4080,1.);
#738=VECTOR('',#4083,1.);
#739=VECTOR('',#4084,1.);
#740=VECTOR('',#4085,1.);
#741=VECTOR('',#4088,1.);
#742=VECTOR('',#4089,1.);
#743=VECTOR('',#4092,1.);
#744=VECTOR('',#4097,1.);
#745=VECTOR('',#4098,1.);
#746=VECTOR('',#4101,1.);
#747=VECTOR('',#4104,1.);
#748=VECTOR('',#4105,1.);
#749=VECTOR('',#4106,1.);
#750=VECTOR('',#4107,1.);
#751=VECTOR('',#4108,1.);
#752=VECTOR('',#4109,1.);
#753=VECTOR('',#4110,1.);
#754=VECTOR('',#4111,1.);
#755=VECTOR('',#4114,1.);
#756=VECTOR('',#4115,1.);
#757=VECTOR('',#4116,1.);
#758=VECTOR('',#4119,1.);
#759=VECTOR('',#4124,1.);
#760=VECTOR('',#4125,1.);
#761=VECTOR('',#4128,1.);
#762=VECTOR('',#4133,1.);
#763=VECTOR('',#4136,1.);
#764=VECTOR('',#4137,1.);
#765=VECTOR('',#4140,1.);
#766=VECTOR('',#4145,1.);
#767=VECTOR('',#4150,1.);
#768=VECTOR('',#4151,1.);
#769=VECTOR('',#4152,1.);
#770=VECTOR('',#4153,1.);
#771=VECTOR('',#4156,1.);
#772=VECTOR('',#4157,1.);
#773=VECTOR('',#4158,1.);
#774=VECTOR('',#4161,1.);
#775=VECTOR('',#4162,1.);
#776=VECTOR('',#4165,1.);
#777=VECTOR('',#4166,1.);
#778=VECTOR('',#4169,1.);
#779=VECTOR('',#4170,1.);
#780=VECTOR('',#4173,1.);
#781=VECTOR('',#4174,1.);
#782=VECTOR('',#4177,1.);
#783=VECTOR('',#4178,1.);
#784=VECTOR('',#4181,1.);
#785=VECTOR('',#4182,1.);
#786=VECTOR('',#4183,1.);
#787=VECTOR('',#4186,1.);
#788=VECTOR('',#4187,1.);
#789=VECTOR('',#4188,1.);
#790=VECTOR('',#4189,1.);
#791=VECTOR('',#4190,1.);
#792=VECTOR('',#4195,1.);
#793=VECTOR('',#4196,1.);
#794=VECTOR('',#4197,1.);
#795=VECTOR('',#4200,1.);
#796=VECTOR('',#4201,1.);
#797=VECTOR('',#4204,1.);
#798=VECTOR('',#4205,1.);
#799=VECTOR('',#4208,1.);
#800=VECTOR('',#4209,1.);
#801=VECTOR('',#4212,1.);
#802=VECTOR('',#4213,1.);
#803=VECTOR('',#4216,1.);
#804=VECTOR('',#4217,1.);
#805=VECTOR('',#4220,1.);
#806=VECTOR('',#4221,1.);
#807=VECTOR('',#4224,1.);
#808=VECTOR('',#4225,1.);
#809=VECTOR('',#4228,1.);
#810=VECTOR('',#4229,1.);
#811=VECTOR('',#4232,1.);
#812=VECTOR('',#4233,1.);
#813=VECTOR('',#4236,1.);
#814=VECTOR('',#4237,1.);
#815=VECTOR('',#4240,1.);
#816=SHAPE_REPRESENTATION_RELATIONSHIP('','',#3421,#821);
#817=SHAPE_REPRESENTATION_RELATIONSHIP('','',#3422,#822);
#818=SHAPE_REPRESENTATION_RELATIONSHIP('','',#3423,#823);
#819=SHAPE_REPRESENTATION_RELATIONSHIP('','',#3424,#824);
#820=SHAPE_REPRESENTATION_RELATIONSHIP('','',#3425,#825);
#821=ADVANCED_BREP_SHAPE_REPRESENTATION('',(#3411),#5863);
#822=ADVANCED_BREP_SHAPE_REPRESENTATION('',(#3412),#5864);
#823=ADVANCED_BREP_SHAPE_REPRESENTATION('',(#3413),#5865);
#824=ADVANCED_BREP_SHAPE_REPRESENTATION('',(#3414),#5866);
#825=ADVANCED_BREP_SHAPE_REPRESENTATION('',(#3415),#5867);
#826=PLANE('',#3433);
#827=PLANE('',#3434);
#828=PLANE('',#3442);
#829=PLANE('',#3443);
#830=PLANE('',#3445);
#831=PLANE('',#3452);
#832=PLANE('',#3453);
#833=PLANE('',#3454);
#834=PLANE('',#3455);
#835=PLANE('',#3456);
#836=PLANE('',#3457);
#837=PLANE('',#3458);
#838=PLANE('',#3471);
#839=PLANE('',#3472);
#840=PLANE('',#3477);
#841=PLANE('',#3482);
#842=PLANE('',#3483);
#843=PLANE('',#3484);
#844=PLANE('',#3489);
#845=PLANE('',#3490);
#846=PLANE('',#3491);
#847=PLANE('',#3492);
#848=PLANE('',#3493);
#849=PLANE('',#3494);
#850=PLANE('',#3495);
#851=PLANE('',#3496);
#852=PLANE('',#3497);
#853=PLANE('',#3498);
#854=PLANE('',#3499);
#855=PLANE('',#3500);
#856=PLANE('',#3501);
#857=PLANE('',#3502);
#858=PLANE('',#3503);
#859=PLANE('',#3504);
#860=PLANE('',#3505);
#861=PLANE('',#3506);
#862=PLANE('',#3507);
#863=PLANE('',#3508);
#864=PLANE('',#3509);
#865=PLANE('',#3510);
#866=PLANE('',#3511);
#867=PLANE('',#3512);
#868=PLANE('',#3513);
#869=PLANE('',#3514);
#870=PLANE('',#3515);
#871=PLANE('',#3516);
#872=PLANE('',#3517);
#873=PLANE('',#3518);
#874=PLANE('',#3519);
#875=PLANE('',#3520);
#876=PLANE('',#3521);
#877=PLANE('',#3522);
#878=PLANE('',#3523);
#879=PLANE('',#3524);
#880=PLANE('',#3525);
#881=PLANE('',#3526);
#882=PLANE('',#3527);
#883=PLANE('',#3528);
#884=PLANE('',#3529);
#885=PLANE('',#3530);
#886=PLANE('',#3531);
#887=PLANE('',#3532);
#888=PLANE('',#3533);
#889=PLANE('',#3534);
#890=PLANE('',#3535);
#891=PLANE('',#3536);
#892=PLANE('',#3537);
#893=PLANE('',#3538);
#894=PLANE('',#3539);
#895=PLANE('',#3540);
#896=PLANE('',#3541);
#897=PLANE('',#3542);
#898=PLANE('',#3543);
#899=PLANE('',#3544);
#900=PLANE('',#3547);
#901=PLANE('',#3548);
#902=PLANE('',#3549);
#903=PLANE('',#3550);
#904=PLANE('',#3553);
#905=PLANE('',#3562);
#906=PLANE('',#3563);
#907=PLANE('',#3564);
#908=PLANE('',#3565);
#909=PLANE('',#3566);
#910=PLANE('',#3567);
#911=PLANE('',#3568);
#912=PLANE('',#3569);
#913=PLANE('',#3570);
#914=PLANE('',#3571);
#915=PLANE('',#3572);
#916=PLANE('',#3573);
#917=PLANE('',#3574);
#918=PLANE('',#3575);
#919=PLANE('',#3576);
#920=PLANE('',#3577);
#921=PLANE('',#3578);
#922=PLANE('',#3579);
#923=PLANE('',#3580);
#924=PLANE('',#3581);
#925=PLANE('',#3582);
#926=PLANE('',#3583);
#927=PLANE('',#3584);
#928=PLANE('',#3592);
#929=PLANE('',#3593);
#930=PLANE('',#3601);
#931=PLANE('',#3602);
#932=ORIENTED_EDGE('',*,*,#1880,.T.);
#933=ORIENTED_EDGE('',*,*,#1881,.F.);
#934=ORIENTED_EDGE('',*,*,#1882,.F.);
#935=ORIENTED_EDGE('',*,*,#1883,.T.);
#936=ORIENTED_EDGE('',*,*,#1880,.F.);
#937=ORIENTED_EDGE('',*,*,#1882,.T.);
#938=ORIENTED_EDGE('',*,*,#1881,.T.);
#939=ORIENTED_EDGE('',*,*,#1883,.F.);
#940=ORIENTED_EDGE('',*,*,#1884,.T.);
#941=ORIENTED_EDGE('',*,*,#1885,.F.);
#942=ORIENTED_EDGE('',*,*,#1886,.F.);
#943=ORIENTED_EDGE('',*,*,#1887,.T.);
#944=ORIENTED_EDGE('',*,*,#1884,.F.);
#945=ORIENTED_EDGE('',*,*,#1886,.T.);
#946=ORIENTED_EDGE('',*,*,#1885,.T.);
#947=ORIENTED_EDGE('',*,*,#1887,.F.);
#948=ORIENTED_EDGE('',*,*,#1888,.F.);
#949=ORIENTED_EDGE('',*,*,#1889,.T.);
#950=ORIENTED_EDGE('',*,*,#1890,.T.);
#951=ORIENTED_EDGE('',*,*,#1891,.F.);
#952=ORIENTED_EDGE('',*,*,#1892,.T.);
#953=ORIENTED_EDGE('',*,*,#1893,.T.);
#954=ORIENTED_EDGE('',*,*,#1894,.T.);
#955=ORIENTED_EDGE('',*,*,#1895,.T.);
#956=ORIENTED_EDGE('',*,*,#1896,.T.);
#957=ORIENTED_EDGE('',*,*,#1897,.T.);
#958=ORIENTED_EDGE('',*,*,#1898,.T.);
#959=ORIENTED_EDGE('',*,*,#1899,.T.);
#960=ORIENTED_EDGE('',*,*,#1900,.T.);
#961=ORIENTED_EDGE('',*,*,#1901,.T.);
#962=ORIENTED_EDGE('',*,*,#1902,.T.);
#963=ORIENTED_EDGE('',*,*,#1903,.T.);
#964=ORIENTED_EDGE('',*,*,#1904,.T.);
#965=ORIENTED_EDGE('',*,*,#1905,.T.);
#966=ORIENTED_EDGE('',*,*,#1906,.T.);
#967=ORIENTED_EDGE('',*,*,#1907,.T.);
#968=ORIENTED_EDGE('',*,*,#1908,.T.);
#969=ORIENTED_EDGE('',*,*,#1909,.T.);
#970=ORIENTED_EDGE('',*,*,#1910,.T.);
#971=ORIENTED_EDGE('',*,*,#1911,.T.);
#972=ORIENTED_EDGE('',*,*,#1912,.T.);
#973=ORIENTED_EDGE('',*,*,#1913,.T.);
#974=ORIENTED_EDGE('',*,*,#1914,.T.);
#975=ORIENTED_EDGE('',*,*,#1915,.T.);
#976=ORIENTED_EDGE('',*,*,#1916,.T.);
#977=ORIENTED_EDGE('',*,*,#1917,.T.);
#978=ORIENTED_EDGE('',*,*,#1918,.T.);
#979=ORIENTED_EDGE('',*,*,#1919,.T.);
#980=ORIENTED_EDGE('',*,*,#1920,.T.);
#981=ORIENTED_EDGE('',*,*,#1921,.T.);
#982=ORIENTED_EDGE('',*,*,#1922,.T.);
#983=ORIENTED_EDGE('',*,*,#1923,.T.);
#984=ORIENTED_EDGE('',*,*,#1924,.T.);
#985=ORIENTED_EDGE('',*,*,#1925,.T.);
#986=ORIENTED_EDGE('',*,*,#1926,.T.);
#987=ORIENTED_EDGE('',*,*,#1927,.T.);
#988=ORIENTED_EDGE('',*,*,#1928,.T.);
#989=ORIENTED_EDGE('',*,*,#1929,.T.);
#990=ORIENTED_EDGE('',*,*,#1930,.T.);
#991=ORIENTED_EDGE('',*,*,#1931,.T.);
#992=ORIENTED_EDGE('',*,*,#1932,.T.);
#993=ORIENTED_EDGE('',*,*,#1933,.T.);
#994=ORIENTED_EDGE('',*,*,#1934,.T.);
#995=ORIENTED_EDGE('',*,*,#1935,.T.);
#996=ORIENTED_EDGE('',*,*,#1936,.T.);
#997=ORIENTED_EDGE('',*,*,#1937,.T.);
#998=ORIENTED_EDGE('',*,*,#1938,.T.);
#999=ORIENTED_EDGE('',*,*,#1939,.T.);
#1000=ORIENTED_EDGE('',*,*,#1940,.T.);
#1001=ORIENTED_EDGE('',*,*,#1941,.T.);
#1002=ORIENTED_EDGE('',*,*,#1942,.T.);
#1003=ORIENTED_EDGE('',*,*,#1943,.T.);
#1004=ORIENTED_EDGE('',*,*,#1944,.T.);
#1005=ORIENTED_EDGE('',*,*,#1945,.T.);
#1006=ORIENTED_EDGE('',*,*,#1946,.T.);
#1007=ORIENTED_EDGE('',*,*,#1947,.T.);
#1008=ORIENTED_EDGE('',*,*,#1948,.T.);
#1009=ORIENTED_EDGE('',*,*,#1949,.T.);
#1010=ORIENTED_EDGE('',*,*,#1950,.T.);
#1011=ORIENTED_EDGE('',*,*,#1951,.T.);
#1012=ORIENTED_EDGE('',*,*,#1952,.T.);
#1013=ORIENTED_EDGE('',*,*,#1953,.T.);
#1014=ORIENTED_EDGE('',*,*,#1954,.T.);
#1015=ORIENTED_EDGE('',*,*,#1955,.T.);
#1016=ORIENTED_EDGE('',*,*,#1956,.T.);
#1017=ORIENTED_EDGE('',*,*,#1957,.T.);
#1018=ORIENTED_EDGE('',*,*,#1958,.T.);
#1019=ORIENTED_EDGE('',*,*,#1959,.T.);
#1020=ORIENTED_EDGE('',*,*,#1960,.T.);
#1021=ORIENTED_EDGE('',*,*,#1961,.T.);
#1022=ORIENTED_EDGE('',*,*,#1962,.T.);
#1023=ORIENTED_EDGE('',*,*,#1963,.T.);
#1024=ORIENTED_EDGE('',*,*,#1964,.T.);
#1025=ORIENTED_EDGE('',*,*,#1965,.T.);
#1026=ORIENTED_EDGE('',*,*,#1966,.T.);
#1027=ORIENTED_EDGE('',*,*,#1967,.T.);
#1028=ORIENTED_EDGE('',*,*,#1968,.T.);
#1029=ORIENTED_EDGE('',*,*,#1969,.T.);
#1030=ORIENTED_EDGE('',*,*,#1970,.T.);
#1031=ORIENTED_EDGE('',*,*,#1971,.T.);
#1032=ORIENTED_EDGE('',*,*,#1972,.T.);
#1033=ORIENTED_EDGE('',*,*,#1973,.T.);
#1034=ORIENTED_EDGE('',*,*,#1974,.T.);
#1035=ORIENTED_EDGE('',*,*,#1975,.T.);
#1036=ORIENTED_EDGE('',*,*,#1976,.T.);
#1037=ORIENTED_EDGE('',*,*,#1977,.T.);
#1038=ORIENTED_EDGE('',*,*,#1978,.T.);
#1039=ORIENTED_EDGE('',*,*,#1979,.T.);
#1040=ORIENTED_EDGE('',*,*,#1980,.T.);
#1041=ORIENTED_EDGE('',*,*,#1981,.T.);
#1042=ORIENTED_EDGE('',*,*,#1982,.T.);
#1043=ORIENTED_EDGE('',*,*,#1983,.T.);
#1044=ORIENTED_EDGE('',*,*,#1984,.T.);
#1045=ORIENTED_EDGE('',*,*,#1985,.T.);
#1046=ORIENTED_EDGE('',*,*,#1986,.T.);
#1047=ORIENTED_EDGE('',*,*,#1987,.T.);
#1048=ORIENTED_EDGE('',*,*,#1988,.T.);
#1049=ORIENTED_EDGE('',*,*,#1989,.T.);
#1050=ORIENTED_EDGE('',*,*,#1990,.T.);
#1051=ORIENTED_EDGE('',*,*,#1991,.T.);
#1052=ORIENTED_EDGE('',*,*,#1992,.T.);
#1053=ORIENTED_EDGE('',*,*,#1993,.T.);
#1054=ORIENTED_EDGE('',*,*,#1994,.T.);
#1055=ORIENTED_EDGE('',*,*,#1995,.T.);
#1056=ORIENTED_EDGE('',*,*,#1996,.T.);
#1057=ORIENTED_EDGE('',*,*,#1997,.T.);
#1058=ORIENTED_EDGE('',*,*,#1998,.T.);
#1059=ORIENTED_EDGE('',*,*,#1999,.T.);
#1060=ORIENTED_EDGE('',*,*,#2000,.T.);
#1061=ORIENTED_EDGE('',*,*,#2001,.T.);
#1062=ORIENTED_EDGE('',*,*,#2002,.T.);
#1063=ORIENTED_EDGE('',*,*,#2003,.T.);
#1064=ORIENTED_EDGE('',*,*,#2004,.T.);
#1065=ORIENTED_EDGE('',*,*,#2005,.T.);
#1066=ORIENTED_EDGE('',*,*,#2006,.T.);
#1067=ORIENTED_EDGE('',*,*,#2007,.T.);
#1068=ORIENTED_EDGE('',*,*,#2008,.T.);
#1069=ORIENTED_EDGE('',*,*,#2009,.T.);
#1070=ORIENTED_EDGE('',*,*,#2010,.T.);
#1071=ORIENTED_EDGE('',*,*,#2011,.T.);
#1072=ORIENTED_EDGE('',*,*,#2012,.T.);
#1073=ORIENTED_EDGE('',*,*,#2013,.T.);
#1074=ORIENTED_EDGE('',*,*,#2014,.T.);
#1075=ORIENTED_EDGE('',*,*,#2015,.T.);
#1076=ORIENTED_EDGE('',*,*,#2016,.T.);
#1077=ORIENTED_EDGE('',*,*,#2017,.T.);
#1078=ORIENTED_EDGE('',*,*,#2018,.T.);
#1079=ORIENTED_EDGE('',*,*,#2019,.T.);
#1080=ORIENTED_EDGE('',*,*,#2020,.T.);
#1081=ORIENTED_EDGE('',*,*,#2021,.T.);
#1082=ORIENTED_EDGE('',*,*,#2022,.T.);
#1083=ORIENTED_EDGE('',*,*,#2023,.T.);
#1084=ORIENTED_EDGE('',*,*,#2024,.T.);
#1085=ORIENTED_EDGE('',*,*,#2025,.T.);
#1086=ORIENTED_EDGE('',*,*,#2026,.T.);
#1087=ORIENTED_EDGE('',*,*,#2027,.T.);
#1088=ORIENTED_EDGE('',*,*,#2028,.T.);
#1089=ORIENTED_EDGE('',*,*,#2029,.T.);
#1090=ORIENTED_EDGE('',*,*,#1890,.F.);
#1091=ORIENTED_EDGE('',*,*,#2030,.F.);
#1092=ORIENTED_EDGE('',*,*,#2031,.T.);
#1093=ORIENTED_EDGE('',*,*,#2032,.F.);
#1094=ORIENTED_EDGE('',*,*,#2033,.F.);
#1095=ORIENTED_EDGE('',*,*,#2034,.T.);
#1096=ORIENTED_EDGE('',*,*,#2035,.T.);
#1097=ORIENTED_EDGE('',*,*,#2036,.T.);
#1098=ORIENTED_EDGE('',*,*,#2037,.T.);
#1099=ORIENTED_EDGE('',*,*,#2038,.T.);
#1100=ORIENTED_EDGE('',*,*,#2039,.F.);
#1101=ORIENTED_EDGE('',*,*,#2040,.T.);
#1102=ORIENTED_EDGE('',*,*,#2041,.T.);
#1103=ORIENTED_EDGE('',*,*,#2042,.T.);
#1104=ORIENTED_EDGE('',*,*,#2043,.F.);
#1105=ORIENTED_EDGE('',*,*,#2044,.F.);
#1106=ORIENTED_EDGE('',*,*,#2045,.F.);
#1107=ORIENTED_EDGE('',*,*,#2046,.T.);
#1108=ORIENTED_EDGE('',*,*,#2047,.F.);
#1109=ORIENTED_EDGE('',*,*,#2048,.T.);
#1110=ORIENTED_EDGE('',*,*,#1889,.F.);
#1111=ORIENTED_EDGE('',*,*,#2049,.F.);
#1112=ORIENTED_EDGE('',*,*,#2050,.T.);
#1113=ORIENTED_EDGE('',*,*,#2030,.T.);
#1114=ORIENTED_EDGE('',*,*,#2049,.T.);
#1115=ORIENTED_EDGE('',*,*,#1888,.T.);
#1116=ORIENTED_EDGE('',*,*,#2051,.F.);
#1117=ORIENTED_EDGE('',*,*,#2052,.F.);
#1118=ORIENTED_EDGE('',*,*,#2051,.T.);
#1119=ORIENTED_EDGE('',*,*,#1891,.T.);
#1120=ORIENTED_EDGE('',*,*,#2029,.F.);
#1121=ORIENTED_EDGE('',*,*,#2053,.F.);
#1122=ORIENTED_EDGE('',*,*,#2054,.T.);
#1123=ORIENTED_EDGE('',*,*,#2055,.F.);
#1124=ORIENTED_EDGE('',*,*,#2056,.T.);
#1125=ORIENTED_EDGE('',*,*,#2057,.F.);
#1126=ORIENTED_EDGE('',*,*,#2058,.T.);
#1127=ORIENTED_EDGE('',*,*,#2059,.F.);
#1128=ORIENTED_EDGE('',*,*,#2060,.T.);
#1129=ORIENTED_EDGE('',*,*,#2061,.F.);
#1130=ORIENTED_EDGE('',*,*,#2062,.T.);
#1131=ORIENTED_EDGE('',*,*,#2063,.T.);
#1132=ORIENTED_EDGE('',*,*,#2064,.F.);
#1133=ORIENTED_EDGE('',*,*,#2065,.T.);
#1134=ORIENTED_EDGE('',*,*,#2043,.T.);
#1135=ORIENTED_EDGE('',*,*,#2066,.T.);
#1136=ORIENTED_EDGE('',*,*,#2062,.F.);
#1137=ORIENTED_EDGE('',*,*,#2067,.T.);
#1138=ORIENTED_EDGE('',*,*,#2035,.F.);
#1139=ORIENTED_EDGE('',*,*,#2068,.T.);
#1140=ORIENTED_EDGE('',*,*,#2039,.T.);
#1141=ORIENTED_EDGE('',*,*,#2069,.T.);
#1142=ORIENTED_EDGE('',*,*,#2047,.T.);
#1143=ORIENTED_EDGE('',*,*,#2070,.T.);
#1144=ORIENTED_EDGE('',*,*,#2031,.F.);
#1145=ORIENTED_EDGE('',*,*,#2050,.F.);
#1146=ORIENTED_EDGE('',*,*,#2052,.T.);
#1147=ORIENTED_EDGE('',*,*,#2053,.T.);
#1148=ORIENTED_EDGE('',*,*,#2028,.F.);
#1149=ORIENTED_EDGE('',*,*,#2071,.F.);
#1150=ORIENTED_EDGE('',*,*,#2060,.F.);
#1151=ORIENTED_EDGE('',*,*,#2058,.F.);
#1152=ORIENTED_EDGE('',*,*,#2056,.F.);
#1153=ORIENTED_EDGE('',*,*,#2054,.F.);
#1154=ORIENTED_EDGE('',*,*,#2061,.T.);
#1155=ORIENTED_EDGE('',*,*,#2059,.T.);
#1156=ORIENTED_EDGE('',*,*,#2057,.T.);
#1157=ORIENTED_EDGE('',*,*,#2055,.T.);
#1158=ORIENTED_EDGE('',*,*,#2064,.T.);
#1159=ORIENTED_EDGE('',*,*,#2072,.T.);
#1160=ORIENTED_EDGE('',*,*,#2041,.F.);
#1161=ORIENTED_EDGE('',*,*,#2073,.T.);
#1162=ORIENTED_EDGE('',*,*,#2037,.F.);
#1163=ORIENTED_EDGE('',*,*,#2074,.T.);
#1164=ORIENTED_EDGE('',*,*,#2033,.T.);
#1165=ORIENTED_EDGE('',*,*,#2075,.T.);
#1166=ORIENTED_EDGE('',*,*,#2071,.T.);
#1167=ORIENTED_EDGE('',*,*,#2027,.F.);
#1168=ORIENTED_EDGE('',*,*,#2076,.F.);
#1169=ORIENTED_EDGE('',*,*,#2044,.T.);
#1170=ORIENTED_EDGE('',*,*,#2070,.F.);
#1171=ORIENTED_EDGE('',*,*,#2046,.F.);
#1172=ORIENTED_EDGE('',*,*,#2077,.T.);
#1173=ORIENTED_EDGE('',*,*,#2032,.T.);
#1174=ORIENTED_EDGE('',*,*,#2045,.T.);
#1175=ORIENTED_EDGE('',*,*,#2076,.T.);
#1176=ORIENTED_EDGE('',*,*,#2026,.F.);
#1177=ORIENTED_EDGE('',*,*,#2077,.F.);
#1178=ORIENTED_EDGE('',*,*,#2066,.F.);
#1179=ORIENTED_EDGE('',*,*,#2042,.F.);
#1180=ORIENTED_EDGE('',*,*,#2072,.F.);
#1181=ORIENTED_EDGE('',*,*,#2063,.F.);
#1182=ORIENTED_EDGE('',*,*,#2069,.F.);
#1183=ORIENTED_EDGE('',*,*,#2038,.F.);
#1184=ORIENTED_EDGE('',*,*,#2073,.F.);
#1185=ORIENTED_EDGE('',*,*,#2048,.F.);
#1186=ORIENTED_EDGE('',*,*,#2068,.F.);
#1187=ORIENTED_EDGE('',*,*,#2034,.F.);
#1188=ORIENTED_EDGE('',*,*,#2074,.F.);
#1189=ORIENTED_EDGE('',*,*,#2040,.F.);
#1190=ORIENTED_EDGE('',*,*,#2067,.F.);
#1191=ORIENTED_EDGE('',*,*,#2065,.F.);
#1192=ORIENTED_EDGE('',*,*,#2075,.F.);
#1193=ORIENTED_EDGE('',*,*,#2036,.F.);
#1194=ORIENTED_EDGE('',*,*,#1893,.F.);
#1195=ORIENTED_EDGE('',*,*,#2078,.F.);
#1196=ORIENTED_EDGE('',*,*,#2079,.T.);
#1197=ORIENTED_EDGE('',*,*,#2080,.T.);
#1198=ORIENTED_EDGE('',*,*,#1892,.F.);
#1199=ORIENTED_EDGE('',*,*,#2081,.F.);
#1200=ORIENTED_EDGE('',*,*,#2082,.T.);
#1201=ORIENTED_EDGE('',*,*,#2078,.T.);
#1202=ORIENTED_EDGE('',*,*,#1906,.F.);
#1203=ORIENTED_EDGE('',*,*,#2083,.F.);
#1204=ORIENTED_EDGE('',*,*,#2084,.T.);
#1205=ORIENTED_EDGE('',*,*,#2081,.T.);
#1206=ORIENTED_EDGE('',*,*,#1905,.F.);
#1207=ORIENTED_EDGE('',*,*,#2085,.F.);
#1208=ORIENTED_EDGE('',*,*,#2086,.T.);
#1209=ORIENTED_EDGE('',*,*,#2083,.T.);
#1210=ORIENTED_EDGE('',*,*,#1904,.F.);
#1211=ORIENTED_EDGE('',*,*,#2087,.F.);
#1212=ORIENTED_EDGE('',*,*,#2088,.T.);
#1213=ORIENTED_EDGE('',*,*,#2085,.T.);
#1214=ORIENTED_EDGE('',*,*,#1903,.F.);
#1215=ORIENTED_EDGE('',*,*,#2089,.F.);
#1216=ORIENTED_EDGE('',*,*,#2090,.T.);
#1217=ORIENTED_EDGE('',*,*,#2087,.T.);
#1218=ORIENTED_EDGE('',*,*,#1902,.F.);
#1219=ORIENTED_EDGE('',*,*,#2091,.F.);
#1220=ORIENTED_EDGE('',*,*,#2092,.T.);
#1221=ORIENTED_EDGE('',*,*,#2089,.T.);
#1222=ORIENTED_EDGE('',*,*,#1901,.F.);
#1223=ORIENTED_EDGE('',*,*,#2093,.F.);
#1224=ORIENTED_EDGE('',*,*,#2094,.T.);
#1225=ORIENTED_EDGE('',*,*,#2091,.T.);
#1226=ORIENTED_EDGE('',*,*,#1900,.F.);
#1227=ORIENTED_EDGE('',*,*,#2095,.F.);
#1228=ORIENTED_EDGE('',*,*,#2096,.T.);
#1229=ORIENTED_EDGE('',*,*,#2093,.T.);
#1230=ORIENTED_EDGE('',*,*,#1899,.F.);
#1231=ORIENTED_EDGE('',*,*,#2097,.F.);
#1232=ORIENTED_EDGE('',*,*,#2098,.T.);
#1233=ORIENTED_EDGE('',*,*,#2095,.T.);
#1234=ORIENTED_EDGE('',*,*,#1898,.F.);
#1235=ORIENTED_EDGE('',*,*,#2099,.F.);
#1236=ORIENTED_EDGE('',*,*,#2100,.T.);
#1237=ORIENTED_EDGE('',*,*,#2097,.T.);
#1238=ORIENTED_EDGE('',*,*,#1897,.F.);
#1239=ORIENTED_EDGE('',*,*,#2101,.F.);
#1240=ORIENTED_EDGE('',*,*,#2102,.T.);
#1241=ORIENTED_EDGE('',*,*,#2099,.T.);
#1242=ORIENTED_EDGE('',*,*,#1896,.F.);
#1243=ORIENTED_EDGE('',*,*,#2103,.F.);
#1244=ORIENTED_EDGE('',*,*,#2104,.T.);
#1245=ORIENTED_EDGE('',*,*,#2101,.T.);
#1246=ORIENTED_EDGE('',*,*,#1895,.F.);
#1247=ORIENTED_EDGE('',*,*,#2105,.F.);
#1248=ORIENTED_EDGE('',*,*,#2106,.T.);
#1249=ORIENTED_EDGE('',*,*,#2103,.T.);
#1250=ORIENTED_EDGE('',*,*,#1894,.F.);
#1251=ORIENTED_EDGE('',*,*,#2080,.F.);
#1252=ORIENTED_EDGE('',*,*,#2107,.T.);
#1253=ORIENTED_EDGE('',*,*,#2105,.T.);
#1254=ORIENTED_EDGE('',*,*,#2079,.F.);
#1255=ORIENTED_EDGE('',*,*,#2082,.F.);
#1256=ORIENTED_EDGE('',*,*,#2084,.F.);
#1257=ORIENTED_EDGE('',*,*,#2086,.F.);
#1258=ORIENTED_EDGE('',*,*,#2088,.F.);
#1259=ORIENTED_EDGE('',*,*,#2090,.F.);
#1260=ORIENTED_EDGE('',*,*,#2092,.F.);
#1261=ORIENTED_EDGE('',*,*,#2094,.F.);
#1262=ORIENTED_EDGE('',*,*,#2096,.F.);
#1263=ORIENTED_EDGE('',*,*,#2098,.F.);
#1264=ORIENTED_EDGE('',*,*,#2100,.F.);
#1265=ORIENTED_EDGE('',*,*,#2102,.F.);
#1266=ORIENTED_EDGE('',*,*,#2104,.F.);
#1267=ORIENTED_EDGE('',*,*,#2106,.F.);
#1268=ORIENTED_EDGE('',*,*,#2107,.F.);
#1269=ORIENTED_EDGE('',*,*,#1908,.F.);
#1270=ORIENTED_EDGE('',*,*,#2108,.F.);
#1271=ORIENTED_EDGE('',*,*,#2109,.T.);
#1272=ORIENTED_EDGE('',*,*,#2110,.T.);
#1273=ORIENTED_EDGE('',*,*,#1907,.F.);
#1274=ORIENTED_EDGE('',*,*,#2111,.F.);
#1275=ORIENTED_EDGE('',*,*,#2112,.T.);
#1276=ORIENTED_EDGE('',*,*,#2108,.T.);
#1277=ORIENTED_EDGE('',*,*,#1916,.F.);
#1278=ORIENTED_EDGE('',*,*,#2113,.F.);
#1279=ORIENTED_EDGE('',*,*,#2114,.T.);
#1280=ORIENTED_EDGE('',*,*,#2111,.T.);
#1281=ORIENTED_EDGE('',*,*,#1915,.F.);
#1282=ORIENTED_EDGE('',*,*,#2115,.F.);
#1283=ORIENTED_EDGE('',*,*,#2116,.T.);
#1284=ORIENTED_EDGE('',*,*,#2113,.T.);
#1285=ORIENTED_EDGE('',*,*,#1914,.F.);
#1286=ORIENTED_EDGE('',*,*,#2117,.F.);
#1287=ORIENTED_EDGE('',*,*,#2118,.T.);
#1288=ORIENTED_EDGE('',*,*,#2115,.T.);
#1289=ORIENTED_EDGE('',*,*,#1913,.F.);
#1290=ORIENTED_EDGE('',*,*,#2119,.F.);
#1291=ORIENTED_EDGE('',*,*,#2120,.T.);
#1292=ORIENTED_EDGE('',*,*,#2117,.T.);
#1293=ORIENTED_EDGE('',*,*,#1912,.F.);
#1294=ORIENTED_EDGE('',*,*,#2121,.F.);
#1295=ORIENTED_EDGE('',*,*,#2122,.T.);
#1296=ORIENTED_EDGE('',*,*,#2119,.T.);
#1297=ORIENTED_EDGE('',*,*,#1911,.F.);
#1298=ORIENTED_EDGE('',*,*,#2123,.F.);
#1299=ORIENTED_EDGE('',*,*,#2124,.T.);
#1300=ORIENTED_EDGE('',*,*,#2121,.T.);
#1301=ORIENTED_EDGE('',*,*,#1910,.F.);
#1302=ORIENTED_EDGE('',*,*,#2125,.F.);
#1303=ORIENTED_EDGE('',*,*,#2126,.T.);
#1304=ORIENTED_EDGE('',*,*,#2123,.T.);
#1305=ORIENTED_EDGE('',*,*,#1909,.F.);
#1306=ORIENTED_EDGE('',*,*,#2110,.F.);
#1307=ORIENTED_EDGE('',*,*,#2127,.T.);
#1308=ORIENTED_EDGE('',*,*,#2125,.T.);
#1309=ORIENTED_EDGE('',*,*,#2109,.F.);
#1310=ORIENTED_EDGE('',*,*,#2112,.F.);
#1311=ORIENTED_EDGE('',*,*,#2114,.F.);
#1312=ORIENTED_EDGE('',*,*,#2116,.F.);
#1313=ORIENTED_EDGE('',*,*,#2118,.F.);
#1314=ORIENTED_EDGE('',*,*,#2120,.F.);
#1315=ORIENTED_EDGE('',*,*,#2122,.F.);
#1316=ORIENTED_EDGE('',*,*,#2124,.F.);
#1317=ORIENTED_EDGE('',*,*,#2126,.F.);
#1318=ORIENTED_EDGE('',*,*,#2127,.F.);
#1319=ORIENTED_EDGE('',*,*,#1918,.F.);
#1320=ORIENTED_EDGE('',*,*,#2128,.F.);
#1321=ORIENTED_EDGE('',*,*,#2129,.T.);
#1322=ORIENTED_EDGE('',*,*,#2130,.T.);
#1323=ORIENTED_EDGE('',*,*,#1917,.F.);
#1324=ORIENTED_EDGE('',*,*,#2131,.F.);
#1325=ORIENTED_EDGE('',*,*,#2132,.T.);
#1326=ORIENTED_EDGE('',*,*,#2128,.T.);
#1327=ORIENTED_EDGE('',*,*,#1934,.F.);
#1328=ORIENTED_EDGE('',*,*,#2133,.F.);
#1329=ORIENTED_EDGE('',*,*,#2134,.T.);
#1330=ORIENTED_EDGE('',*,*,#2131,.T.);
#1331=ORIENTED_EDGE('',*,*,#1933,.F.);
#1332=ORIENTED_EDGE('',*,*,#2135,.F.);
#1333=ORIENTED_EDGE('',*,*,#2136,.T.);
#1334=ORIENTED_EDGE('',*,*,#2133,.T.);
#1335=ORIENTED_EDGE('',*,*,#1932,.F.);
#1336=ORIENTED_EDGE('',*,*,#2137,.F.);
#1337=ORIENTED_EDGE('',*,*,#2138,.T.);
#1338=ORIENTED_EDGE('',*,*,#2135,.T.);
#1339=ORIENTED_EDGE('',*,*,#1931,.F.);
#1340=ORIENTED_EDGE('',*,*,#2139,.F.);
#1341=ORIENTED_EDGE('',*,*,#2140,.T.);
#1342=ORIENTED_EDGE('',*,*,#2137,.T.);
#1343=ORIENTED_EDGE('',*,*,#1930,.F.);
#1344=ORIENTED_EDGE('',*,*,#2141,.F.);
#1345=ORIENTED_EDGE('',*,*,#2142,.T.);
#1346=ORIENTED_EDGE('',*,*,#2139,.T.);
#1347=ORIENTED_EDGE('',*,*,#1929,.F.);
#1348=ORIENTED_EDGE('',*,*,#2143,.F.);
#1349=ORIENTED_EDGE('',*,*,#2144,.T.);
#1350=ORIENTED_EDGE('',*,*,#2141,.T.);
#1351=ORIENTED_EDGE('',*,*,#1928,.F.);
#1352=ORIENTED_EDGE('',*,*,#2145,.F.);
#1353=ORIENTED_EDGE('',*,*,#2146,.T.);
#1354=ORIENTED_EDGE('',*,*,#2143,.T.);
#1355=ORIENTED_EDGE('',*,*,#1927,.F.);
#1356=ORIENTED_EDGE('',*,*,#2147,.F.);
#1357=ORIENTED_EDGE('',*,*,#2148,.T.);
#1358=ORIENTED_EDGE('',*,*,#2145,.T.);
#1359=ORIENTED_EDGE('',*,*,#1926,.F.);
#1360=ORIENTED_EDGE('',*,*,#2149,.F.);
#1361=ORIENTED_EDGE('',*,*,#2150,.T.);
#1362=ORIENTED_EDGE('',*,*,#2147,.T.);
#1363=ORIENTED_EDGE('',*,*,#1925,.F.);
#1364=ORIENTED_EDGE('',*,*,#2151,.F.);
#1365=ORIENTED_EDGE('',*,*,#2152,.T.);
#1366=ORIENTED_EDGE('',*,*,#2149,.T.);
#1367=ORIENTED_EDGE('',*,*,#1924,.F.);
#1368=ORIENTED_EDGE('',*,*,#2153,.F.);
#1369=ORIENTED_EDGE('',*,*,#2154,.T.);
#1370=ORIENTED_EDGE('',*,*,#2151,.T.);
#1371=ORIENTED_EDGE('',*,*,#1923,.F.);
#1372=ORIENTED_EDGE('',*,*,#2155,.F.);
#1373=ORIENTED_EDGE('',*,*,#2156,.T.);
#1374=ORIENTED_EDGE('',*,*,#2153,.T.);
#1375=ORIENTED_EDGE('',*,*,#1922,.F.);
#1376=ORIENTED_EDGE('',*,*,#2157,.F.);
#1377=ORIENTED_EDGE('',*,*,#2158,.T.);
#1378=ORIENTED_EDGE('',*,*,#2155,.T.);
#1379=ORIENTED_EDGE('',*,*,#1921,.F.);
#1380=ORIENTED_EDGE('',*,*,#2159,.F.);
#1381=ORIENTED_EDGE('',*,*,#2160,.T.);
#1382=ORIENTED_EDGE('',*,*,#2157,.T.);
#1383=ORIENTED_EDGE('',*,*,#1920,.F.);
#1384=ORIENTED_EDGE('',*,*,#2161,.F.);
#1385=ORIENTED_EDGE('',*,*,#2162,.T.);
#1386=ORIENTED_EDGE('',*,*,#2159,.T.);
#1387=ORIENTED_EDGE('',*,*,#1919,.F.);
#1388=ORIENTED_EDGE('',*,*,#2130,.F.);
#1389=ORIENTED_EDGE('',*,*,#2163,.T.);
#1390=ORIENTED_EDGE('',*,*,#2161,.T.);
#1391=ORIENTED_EDGE('',*,*,#2129,.F.);
#1392=ORIENTED_EDGE('',*,*,#2132,.F.);
#1393=ORIENTED_EDGE('',*,*,#2134,.F.);
#1394=ORIENTED_EDGE('',*,*,#2136,.F.);
#1395=ORIENTED_EDGE('',*,*,#2138,.F.);
#1396=ORIENTED_EDGE('',*,*,#2140,.F.);
#1397=ORIENTED_EDGE('',*,*,#2142,.F.);
#1398=ORIENTED_EDGE('',*,*,#2144,.F.);
#1399=ORIENTED_EDGE('',*,*,#2146,.F.);
#1400=ORIENTED_EDGE('',*,*,#2148,.F.);
#1401=ORIENTED_EDGE('',*,*,#2150,.F.);
#1402=ORIENTED_EDGE('',*,*,#2152,.F.);
#1403=ORIENTED_EDGE('',*,*,#2154,.F.);
#1404=ORIENTED_EDGE('',*,*,#2156,.F.);
#1405=ORIENTED_EDGE('',*,*,#2158,.F.);
#1406=ORIENTED_EDGE('',*,*,#2160,.F.);
#1407=ORIENTED_EDGE('',*,*,#2162,.F.);
#1408=ORIENTED_EDGE('',*,*,#2163,.F.);
#1409=ORIENTED_EDGE('',*,*,#1936,.F.);
#1410=ORIENTED_EDGE('',*,*,#2164,.F.);
#1411=ORIENTED_EDGE('',*,*,#2165,.T.);
#1412=ORIENTED_EDGE('',*,*,#2166,.T.);
#1413=ORIENTED_EDGE('',*,*,#1935,.F.);
#1414=ORIENTED_EDGE('',*,*,#2167,.F.);
#1415=ORIENTED_EDGE('',*,*,#2168,.T.);
#1416=ORIENTED_EDGE('',*,*,#2164,.T.);
#1417=ORIENTED_EDGE('',*,*,#1949,.F.);
#1418=ORIENTED_EDGE('',*,*,#2169,.F.);
#1419=ORIENTED_EDGE('',*,*,#2170,.T.);
#1420=ORIENTED_EDGE('',*,*,#2167,.T.);
#1421=ORIENTED_EDGE('',*,*,#1948,.F.);
#1422=ORIENTED_EDGE('',*,*,#2171,.F.);
#1423=ORIENTED_EDGE('',*,*,#2172,.T.);
#1424=ORIENTED_EDGE('',*,*,#2169,.T.);
#1425=ORIENTED_EDGE('',*,*,#1947,.F.);
#1426=ORIENTED_EDGE('',*,*,#2173,.F.);
#1427=ORIENTED_EDGE('',*,*,#2174,.T.);
#1428=ORIENTED_EDGE('',*,*,#2171,.T.);
#1429=ORIENTED_EDGE('',*,*,#1946,.F.);
#1430=ORIENTED_EDGE('',*,*,#2175,.F.);
#1431=ORIENTED_EDGE('',*,*,#2176,.T.);
#1432=ORIENTED_EDGE('',*,*,#2173,.T.);
#1433=ORIENTED_EDGE('',*,*,#1945,.F.);
#1434=ORIENTED_EDGE('',*,*,#2177,.F.);
#1435=ORIENTED_EDGE('',*,*,#2178,.T.);
#1436=ORIENTED_EDGE('',*,*,#2175,.T.);
#1437=ORIENTED_EDGE('',*,*,#1944,.F.);
#1438=ORIENTED_EDGE('',*,*,#2179,.F.);
#1439=ORIENTED_EDGE('',*,*,#2180,.T.);
#1440=ORIENTED_EDGE('',*,*,#2177,.T.);
#1441=ORIENTED_EDGE('',*,*,#1943,.F.);
#1442=ORIENTED_EDGE('',*,*,#2181,.F.);
#1443=ORIENTED_EDGE('',*,*,#2182,.T.);
#1444=ORIENTED_EDGE('',*,*,#2179,.T.);
#1445=ORIENTED_EDGE('',*,*,#1942,.F.);
#1446=ORIENTED_EDGE('',*,*,#2183,.F.);
#1447=ORIENTED_EDGE('',*,*,#2184,.T.);
#1448=ORIENTED_EDGE('',*,*,#2181,.T.);
#1449=ORIENTED_EDGE('',*,*,#1941,.F.);
#1450=ORIENTED_EDGE('',*,*,#2185,.F.);
#1451=ORIENTED_EDGE('',*,*,#2186,.T.);
#1452=ORIENTED_EDGE('',*,*,#2183,.T.);
#1453=ORIENTED_EDGE('',*,*,#1940,.F.);
#1454=ORIENTED_EDGE('',*,*,#2187,.F.);
#1455=ORIENTED_EDGE('',*,*,#2188,.T.);
#1456=ORIENTED_EDGE('',*,*,#2185,.T.);
#1457=ORIENTED_EDGE('',*,*,#1939,.F.);
#1458=ORIENTED_EDGE('',*,*,#2189,.F.);
#1459=ORIENTED_EDGE('',*,*,#2190,.T.);
#1460=ORIENTED_EDGE('',*,*,#2187,.T.);
#1461=ORIENTED_EDGE('',*,*,#1938,.F.);
#1462=ORIENTED_EDGE('',*,*,#2191,.F.);
#1463=ORIENTED_EDGE('',*,*,#2192,.T.);
#1464=ORIENTED_EDGE('',*,*,#2189,.T.);
#1465=ORIENTED_EDGE('',*,*,#1937,.F.);
#1466=ORIENTED_EDGE('',*,*,#2166,.F.);
#1467=ORIENTED_EDGE('',*,*,#2193,.T.);
#1468=ORIENTED_EDGE('',*,*,#2191,.T.);
#1469=ORIENTED_EDGE('',*,*,#2165,.F.);
#1470=ORIENTED_EDGE('',*,*,#2168,.F.);
#1471=ORIENTED_EDGE('',*,*,#2170,.F.);
#1472=ORIENTED_EDGE('',*,*,#2172,.F.);
#1473=ORIENTED_EDGE('',*,*,#2174,.F.);
#1474=ORIENTED_EDGE('',*,*,#2176,.F.);
#1475=ORIENTED_EDGE('',*,*,#2178,.F.);
#1476=ORIENTED_EDGE('',*,*,#2180,.F.);
#1477=ORIENTED_EDGE('',*,*,#2182,.F.);
#1478=ORIENTED_EDGE('',*,*,#2184,.F.);
#1479=ORIENTED_EDGE('',*,*,#2186,.F.);
#1480=ORIENTED_EDGE('',*,*,#2188,.F.);
#1481=ORIENTED_EDGE('',*,*,#2190,.F.);
#1482=ORIENTED_EDGE('',*,*,#2192,.F.);
#1483=ORIENTED_EDGE('',*,*,#2193,.F.);
#1484=ORIENTED_EDGE('',*,*,#1951,.F.);
#1485=ORIENTED_EDGE('',*,*,#2194,.F.);
#1486=ORIENTED_EDGE('',*,*,#2195,.T.);
#1487=ORIENTED_EDGE('',*,*,#2196,.T.);
#1488=ORIENTED_EDGE('',*,*,#1950,.F.);
#1489=ORIENTED_EDGE('',*,*,#2197,.F.);
#1490=ORIENTED_EDGE('',*,*,#2198,.T.);
#1491=ORIENTED_EDGE('',*,*,#2194,.T.);
#1492=ORIENTED_EDGE('',*,*,#1967,.F.);
#1493=ORIENTED_EDGE('',*,*,#2199,.F.);
#1494=ORIENTED_EDGE('',*,*,#2200,.T.);
#1495=ORIENTED_EDGE('',*,*,#2197,.T.);
#1496=ORIENTED_EDGE('',*,*,#1966,.F.);
#1497=ORIENTED_EDGE('',*,*,#2201,.F.);
#1498=ORIENTED_EDGE('',*,*,#2202,.T.);
#1499=ORIENTED_EDGE('',*,*,#2199,.T.);
#1500=ORIENTED_EDGE('',*,*,#1965,.F.);
#1501=ORIENTED_EDGE('',*,*,#2203,.F.);
#1502=ORIENTED_EDGE('',*,*,#2204,.T.);
#1503=ORIENTED_EDGE('',*,*,#2201,.T.);
#1504=ORIENTED_EDGE('',*,*,#1964,.F.);
#1505=ORIENTED_EDGE('',*,*,#2205,.F.);
#1506=ORIENTED_EDGE('',*,*,#2206,.T.);
#1507=ORIENTED_EDGE('',*,*,#2203,.T.);
#1508=ORIENTED_EDGE('',*,*,#1963,.F.);
#1509=ORIENTED_EDGE('',*,*,#2207,.F.);
#1510=ORIENTED_EDGE('',*,*,#2208,.T.);
#1511=ORIENTED_EDGE('',*,*,#2205,.T.);
#1512=ORIENTED_EDGE('',*,*,#1962,.F.);
#1513=ORIENTED_EDGE('',*,*,#2209,.F.);
#1514=ORIENTED_EDGE('',*,*,#2210,.T.);
#1515=ORIENTED_EDGE('',*,*,#2207,.T.);
#1516=ORIENTED_EDGE('',*,*,#1961,.F.);
#1517=ORIENTED_EDGE('',*,*,#2211,.F.);
#1518=ORIENTED_EDGE('',*,*,#2212,.T.);
#1519=ORIENTED_EDGE('',*,*,#2209,.T.);
#1520=ORIENTED_EDGE('',*,*,#1960,.F.);
#1521=ORIENTED_EDGE('',*,*,#2213,.F.);
#1522=ORIENTED_EDGE('',*,*,#2214,.T.);
#1523=ORIENTED_EDGE('',*,*,#2211,.T.);
#1524=ORIENTED_EDGE('',*,*,#1959,.F.);
#1525=ORIENTED_EDGE('',*,*,#2215,.F.);
#1526=ORIENTED_EDGE('',*,*,#2216,.T.);
#1527=ORIENTED_EDGE('',*,*,#2213,.T.);
#1528=ORIENTED_EDGE('',*,*,#1958,.F.);
#1529=ORIENTED_EDGE('',*,*,#2217,.F.);
#1530=ORIENTED_EDGE('',*,*,#2218,.T.);
#1531=ORIENTED_EDGE('',*,*,#2215,.T.);
#1532=ORIENTED_EDGE('',*,*,#1957,.F.);
#1533=ORIENTED_EDGE('',*,*,#2219,.F.);
#1534=ORIENTED_EDGE('',*,*,#2220,.T.);
#1535=ORIENTED_EDGE('',*,*,#2217,.T.);
#1536=ORIENTED_EDGE('',*,*,#1956,.F.);
#1537=ORIENTED_EDGE('',*,*,#2221,.F.);
#1538=ORIENTED_EDGE('',*,*,#2222,.T.);
#1539=ORIENTED_EDGE('',*,*,#2219,.T.);
#1540=ORIENTED_EDGE('',*,*,#1955,.F.);
#1541=ORIENTED_EDGE('',*,*,#2223,.F.);
#1542=ORIENTED_EDGE('',*,*,#2224,.T.);
#1543=ORIENTED_EDGE('',*,*,#2221,.T.);
#1544=ORIENTED_EDGE('',*,*,#1954,.F.);
#1545=ORIENTED_EDGE('',*,*,#2225,.F.);
#1546=ORIENTED_EDGE('',*,*,#2226,.T.);
#1547=ORIENTED_EDGE('',*,*,#2223,.T.);
#1548=ORIENTED_EDGE('',*,*,#1953,.F.);
#1549=ORIENTED_EDGE('',*,*,#2227,.F.);
#1550=ORIENTED_EDGE('',*,*,#2228,.T.);
#1551=ORIENTED_EDGE('',*,*,#2225,.T.);
#1552=ORIENTED_EDGE('',*,*,#1952,.F.);
#1553=ORIENTED_EDGE('',*,*,#2196,.F.);
#1554=ORIENTED_EDGE('',*,*,#2229,.T.);
#1555=ORIENTED_EDGE('',*,*,#2227,.T.);
#1556=ORIENTED_EDGE('',*,*,#2195,.F.);
#1557=ORIENTED_EDGE('',*,*,#2198,.F.);
#1558=ORIENTED_EDGE('',*,*,#2200,.F.);
#1559=ORIENTED_EDGE('',*,*,#2202,.F.);
#1560=ORIENTED_EDGE('',*,*,#2204,.F.);
#1561=ORIENTED_EDGE('',*,*,#2206,.F.);
#1562=ORIENTED_EDGE('',*,*,#2208,.F.);
#1563=ORIENTED_EDGE('',*,*,#2210,.F.);
#1564=ORIENTED_EDGE('',*,*,#2212,.F.);
#1565=ORIENTED_EDGE('',*,*,#2214,.F.);
#1566=ORIENTED_EDGE('',*,*,#2216,.F.);
#1567=ORIENTED_EDGE('',*,*,#2218,.F.);
#1568=ORIENTED_EDGE('',*,*,#2220,.F.);
#1569=ORIENTED_EDGE('',*,*,#2222,.F.);
#1570=ORIENTED_EDGE('',*,*,#2224,.F.);
#1571=ORIENTED_EDGE('',*,*,#2226,.F.);
#1572=ORIENTED_EDGE('',*,*,#2228,.F.);
#1573=ORIENTED_EDGE('',*,*,#2229,.F.);
#1574=ORIENTED_EDGE('',*,*,#1969,.F.);
#1575=ORIENTED_EDGE('',*,*,#2230,.F.);
#1576=ORIENTED_EDGE('',*,*,#2231,.T.);
#1577=ORIENTED_EDGE('',*,*,#2232,.T.);
#1578=ORIENTED_EDGE('',*,*,#1968,.F.);
#1579=ORIENTED_EDGE('',*,*,#2233,.F.);
#1580=ORIENTED_EDGE('',*,*,#2234,.T.);
#1581=ORIENTED_EDGE('',*,*,#2230,.T.);
#1582=ORIENTED_EDGE('',*,*,#1977,.F.);
#1583=ORIENTED_EDGE('',*,*,#2235,.F.);
#1584=ORIENTED_EDGE('',*,*,#2236,.T.);
#1585=ORIENTED_EDGE('',*,*,#2233,.T.);
#1586=ORIENTED_EDGE('',*,*,#1976,.F.);
#1587=ORIENTED_EDGE('',*,*,#2237,.F.);
#1588=ORIENTED_EDGE('',*,*,#2238,.T.);
#1589=ORIENTED_EDGE('',*,*,#2235,.T.);
#1590=ORIENTED_EDGE('',*,*,#1975,.F.);
#1591=ORIENTED_EDGE('',*,*,#2239,.F.);
#1592=ORIENTED_EDGE('',*,*,#2240,.T.);
#1593=ORIENTED_EDGE('',*,*,#2237,.T.);
#1594=ORIENTED_EDGE('',*,*,#1974,.F.);
#1595=ORIENTED_EDGE('',*,*,#2241,.F.);
#1596=ORIENTED_EDGE('',*,*,#2242,.T.);
#1597=ORIENTED_EDGE('',*,*,#2239,.T.);
#1598=ORIENTED_EDGE('',*,*,#1973,.F.);
#1599=ORIENTED_EDGE('',*,*,#2243,.F.);
#1600=ORIENTED_EDGE('',*,*,#2244,.T.);
#1601=ORIENTED_EDGE('',*,*,#2241,.T.);
#1602=ORIENTED_EDGE('',*,*,#1972,.F.);
#1603=ORIENTED_EDGE('',*,*,#2245,.F.);
#1604=ORIENTED_EDGE('',*,*,#2246,.T.);
#1605=ORIENTED_EDGE('',*,*,#2243,.T.);
#1606=ORIENTED_EDGE('',*,*,#1971,.F.);
#1607=ORIENTED_EDGE('',*,*,#2247,.F.);
#1608=ORIENTED_EDGE('',*,*,#2248,.T.);
#1609=ORIENTED_EDGE('',*,*,#2245,.T.);
#1610=ORIENTED_EDGE('',*,*,#1970,.F.);
#1611=ORIENTED_EDGE('',*,*,#2232,.F.);
#1612=ORIENTED_EDGE('',*,*,#2249,.T.);
#1613=ORIENTED_EDGE('',*,*,#2247,.T.);
#1614=ORIENTED_EDGE('',*,*,#2231,.F.);
#1615=ORIENTED_EDGE('',*,*,#2234,.F.);
#1616=ORIENTED_EDGE('',*,*,#2236,.F.);
#1617=ORIENTED_EDGE('',*,*,#2238,.F.);
#1618=ORIENTED_EDGE('',*,*,#2240,.F.);
#1619=ORIENTED_EDGE('',*,*,#2242,.F.);
#1620=ORIENTED_EDGE('',*,*,#2244,.F.);
#1621=ORIENTED_EDGE('',*,*,#2246,.F.);
#1622=ORIENTED_EDGE('',*,*,#2248,.F.);
#1623=ORIENTED_EDGE('',*,*,#2249,.F.);
#1624=ORIENTED_EDGE('',*,*,#1979,.F.);
#1625=ORIENTED_EDGE('',*,*,#2250,.F.);
#1626=ORIENTED_EDGE('',*,*,#2251,.T.);
#1627=ORIENTED_EDGE('',*,*,#2252,.T.);
#1628=ORIENTED_EDGE('',*,*,#1978,.F.);
#1629=ORIENTED_EDGE('',*,*,#2253,.F.);
#1630=ORIENTED_EDGE('',*,*,#2254,.T.);
#1631=ORIENTED_EDGE('',*,*,#2250,.T.);
#1632=ORIENTED_EDGE('',*,*,#1985,.F.);
#1633=ORIENTED_EDGE('',*,*,#2255,.F.);
#1634=ORIENTED_EDGE('',*,*,#2256,.T.);
#1635=ORIENTED_EDGE('',*,*,#2253,.T.);
#1636=ORIENTED_EDGE('',*,*,#1984,.F.);
#1637=ORIENTED_EDGE('',*,*,#2257,.F.);
#1638=ORIENTED_EDGE('',*,*,#2258,.T.);
#1639=ORIENTED_EDGE('',*,*,#2255,.T.);
#1640=ORIENTED_EDGE('',*,*,#1983,.F.);
#1641=ORIENTED_EDGE('',*,*,#2259,.F.);
#1642=ORIENTED_EDGE('',*,*,#2260,.T.);
#1643=ORIENTED_EDGE('',*,*,#2257,.T.);
#1644=ORIENTED_EDGE('',*,*,#1982,.F.);
#1645=ORIENTED_EDGE('',*,*,#2261,.F.);
#1646=ORIENTED_EDGE('',*,*,#2262,.T.);
#1647=ORIENTED_EDGE('',*,*,#2259,.T.);
#1648=ORIENTED_EDGE('',*,*,#1981,.F.);
#1649=ORIENTED_EDGE('',*,*,#2263,.F.);
#1650=ORIENTED_EDGE('',*,*,#2264,.T.);
#1651=ORIENTED_EDGE('',*,*,#2261,.T.);
#1652=ORIENTED_EDGE('',*,*,#1980,.F.);
#1653=ORIENTED_EDGE('',*,*,#2252,.F.);
#1654=ORIENTED_EDGE('',*,*,#2265,.T.);
#1655=ORIENTED_EDGE('',*,*,#2263,.T.);
#1656=ORIENTED_EDGE('',*,*,#2251,.F.);
#1657=ORIENTED_EDGE('',*,*,#2254,.F.);
#1658=ORIENTED_EDGE('',*,*,#2256,.F.);
#1659=ORIENTED_EDGE('',*,*,#2258,.F.);
#1660=ORIENTED_EDGE('',*,*,#2260,.F.);
#1661=ORIENTED_EDGE('',*,*,#2262,.F.);
#1662=ORIENTED_EDGE('',*,*,#2264,.F.);
#1663=ORIENTED_EDGE('',*,*,#2265,.F.);
#1664=ORIENTED_EDGE('',*,*,#1987,.F.);
#1665=ORIENTED_EDGE('',*,*,#2266,.F.);
#1666=ORIENTED_EDGE('',*,*,#2267,.T.);
#1667=ORIENTED_EDGE('',*,*,#2268,.T.);
#1668=ORIENTED_EDGE('',*,*,#1986,.F.);
#1669=ORIENTED_EDGE('',*,*,#2269,.F.);
#1670=ORIENTED_EDGE('',*,*,#2270,.T.);
#1671=ORIENTED_EDGE('',*,*,#2266,.T.);
#1672=ORIENTED_EDGE('',*,*,#1999,.F.);
#1673=ORIENTED_EDGE('',*,*,#2271,.F.);
#1674=ORIENTED_EDGE('',*,*,#2272,.T.);
#1675=ORIENTED_EDGE('',*,*,#2269,.T.);
#1676=ORIENTED_EDGE('',*,*,#1998,.F.);
#1677=ORIENTED_EDGE('',*,*,#2273,.F.);
#1678=ORIENTED_EDGE('',*,*,#2274,.T.);
#1679=ORIENTED_EDGE('',*,*,#2271,.T.);
#1680=ORIENTED_EDGE('',*,*,#1997,.F.);
#1681=ORIENTED_EDGE('',*,*,#2275,.F.);
#1682=ORIENTED_EDGE('',*,*,#2276,.T.);
#1683=ORIENTED_EDGE('',*,*,#2273,.T.);
#1684=ORIENTED_EDGE('',*,*,#1996,.F.);
#1685=ORIENTED_EDGE('',*,*,#2277,.F.);
#1686=ORIENTED_EDGE('',*,*,#2278,.T.);
#1687=ORIENTED_EDGE('',*,*,#2275,.T.);
#1688=ORIENTED_EDGE('',*,*,#1995,.F.);
#1689=ORIENTED_EDGE('',*,*,#2279,.F.);
#1690=ORIENTED_EDGE('',*,*,#2280,.T.);
#1691=ORIENTED_EDGE('',*,*,#2277,.T.);
#1692=ORIENTED_EDGE('',*,*,#1994,.F.);
#1693=ORIENTED_EDGE('',*,*,#2281,.F.);
#1694=ORIENTED_EDGE('',*,*,#2282,.T.);
#1695=ORIENTED_EDGE('',*,*,#2279,.T.);
#1696=ORIENTED_EDGE('',*,*,#1993,.F.);
#1697=ORIENTED_EDGE('',*,*,#2283,.F.);
#1698=ORIENTED_EDGE('',*,*,#2284,.T.);
#1699=ORIENTED_EDGE('',*,*,#2281,.T.);
#1700=ORIENTED_EDGE('',*,*,#1992,.F.);
#1701=ORIENTED_EDGE('',*,*,#2285,.F.);
#1702=ORIENTED_EDGE('',*,*,#2286,.T.);
#1703=ORIENTED_EDGE('',*,*,#2283,.T.);
#1704=ORIENTED_EDGE('',*,*,#1991,.F.);
#1705=ORIENTED_EDGE('',*,*,#2287,.F.);
#1706=ORIENTED_EDGE('',*,*,#2288,.T.);
#1707=ORIENTED_EDGE('',*,*,#2285,.T.);
#1708=ORIENTED_EDGE('',*,*,#1990,.F.);
#1709=ORIENTED_EDGE('',*,*,#2289,.F.);
#1710=ORIENTED_EDGE('',*,*,#2290,.T.);
#1711=ORIENTED_EDGE('',*,*,#2287,.T.);
#1712=ORIENTED_EDGE('',*,*,#1989,.F.);
#1713=ORIENTED_EDGE('',*,*,#2291,.F.);
#1714=ORIENTED_EDGE('',*,*,#2292,.T.);
#1715=ORIENTED_EDGE('',*,*,#2289,.T.);
#1716=ORIENTED_EDGE('',*,*,#1988,.F.);
#1717=ORIENTED_EDGE('',*,*,#2268,.F.);
#1718=ORIENTED_EDGE('',*,*,#2293,.T.);
#1719=ORIENTED_EDGE('',*,*,#2291,.T.);
#1720=ORIENTED_EDGE('',*,*,#2267,.F.);
#1721=ORIENTED_EDGE('',*,*,#2270,.F.);
#1722=ORIENTED_EDGE('',*,*,#2272,.F.);
#1723=ORIENTED_EDGE('',*,*,#2274,.F.);
#1724=ORIENTED_EDGE('',*,*,#2276,.F.);
#1725=ORIENTED_EDGE('',*,*,#2278,.F.);
#1726=ORIENTED_EDGE('',*,*,#2280,.F.);
#1727=ORIENTED_EDGE('',*,*,#2282,.F.);
#1728=ORIENTED_EDGE('',*,*,#2284,.F.);
#1729=ORIENTED_EDGE('',*,*,#2286,.F.);
#1730=ORIENTED_EDGE('',*,*,#2288,.F.);
#1731=ORIENTED_EDGE('',*,*,#2290,.F.);
#1732=ORIENTED_EDGE('',*,*,#2292,.F.);
#1733=ORIENTED_EDGE('',*,*,#2293,.F.);
#1734=ORIENTED_EDGE('',*,*,#2001,.F.);
#1735=ORIENTED_EDGE('',*,*,#2294,.F.);
#1736=ORIENTED_EDGE('',*,*,#2295,.T.);
#1737=ORIENTED_EDGE('',*,*,#2296,.T.);
#1738=ORIENTED_EDGE('',*,*,#2000,.F.);
#1739=ORIENTED_EDGE('',*,*,#2297,.F.);
#1740=ORIENTED_EDGE('',*,*,#2298,.T.);
#1741=ORIENTED_EDGE('',*,*,#2294,.T.);
#1742=ORIENTED_EDGE('',*,*,#2013,.F.);
#1743=ORIENTED_EDGE('',*,*,#2299,.F.);
#1744=ORIENTED_EDGE('',*,*,#2300,.T.);
#1745=ORIENTED_EDGE('',*,*,#2297,.T.);
#1746=ORIENTED_EDGE('',*,*,#2012,.F.);
#1747=ORIENTED_EDGE('',*,*,#2301,.F.);
#1748=ORIENTED_EDGE('',*,*,#2302,.T.);
#1749=ORIENTED_EDGE('',*,*,#2299,.T.);
#1750=ORIENTED_EDGE('',*,*,#2011,.F.);
#1751=ORIENTED_EDGE('',*,*,#2303,.F.);
#1752=ORIENTED_EDGE('',*,*,#2304,.T.);
#1753=ORIENTED_EDGE('',*,*,#2301,.T.);
#1754=ORIENTED_EDGE('',*,*,#2010,.F.);
#1755=ORIENTED_EDGE('',*,*,#2305,.F.);
#1756=ORIENTED_EDGE('',*,*,#2306,.T.);
#1757=ORIENTED_EDGE('',*,*,#2303,.T.);
#1758=ORIENTED_EDGE('',*,*,#2009,.F.);
#1759=ORIENTED_EDGE('',*,*,#2307,.F.);
#1760=ORIENTED_EDGE('',*,*,#2308,.T.);
#1761=ORIENTED_EDGE('',*,*,#2305,.T.);
#1762=ORIENTED_EDGE('',*,*,#2008,.F.);
#1763=ORIENTED_EDGE('',*,*,#2309,.F.);
#1764=ORIENTED_EDGE('',*,*,#2310,.T.);
#1765=ORIENTED_EDGE('',*,*,#2307,.T.);
#1766=ORIENTED_EDGE('',*,*,#2007,.F.);
#1767=ORIENTED_EDGE('',*,*,#2311,.F.);
#1768=ORIENTED_EDGE('',*,*,#2312,.T.);
#1769=ORIENTED_EDGE('',*,*,#2309,.T.);
#1770=ORIENTED_EDGE('',*,*,#2006,.F.);
#1771=ORIENTED_EDGE('',*,*,#2313,.F.);
#1772=ORIENTED_EDGE('',*,*,#2314,.T.);
#1773=ORIENTED_EDGE('',*,*,#2311,.T.);
#1774=ORIENTED_EDGE('',*,*,#2005,.F.);
#1775=ORIENTED_EDGE('',*,*,#2315,.F.);
#1776=ORIENTED_EDGE('',*,*,#2316,.T.);
#1777=ORIENTED_EDGE('',*,*,#2313,.T.);
#1778=ORIENTED_EDGE('',*,*,#2004,.F.);
#1779=ORIENTED_EDGE('',*,*,#2317,.F.);
#1780=ORIENTED_EDGE('',*,*,#2318,.T.);
#1781=ORIENTED_EDGE('',*,*,#2315,.T.);
#1782=ORIENTED_EDGE('',*,*,#2003,.F.);
#1783=ORIENTED_EDGE('',*,*,#2319,.F.);
#1784=ORIENTED_EDGE('',*,*,#2320,.T.);
#1785=ORIENTED_EDGE('',*,*,#2317,.T.);
#1786=ORIENTED_EDGE('',*,*,#2002,.F.);
#1787=ORIENTED_EDGE('',*,*,#2296,.F.);
#1788=ORIENTED_EDGE('',*,*,#2321,.T.);
#1789=ORIENTED_EDGE('',*,*,#2319,.T.);
#1790=ORIENTED_EDGE('',*,*,#2295,.F.);
#1791=ORIENTED_EDGE('',*,*,#2298,.F.);
#1792=ORIENTED_EDGE('',*,*,#2300,.F.);
#1793=ORIENTED_EDGE('',*,*,#2302,.F.);
#1794=ORIENTED_EDGE('',*,*,#2304,.F.);
#1795=ORIENTED_EDGE('',*,*,#2306,.F.);
#1796=ORIENTED_EDGE('',*,*,#2308,.F.);
#1797=ORIENTED_EDGE('',*,*,#2310,.F.);
#1798=ORIENTED_EDGE('',*,*,#2312,.F.);
#1799=ORIENTED_EDGE('',*,*,#2314,.F.);
#1800=ORIENTED_EDGE('',*,*,#2316,.F.);
#1801=ORIENTED_EDGE('',*,*,#2318,.F.);
#1802=ORIENTED_EDGE('',*,*,#2320,.F.);
#1803=ORIENTED_EDGE('',*,*,#2321,.F.);
#1804=ORIENTED_EDGE('',*,*,#2015,.F.);
#1805=ORIENTED_EDGE('',*,*,#2322,.F.);
#1806=ORIENTED_EDGE('',*,*,#2323,.T.);
#1807=ORIENTED_EDGE('',*,*,#2324,.T.);
#1808=ORIENTED_EDGE('',*,*,#2014,.F.);
#1809=ORIENTED_EDGE('',*,*,#2325,.F.);
#1810=ORIENTED_EDGE('',*,*,#2326,.T.);
#1811=ORIENTED_EDGE('',*,*,#2322,.T.);
#1812=ORIENTED_EDGE('',*,*,#2025,.F.);
#1813=ORIENTED_EDGE('',*,*,#2327,.F.);
#1814=ORIENTED_EDGE('',*,*,#2328,.T.);
#1815=ORIENTED_EDGE('',*,*,#2325,.T.);
#1816=ORIENTED_EDGE('',*,*,#2024,.F.);
#1817=ORIENTED_EDGE('',*,*,#2329,.F.);
#1818=ORIENTED_EDGE('',*,*,#2330,.T.);
#1819=ORIENTED_EDGE('',*,*,#2327,.T.);
#1820=ORIENTED_EDGE('',*,*,#2023,.F.);
#1821=ORIENTED_EDGE('',*,*,#2331,.F.);
#1822=ORIENTED_EDGE('',*,*,#2332,.T.);
#1823=ORIENTED_EDGE('',*,*,#2329,.T.);
#1824=ORIENTED_EDGE('',*,*,#2022,.F.);
#1825=ORIENTED_EDGE('',*,*,#2333,.F.);
#1826=ORIENTED_EDGE('',*,*,#2334,.T.);
#1827=ORIENTED_EDGE('',*,*,#2331,.T.);
#1828=ORIENTED_EDGE('',*,*,#2021,.F.);
#1829=ORIENTED_EDGE('',*,*,#2335,.F.);
#1830=ORIENTED_EDGE('',*,*,#2336,.T.);
#1831=ORIENTED_EDGE('',*,*,#2333,.T.);
#1832=ORIENTED_EDGE('',*,*,#2020,.F.);
#1833=ORIENTED_EDGE('',*,*,#2337,.F.);
#1834=ORIENTED_EDGE('',*,*,#2338,.T.);
#1835=ORIENTED_EDGE('',*,*,#2335,.T.);
#1836=ORIENTED_EDGE('',*,*,#2019,.F.);
#1837=ORIENTED_EDGE('',*,*,#2339,.F.);
#1838=ORIENTED_EDGE('',*,*,#2340,.T.);
#1839=ORIENTED_EDGE('',*,*,#2337,.T.);
#1840=ORIENTED_EDGE('',*,*,#2018,.F.);
#1841=ORIENTED_EDGE('',*,*,#2341,.F.);
#1842=ORIENTED_EDGE('',*,*,#2342,.T.);
#1843=ORIENTED_EDGE('',*,*,#2339,.T.);
#1844=ORIENTED_EDGE('',*,*,#2017,.F.);
#1845=ORIENTED_EDGE('',*,*,#2343,.F.);
#1846=ORIENTED_EDGE('',*,*,#2344,.T.);
#1847=ORIENTED_EDGE('',*,*,#2341,.T.);
#1848=ORIENTED_EDGE('',*,*,#2016,.F.);
#1849=ORIENTED_EDGE('',*,*,#2324,.F.);
#1850=ORIENTED_EDGE('',*,*,#2345,.T.);
#1851=ORIENTED_EDGE('',*,*,#2343,.T.);
#1852=ORIENTED_EDGE('',*,*,#2323,.F.);
#1853=ORIENTED_EDGE('',*,*,#2326,.F.);
#1854=ORIENTED_EDGE('',*,*,#2328,.F.);
#1855=ORIENTED_EDGE('',*,*,#2330,.F.);
#1856=ORIENTED_EDGE('',*,*,#2332,.F.);
#1857=ORIENTED_EDGE('',*,*,#2334,.F.);
#1858=ORIENTED_EDGE('',*,*,#2336,.F.);
#1859=ORIENTED_EDGE('',*,*,#2338,.F.);
#1860=ORIENTED_EDGE('',*,*,#2340,.F.);
#1861=ORIENTED_EDGE('',*,*,#2342,.F.);
#1862=ORIENTED_EDGE('',*,*,#2344,.F.);
#1863=ORIENTED_EDGE('',*,*,#2345,.F.);
#1864=ORIENTED_EDGE('',*,*,#2346,.T.);
#1865=ORIENTED_EDGE('',*,*,#2347,.F.);
#1866=ORIENTED_EDGE('',*,*,#2348,.F.);
#1867=ORIENTED_EDGE('',*,*,#2349,.T.);
#1868=ORIENTED_EDGE('',*,*,#2346,.F.);
#1869=ORIENTED_EDGE('',*,*,#2348,.T.);
#1870=ORIENTED_EDGE('',*,*,#2347,.T.);
#1871=ORIENTED_EDGE('',*,*,#2349,.F.);
#1872=ORIENTED_EDGE('',*,*,#2350,.T.);
#1873=ORIENTED_EDGE('',*,*,#2351,.F.);
#1874=ORIENTED_EDGE('',*,*,#2352,.F.);
#1875=ORIENTED_EDGE('',*,*,#2353,.T.);
#1876=ORIENTED_EDGE('',*,*,#2350,.F.);
#1877=ORIENTED_EDGE('',*,*,#2352,.T.);
#1878=ORIENTED_EDGE('',*,*,#2351,.T.);
#1879=ORIENTED_EDGE('',*,*,#2353,.F.);
#1880=EDGE_CURVE('',#2354,#2354,#2678,.T.);
#1881=EDGE_CURVE('',#2355,#2355,#2679,.T.);
#1882=EDGE_CURVE('',#2356,#2356,#2680,.T.);
#1883=EDGE_CURVE('',#2357,#2357,#2681,.T.);
#1884=EDGE_CURVE('',#2358,#2358,#2682,.T.);
#1885=EDGE_CURVE('',#2359,#2359,#2683,.T.);
#1886=EDGE_CURVE('',#2360,#2360,#2684,.T.);
#1887=EDGE_CURVE('',#2361,#2361,#2685,.T.);
#1888=EDGE_CURVE('',#2362,#2363,#172,.T.);
#1889=EDGE_CURVE('',#2362,#2364,#173,.T.);
#1890=EDGE_CURVE('',#2364,#2365,#174,.T.);
#1891=EDGE_CURVE('',#2363,#2365,#175,.T.);
#1892=EDGE_CURVE('',#2366,#2367,#176,.T.);
#1893=EDGE_CURVE('',#2367,#2368,#177,.T.);
#1894=EDGE_CURVE('',#2368,#2369,#178,.T.);
#1895=EDGE_CURVE('',#2369,#2370,#179,.T.);
#1896=EDGE_CURVE('',#2370,#2371,#180,.T.);
#1897=EDGE_CURVE('',#2371,#2372,#181,.T.);
#1898=EDGE_CURVE('',#2372,#2373,#182,.T.);
#1899=EDGE_CURVE('',#2373,#2374,#183,.T.);
#1900=EDGE_CURVE('',#2374,#2375,#184,.T.);
#1901=EDGE_CURVE('',#2375,#2376,#185,.T.);
#1902=EDGE_CURVE('',#2376,#2377,#186,.T.);
#1903=EDGE_CURVE('',#2377,#2378,#187,.T.);
#1904=EDGE_CURVE('',#2378,#2379,#188,.T.);
#1905=EDGE_CURVE('',#2379,#2380,#189,.T.);
#1906=EDGE_CURVE('',#2380,#2366,#190,.T.);
#1907=EDGE_CURVE('',#2381,#2382,#191,.T.);
#1908=EDGE_CURVE('',#2382,#2383,#192,.T.);
#1909=EDGE_CURVE('',#2383,#2384,#193,.T.);
#1910=EDGE_CURVE('',#2384,#2385,#194,.T.);
#1911=EDGE_CURVE('',#2385,#2386,#195,.T.);
#1912=EDGE_CURVE('',#2386,#2387,#64,.T.);
#1913=EDGE_CURVE('',#2387,#2388,#196,.T.);
#1914=EDGE_CURVE('',#2388,#2389,#197,.T.);
#1915=EDGE_CURVE('',#2389,#2390,#198,.T.);
#1916=EDGE_CURVE('',#2390,#2381,#199,.T.);
#1917=EDGE_CURVE('',#2391,#2392,#200,.T.);
#1918=EDGE_CURVE('',#2392,#2393,#201,.T.);
#1919=EDGE_CURVE('',#2393,#2394,#202,.T.);
#1920=EDGE_CURVE('',#2394,#2395,#65,.T.);
#1921=EDGE_CURVE('',#2395,#2396,#66,.T.);
#1922=EDGE_CURVE('',#2396,#2397,#67,.T.);
#1923=EDGE_CURVE('',#2397,#2398,#68,.T.);
#1924=EDGE_CURVE('',#2398,#2399,#69,.T.);
#1925=EDGE_CURVE('',#2399,#2400,#70,.T.);
#1926=EDGE_CURVE('',#2400,#2401,#203,.T.);
#1927=EDGE_CURVE('',#2401,#2402,#204,.T.);
#1928=EDGE_CURVE('',#2402,#2403,#71,.T.);
#1929=EDGE_CURVE('',#2403,#2404,#72,.T.);
#1930=EDGE_CURVE('',#2404,#2405,#205,.T.);
#1931=EDGE_CURVE('',#2405,#2406,#73,.T.);
#1932=EDGE_CURVE('',#2406,#2407,#74,.T.);
#1933=EDGE_CURVE('',#2407,#2408,#75,.T.);
#1934=EDGE_CURVE('',#2408,#2391,#206,.T.);
#1935=EDGE_CURVE('',#2409,#2410,#76,.T.);
#1936=EDGE_CURVE('',#2410,#2411,#77,.T.);
#1937=EDGE_CURVE('',#2411,#2412,#207,.T.);
#1938=EDGE_CURVE('',#2412,#2413,#78,.T.);
#1939=EDGE_CURVE('',#2413,#2414,#208,.T.);
#1940=EDGE_CURVE('',#2414,#2415,#209,.T.);
#1941=EDGE_CURVE('',#2415,#2416,#210,.T.);
#1942=EDGE_CURVE('',#2416,#2417,#211,.T.);
#1943=EDGE_CURVE('',#2417,#2418,#212,.T.);
#1944=EDGE_CURVE('',#2418,#2419,#213,.T.);
#1945=EDGE_CURVE('',#2419,#2420,#79,.T.);
#1946=EDGE_CURVE('',#2420,#2421,#80,.T.);
#1947=EDGE_CURVE('',#2421,#2422,#81,.T.);
#1948=EDGE_CURVE('',#2422,#2423,#82,.T.);
#1949=EDGE_CURVE('',#2423,#2409,#83,.T.);
#1950=EDGE_CURVE('',#2424,#2425,#214,.T.);
#1951=EDGE_CURVE('',#2425,#2426,#215,.T.);
#1952=EDGE_CURVE('',#2426,#2427,#216,.T.);
#1953=EDGE_CURVE('',#2427,#2428,#84,.T.);
#1954=EDGE_CURVE('',#2428,#2429,#85,.T.);
#1955=EDGE_CURVE('',#2429,#2430,#86,.T.);
#1956=EDGE_CURVE('',#2430,#2431,#87,.T.);
#1957=EDGE_CURVE('',#2431,#2432,#88,.T.);
#1958=EDGE_CURVE('',#2432,#2433,#89,.T.);
#1959=EDGE_CURVE('',#2433,#2434,#217,.T.);
#1960=EDGE_CURVE('',#2434,#2435,#218,.T.);
#1961=EDGE_CURVE('',#2435,#2436,#90,.T.);
#1962=EDGE_CURVE('',#2436,#2437,#91,.T.);
#1963=EDGE_CURVE('',#2437,#2438,#219,.T.);
#1964=EDGE_CURVE('',#2438,#2439,#92,.T.);
#1965=EDGE_CURVE('',#2439,#2440,#93,.T.);
#1966=EDGE_CURVE('',#2440,#2441,#94,.T.);
#1967=EDGE_CURVE('',#2441,#2424,#220,.T.);
#1968=EDGE_CURVE('',#2442,#2443,#221,.T.);
#1969=EDGE_CURVE('',#2443,#2444,#222,.T.);
#1970=EDGE_CURVE('',#2444,#2445,#223,.T.);
#1971=EDGE_CURVE('',#2445,#2446,#224,.T.);
#1972=EDGE_CURVE('',#2446,#2447,#2686,.F.);
#1973=EDGE_CURVE('',#2447,#2448,#225,.T.);
#1974=EDGE_CURVE('',#2448,#2449,#95,.T.);
#1975=EDGE_CURVE('',#2449,#2450,#226,.T.);
#1976=EDGE_CURVE('',#2450,#2451,#227,.T.);
#1977=EDGE_CURVE('',#2451,#2442,#228,.T.);
#1978=EDGE_CURVE('',#2452,#2453,#96,.T.);
#1979=EDGE_CURVE('',#2453,#2454,#97,.T.);
#1980=EDGE_CURVE('',#2454,#2455,#98,.T.);
#1981=EDGE_CURVE('',#2455,#2456,#99,.T.);
#1982=EDGE_CURVE('',#2456,#2457,#100,.T.);
#1983=EDGE_CURVE('',#2457,#2458,#101,.T.);
#1984=EDGE_CURVE('',#2458,#2459,#102,.T.);
#1985=EDGE_CURVE('',#2459,#2452,#103,.T.);
#1986=EDGE_CURVE('',#2460,#2461,#104,.T.);
#1987=EDGE_CURVE('',#2461,#2462,#105,.T.);
#1988=EDGE_CURVE('',#2462,#2463,#106,.T.);
#1989=EDGE_CURVE('',#2463,#2464,#107,.T.);
#1990=EDGE_CURVE('',#2464,#2465,#108,.T.);
#1991=EDGE_CURVE('',#2465,#2466,#229,.T.);
#1992=EDGE_CURVE('',#2466,#2467,#2687,.T.);
#1993=EDGE_CURVE('',#2467,#2468,#2688,.T.);
#1994=EDGE_CURVE('',#2468,#2469,#109,.T.);
#1995=EDGE_CURVE('',#2469,#2470,#110,.T.);
#1996=EDGE_CURVE('',#2470,#2471,#2689,.T.);
#1997=EDGE_CURVE('',#2471,#2472,#2690,.T.);
#1998=EDGE_CURVE('',#2472,#2473,#230,.T.);
#1999=EDGE_CURVE('',#2473,#2460,#2691,.F.);
#2000=EDGE_CURVE('',#2474,#2475,#111,.T.);
#2001=EDGE_CURVE('',#2475,#2476,#112,.T.);
#2002=EDGE_CURVE('',#2476,#2477,#113,.T.);
#2003=EDGE_CURVE('',#2477,#2478,#114,.T.);
#2004=EDGE_CURVE('',#2478,#2479,#115,.T.);
#2005=EDGE_CURVE('',#2479,#2480,#116,.T.);
#2006=EDGE_CURVE('',#2480,#2481,#231,.T.);
#2007=EDGE_CURVE('',#2481,#2482,#117,.T.);
#2008=EDGE_CURVE('',#2482,#2483,#232,.T.);
#2009=EDGE_CURVE('',#2483,#2484,#233,.T.);
#2010=EDGE_CURVE('',#2484,#2485,#234,.T.);
#2011=EDGE_CURVE('',#2485,#2486,#235,.T.);
#2012=EDGE_CURVE('',#2486,#2487,#236,.T.);
#2013=EDGE_CURVE('',#2487,#2474,#237,.T.);
#2014=EDGE_CURVE('',#2488,#2489,#238,.T.);
#2015=EDGE_CURVE('',#2489,#2490,#239,.T.);
#2016=EDGE_CURVE('',#2490,#2491,#240,.T.);
#2017=EDGE_CURVE('',#2491,#2492,#241,.T.);
#2018=EDGE_CURVE('',#2492,#2493,#242,.T.);
#2019=EDGE_CURVE('',#2493,#2494,#243,.T.);
#2020=EDGE_CURVE('',#2494,#2495,#244,.T.);
#2021=EDGE_CURVE('',#2495,#2496,#245,.T.);
#2022=EDGE_CURVE('',#2496,#2497,#246,.T.);
#2023=EDGE_CURVE('',#2497,#2498,#247,.T.);
#2024=EDGE_CURVE('',#2498,#2499,#248,.T.);
#2025=EDGE_CURVE('',#2499,#2488,#249,.T.);
#2026=EDGE_CURVE('',#2500,#2501,#250,.T.);
#2027=EDGE_CURVE('',#2501,#2502,#251,.T.);
#2028=EDGE_CURVE('',#2502,#2503,#252,.T.);
#2029=EDGE_CURVE('',#2503,#2365,#253,.T.);
#2030=EDGE_CURVE('',#2504,#2364,#254,.T.);
#2031=EDGE_CURVE('',#2504,#2505,#255,.T.);
#2032=EDGE_CURVE('',#2500,#2505,#256,.T.);
#2033=EDGE_CURVE('',#2506,#2507,#257,.T.);
#2034=EDGE_CURVE('',#2506,#2508,#258,.F.);
#2035=EDGE_CURVE('',#2508,#2509,#259,.T.);
#2036=EDGE_CURVE('',#2509,#2507,#260,.T.);
#2037=EDGE_CURVE('',#2510,#2511,#261,.T.);
#2038=EDGE_CURVE('',#2511,#2512,#262,.F.);
#2039=EDGE_CURVE('',#2513,#2512,#263,.T.);
#2040=EDGE_CURVE('',#2513,#2510,#264,.T.);
#2041=EDGE_CURVE('',#2514,#2515,#265,.T.);
#2042=EDGE_CURVE('',#2515,#2516,#266,.F.);
#2043=EDGE_CURVE('',#2517,#2516,#267,.T.);
#2044=EDGE_CURVE('',#2518,#2517,#268,.T.);
#2045=EDGE_CURVE('',#2519,#2518,#269,.T.);
#2046=EDGE_CURVE('',#2519,#2520,#270,.T.);
#2047=EDGE_CURVE('',#2521,#2520,#271,.T.);
#2048=EDGE_CURVE('',#2521,#2514,#272,.T.);
#2049=EDGE_CURVE('',#2522,#2362,#273,.T.);
#2050=EDGE_CURVE('',#2522,#2504,#274,.T.);
#2051=EDGE_CURVE('',#2523,#2363,#275,.T.);
#2052=EDGE_CURVE('',#2522,#2523,#276,.T.);
#2053=EDGE_CURVE('',#2523,#2503,#277,.T.);
#2054=EDGE_CURVE('',#2524,#2524,#2692,.T.);
#2055=EDGE_CURVE('',#2525,#2525,#2693,.T.);
#2056=EDGE_CURVE('',#2526,#2526,#2694,.T.);
#2057=EDGE_CURVE('',#2527,#2527,#2695,.T.);
#2058=EDGE_CURVE('',#2528,#2528,#2696,.T.);
#2059=EDGE_CURVE('',#2529,#2529,#2697,.T.);
#2060=EDGE_CURVE('',#2530,#2530,#2698,.T.);
#2061=EDGE_CURVE('',#2531,#2531,#2699,.T.);
#2062=EDGE_CURVE('',#2532,#2533,#278,.T.);
#2063=EDGE_CURVE('',#2533,#2534,#279,.T.);
#2064=EDGE_CURVE('',#2535,#2534,#280,.T.);
#2065=EDGE_CURVE('',#2535,#2532,#281,.F.);
#2066=EDGE_CURVE('',#2516,#2533,#2700,.T.);
#2067=EDGE_CURVE('',#2532,#2509,#2701,.T.);
#2068=EDGE_CURVE('',#2508,#2513,#2702,.T.);
#2069=EDGE_CURVE('',#2512,#2521,#2703,.T.);
#2070=EDGE_CURVE('',#2520,#2505,#282,.T.);
#2071=EDGE_CURVE('',#2517,#2502,#283,.T.);
#2072=EDGE_CURVE('',#2534,#2515,#2704,.F.);
#2073=EDGE_CURVE('',#2514,#2511,#2705,.F.);
#2074=EDGE_CURVE('',#2510,#2506,#2706,.F.);
#2075=EDGE_CURVE('',#2507,#2535,#2707,.F.);
#2076=EDGE_CURVE('',#2518,#2501,#284,.T.);
#2077=EDGE_CURVE('',#2519,#2500,#285,.T.);
#2078=EDGE_CURVE('',#2536,#2367,#286,.T.);
#2079=EDGE_CURVE('',#2536,#2537,#287,.T.);
#2080=EDGE_CURVE('',#2537,#2368,#288,.T.);
#2081=EDGE_CURVE('',#2538,#2366,#289,.T.);
#2082=EDGE_CURVE('',#2538,#2536,#290,.T.);
#2083=EDGE_CURVE('',#2539,#2380,#291,.T.);
#2084=EDGE_CURVE('',#2539,#2538,#292,.T.);
#2085=EDGE_CURVE('',#2540,#2379,#293,.T.);
#2086=EDGE_CURVE('',#2540,#2539,#294,.T.);
#2087=EDGE_CURVE('',#2541,#2378,#295,.T.);
#2088=EDGE_CURVE('',#2541,#2540,#296,.T.);
#2089=EDGE_CURVE('',#2542,#2377,#297,.T.);
#2090=EDGE_CURVE('',#2542,#2541,#298,.T.);
#2091=EDGE_CURVE('',#2543,#2376,#299,.T.);
#2092=EDGE_CURVE('',#2543,#2542,#300,.T.);
#2093=EDGE_CURVE('',#2544,#2375,#301,.T.);
#2094=EDGE_CURVE('',#2544,#2543,#302,.T.);
#2095=EDGE_CURVE('',#2545,#2374,#303,.T.);
#2096=EDGE_CURVE('',#2545,#2544,#304,.T.);
#2097=EDGE_CURVE('',#2546,#2373,#305,.T.);
#2098=EDGE_CURVE('',#2546,#2545,#306,.T.);
#2099=EDGE_CURVE('',#2547,#2372,#307,.T.);
#2100=EDGE_CURVE('',#2547,#2546,#308,.T.);
#2101=EDGE_CURVE('',#2548,#2371,#309,.T.);
#2102=EDGE_CURVE('',#2548,#2547,#310,.T.);
#2103=EDGE_CURVE('',#2549,#2370,#311,.T.);
#2104=EDGE_CURVE('',#2549,#2548,#312,.T.);
#2105=EDGE_CURVE('',#2550,#2369,#313,.T.);
#2106=EDGE_CURVE('',#2550,#2549,#314,.T.);
#2107=EDGE_CURVE('',#2537,#2550,#315,.T.);
#2108=EDGE_CURVE('',#2551,#2382,#316,.T.);
#2109=EDGE_CURVE('',#2551,#2552,#317,.T.);
#2110=EDGE_CURVE('',#2552,#2383,#318,.T.);
#2111=EDGE_CURVE('',#2553,#2381,#319,.T.);
#2112=EDGE_CURVE('',#2553,#2551,#320,.T.);
#2113=EDGE_CURVE('',#2554,#2390,#321,.T.);
#2114=EDGE_CURVE('',#2554,#2553,#322,.T.);
#2115=EDGE_CURVE('',#2555,#2389,#323,.T.);
#2116=EDGE_CURVE('',#2555,#2554,#324,.T.);
#2117=EDGE_CURVE('',#2556,#2388,#325,.T.);
#2118=EDGE_CURVE('',#2556,#2555,#326,.T.);
#2119=EDGE_CURVE('',#2557,#2387,#327,.T.);
#2120=EDGE_CURVE('',#2557,#2556,#328,.T.);
#2121=EDGE_CURVE('',#2558,#2386,#329,.T.);
#2122=EDGE_CURVE('',#2558,#2557,#118,.T.);
#2123=EDGE_CURVE('',#2559,#2385,#330,.T.);
#2124=EDGE_CURVE('',#2559,#2558,#331,.T.);
#2125=EDGE_CURVE('',#2560,#2384,#332,.T.);
#2126=EDGE_CURVE('',#2560,#2559,#333,.T.);
#2127=EDGE_CURVE('',#2552,#2560,#334,.T.);
#2128=EDGE_CURVE('',#2561,#2392,#335,.T.);
#2129=EDGE_CURVE('',#2561,#2562,#336,.T.);
#2130=EDGE_CURVE('',#2562,#2393,#337,.T.);
#2131=EDGE_CURVE('',#2563,#2391,#338,.T.);
#2132=EDGE_CURVE('',#2563,#2561,#339,.T.);
#2133=EDGE_CURVE('',#2564,#2408,#340,.T.);
#2134=EDGE_CURVE('',#2564,#2563,#341,.T.);
#2135=EDGE_CURVE('',#2565,#2407,#342,.T.);
#2136=EDGE_CURVE('',#2565,#2564,#119,.T.);
#2137=EDGE_CURVE('',#2566,#2406,#343,.T.);
#2138=EDGE_CURVE('',#2566,#2565,#120,.T.);
#2139=EDGE_CURVE('',#2567,#2405,#344,.T.);
#2140=EDGE_CURVE('',#2567,#2566,#121,.T.);
#2141=EDGE_CURVE('',#2568,#2404,#345,.T.);
#2142=EDGE_CURVE('',#2568,#2567,#346,.T.);
#2143=EDGE_CURVE('',#2569,#2403,#347,.T.);
#2144=EDGE_CURVE('',#2569,#2568,#122,.T.);
#2145=EDGE_CURVE('',#2570,#2402,#348,.T.);
#2146=EDGE_CURVE('',#2570,#2569,#123,.T.);
#2147=EDGE_CURVE('',#2571,#2401,#349,.T.);
#2148=EDGE_CURVE('',#2571,#2570,#350,.T.);
#2149=EDGE_CURVE('',#2572,#2400,#351,.T.);
#2150=EDGE_CURVE('',#2572,#2571,#352,.T.);
#2151=EDGE_CURVE('',#2573,#2399,#353,.T.);
#2152=EDGE_CURVE('',#2573,#2572,#124,.T.);
#2153=EDGE_CURVE('',#2574,#2398,#354,.T.);
#2154=EDGE_CURVE('',#2574,#2573,#125,.T.);
#2155=EDGE_CURVE('',#2575,#2397,#355,.T.);
#2156=EDGE_CURVE('',#2575,#2574,#126,.T.);
#2157=EDGE_CURVE('',#2576,#2396,#356,.T.);
#2158=EDGE_CURVE('',#2576,#2575,#127,.T.);
#2159=EDGE_CURVE('',#2577,#2395,#357,.T.);
#2160=EDGE_CURVE('',#2577,#2576,#128,.T.);
#2161=EDGE_CURVE('',#2578,#2394,#358,.T.);
#2162=EDGE_CURVE('',#2578,#2577,#129,.T.);
#2163=EDGE_CURVE('',#2562,#2578,#359,.T.);
#2164=EDGE_CURVE('',#2579,#2410,#360,.T.);
#2165=EDGE_CURVE('',#2579,#2580,#130,.T.);
#2166=EDGE_CURVE('',#2580,#2411,#361,.T.);
#2167=EDGE_CURVE('',#2581,#2409,#362,.T.);
#2168=EDGE_CURVE('',#2581,#2579,#131,.T.);
#2169=EDGE_CURVE('',#2582,#2423,#363,.T.);
#2170=EDGE_CURVE('',#2582,#2581,#132,.T.);
#2171=EDGE_CURVE('',#2583,#2422,#364,.T.);
#2172=EDGE_CURVE('',#2583,#2582,#133,.T.);
#2173=EDGE_CURVE('',#2584,#2421,#365,.T.);
#2174=EDGE_CURVE('',#2584,#2583,#134,.T.);
#2175=EDGE_CURVE('',#2585,#2420,#366,.T.);
#2176=EDGE_CURVE('',#2585,#2584,#135,.T.);
#2177=EDGE_CURVE('',#2586,#2419,#367,.T.);
#2178=EDGE_CURVE('',#2586,#2585,#136,.T.);
#2179=EDGE_CURVE('',#2587,#2418,#368,.T.);
#2180=EDGE_CURVE('',#2587,#2586,#369,.T.);
#2181=EDGE_CURVE('',#2588,#2417,#370,.T.);
#2182=EDGE_CURVE('',#2588,#2587,#371,.T.);
#2183=EDGE_CURVE('',#2589,#2416,#372,.T.);
#2184=EDGE_CURVE('',#2589,#2588,#373,.T.);
#2185=EDGE_CURVE('',#2590,#2415,#374,.T.);
#2186=EDGE_CURVE('',#2590,#2589,#375,.T.);
#2187=EDGE_CURVE('',#2591,#2414,#376,.T.);
#2188=EDGE_CURVE('',#2591,#2590,#377,.T.);
#2189=EDGE_CURVE('',#2592,#2413,#378,.T.);
#2190=EDGE_CURVE('',#2592,#2591,#379,.T.);
#2191=EDGE_CURVE('',#2593,#2412,#380,.T.);
#2192=EDGE_CURVE('',#2593,#2592,#137,.T.);
#2193=EDGE_CURVE('',#2580,#2593,#381,.T.);
#2194=EDGE_CURVE('',#2594,#2425,#382,.T.);
#2195=EDGE_CURVE('',#2594,#2595,#383,.T.);
#2196=EDGE_CURVE('',#2595,#2426,#384,.T.);
#2197=EDGE_CURVE('',#2596,#2424,#385,.T.);
#2198=EDGE_CURVE('',#2596,#2594,#386,.T.);
#2199=EDGE_CURVE('',#2597,#2441,#387,.T.);
#2200=EDGE_CURVE('',#2597,#2596,#388,.T.);
#2201=EDGE_CURVE('',#2598,#2440,#389,.T.);
#2202=EDGE_CURVE('',#2598,#2597,#138,.T.);
#2203=EDGE_CURVE('',#2599,#2439,#390,.T.);
#2204=EDGE_CURVE('',#2599,#2598,#139,.T.);
#2205=EDGE_CURVE('',#2600,#2438,#391,.T.);
#2206=EDGE_CURVE('',#2600,#2599,#140,.T.);
#2207=EDGE_CURVE('',#2601,#2437,#392,.T.);
#2208=EDGE_CURVE('',#2601,#2600,#393,.T.);
#2209=EDGE_CURVE('',#2602,#2436,#394,.T.);
#2210=EDGE_CURVE('',#2602,#2601,#141,.T.);
#2211=EDGE_CURVE('',#2603,#2435,#395,.T.);
#2212=EDGE_CURVE('',#2603,#2602,#142,.T.);
#2213=EDGE_CURVE('',#2604,#2434,#396,.T.);
#2214=EDGE_CURVE('',#2604,#2603,#397,.T.);
#2215=EDGE_CURVE('',#2605,#2433,#398,.T.);
#2216=EDGE_CURVE('',#2605,#2604,#399,.T.);
#2217=EDGE_CURVE('',#2606,#2432,#400,.T.);
#2218=EDGE_CURVE('',#2606,#2605,#143,.T.);
#2219=EDGE_CURVE('',#2607,#2431,#401,.T.);
#2220=EDGE_CURVE('',#2607,#2606,#144,.T.);
#2221=EDGE_CURVE('',#2608,#2430,#402,.T.);
#2222=EDGE_CURVE('',#2608,#2607,#145,.T.);
#2223=EDGE_CURVE('',#2609,#2429,#403,.T.);
#2224=EDGE_CURVE('',#2609,#2608,#146,.T.);
#2225=EDGE_CURVE('',#2610,#2428,#404,.T.);
#2226=EDGE_CURVE('',#2610,#2609,#147,.T.);
#2227=EDGE_CURVE('',#2611,#2427,#405,.T.);
#2228=EDGE_CURVE('',#2611,#2610,#148,.T.);
#2229=EDGE_CURVE('',#2595,#2611,#406,.T.);
#2230=EDGE_CURVE('',#2612,#2443,#407,.T.);
#2231=EDGE_CURVE('',#2612,#2613,#408,.T.);
#2232=EDGE_CURVE('',#2613,#2444,#409,.T.);
#2233=EDGE_CURVE('',#2614,#2442,#410,.T.);
#2234=EDGE_CURVE('',#2614,#2612,#411,.T.);
#2235=EDGE_CURVE('',#2615,#2451,#412,.T.);
#2236=EDGE_CURVE('',#2615,#2614,#413,.T.);
#2237=EDGE_CURVE('',#2616,#2450,#414,.T.);
#2238=EDGE_CURVE('',#2616,#2615,#415,.T.);
#2239=EDGE_CURVE('',#2617,#2449,#416,.T.);
#2240=EDGE_CURVE('',#2617,#2616,#417,.T.);
#2241=EDGE_CURVE('',#2618,#2448,#418,.T.);
#2242=EDGE_CURVE('',#2618,#2617,#149,.T.);
#2243=EDGE_CURVE('',#2619,#2447,#419,.T.);
#2244=EDGE_CURVE('',#2619,#2618,#420,.T.);
#2245=EDGE_CURVE('',#2620,#2446,#421,.T.);
#2246=EDGE_CURVE('',#2620,#2619,#2708,.F.);
#2247=EDGE_CURVE('',#2621,#2445,#422,.T.);
#2248=EDGE_CURVE('',#2621,#2620,#423,.T.);
#2249=EDGE_CURVE('',#2613,#2621,#424,.T.);
#2250=EDGE_CURVE('',#2622,#2453,#425,.T.);
#2251=EDGE_CURVE('',#2622,#2623,#150,.T.);
#2252=EDGE_CURVE('',#2623,#2454,#426,.T.);
#2253=EDGE_CURVE('',#2624,#2452,#427,.T.);
#2254=EDGE_CURVE('',#2624,#2622,#151,.T.);
#2255=EDGE_CURVE('',#2625,#2459,#428,.T.);
#2256=EDGE_CURVE('',#2625,#2624,#152,.T.);
#2257=EDGE_CURVE('',#2626,#2458,#429,.T.);
#2258=EDGE_CURVE('',#2626,#2625,#153,.T.);
#2259=EDGE_CURVE('',#2627,#2457,#430,.T.);
#2260=EDGE_CURVE('',#2627,#2626,#154,.T.);
#2261=EDGE_CURVE('',#2628,#2456,#431,.T.);
#2262=EDGE_CURVE('',#2628,#2627,#155,.T.);
#2263=EDGE_CURVE('',#2629,#2455,#432,.T.);
#2264=EDGE_CURVE('',#2629,#2628,#156,.T.);
#2265=EDGE_CURVE('',#2623,#2629,#157,.T.);
#2266=EDGE_CURVE('',#2630,#2461,#433,.T.);
#2267=EDGE_CURVE('',#2630,#2631,#158,.T.);
#2268=EDGE_CURVE('',#2631,#2462,#434,.T.);
#2269=EDGE_CURVE('',#2632,#2460,#435,.T.);
#2270=EDGE_CURVE('',#2632,#2630,#159,.T.);
#2271=EDGE_CURVE('',#2633,#2473,#436,.T.);
#2272=EDGE_CURVE('',#2633,#2632,#2709,.F.);
#2273=EDGE_CURVE('',#2634,#2472,#437,.T.);
#2274=EDGE_CURVE('',#2634,#2633,#438,.T.);
#2275=EDGE_CURVE('',#2635,#2471,#439,.T.);
#2276=EDGE_CURVE('',#2635,#2634,#2710,.T.);
#2277=EDGE_CURVE('',#2636,#2470,#440,.T.);
#2278=EDGE_CURVE('',#2636,#2635,#2711,.T.);
#2279=EDGE_CURVE('',#2637,#2469,#441,.T.);
#2280=EDGE_CURVE('',#2637,#2636,#160,.T.);
#2281=EDGE_CURVE('',#2638,#2468,#442,.T.);
#2282=EDGE_CURVE('',#2638,#2637,#161,.T.);
#2283=EDGE_CURVE('',#2639,#2467,#443,.T.);
#2284=EDGE_CURVE('',#2639,#2638,#2712,.T.);
#2285=EDGE_CURVE('',#2640,#2466,#444,.T.);
#2286=EDGE_CURVE('',#2640,#2639,#2713,.T.);
#2287=EDGE_CURVE('',#2641,#2465,#445,.T.);
#2288=EDGE_CURVE('',#2641,#2640,#446,.T.);
#2289=EDGE_CURVE('',#2642,#2464,#447,.T.);
#2290=EDGE_CURVE('',#2642,#2641,#162,.T.);
#2291=EDGE_CURVE('',#2643,#2463,#448,.T.);
#2292=EDGE_CURVE('',#2643,#2642,#163,.T.);
#2293=EDGE_CURVE('',#2631,#2643,#164,.T.);
#2294=EDGE_CURVE('',#2644,#2475,#449,.T.);
#2295=EDGE_CURVE('',#2644,#2645,#165,.T.);
#2296=EDGE_CURVE('',#2645,#2476,#450,.T.);
#2297=EDGE_CURVE('',#2646,#2474,#451,.T.);
#2298=EDGE_CURVE('',#2646,#2644,#166,.T.);
#2299=EDGE_CURVE('',#2647,#2487,#452,.T.);
#2300=EDGE_CURVE('',#2647,#2646,#453,.T.);
#2301=EDGE_CURVE('',#2648,#2486,#454,.T.);
#2302=EDGE_CURVE('',#2648,#2647,#455,.T.);
#2303=EDGE_CURVE('',#2649,#2485,#456,.T.);
#2304=EDGE_CURVE('',#2649,#2648,#457,.T.);
#2305=EDGE_CURVE('',#2650,#2484,#458,.T.);
#2306=EDGE_CURVE('',#2650,#2649,#459,.T.);
#2307=EDGE_CURVE('',#2651,#2483,#460,.T.);
#2308=EDGE_CURVE('',#2651,#2650,#461,.T.);
#2309=EDGE_CURVE('',#2652,#2482,#462,.T.);
#2310=EDGE_CURVE('',#2652,#2651,#463,.T.);
#2311=EDGE_CURVE('',#2653,#2481,#464,.T.);
#2312=EDGE_CURVE('',#2653,#2652,#167,.T.);
#2313=EDGE_CURVE('',#2654,#2480,#465,.T.);
#2314=EDGE_CURVE('',#2654,#2653,#466,.T.);
#2315=EDGE_CURVE('',#2655,#2479,#467,.T.);
#2316=EDGE_CURVE('',#2655,#2654,#168,.T.);
#2317=EDGE_CURVE('',#2656,#2478,#468,.T.);
#2318=EDGE_CURVE('',#2656,#2655,#169,.T.);
#2319=EDGE_CURVE('',#2657,#2477,#469,.T.);
#2320=EDGE_CURVE('',#2657,#2656,#170,.T.);
#2321=EDGE_CURVE('',#2645,#2657,#171,.T.);
#2322=EDGE_CURVE('',#2658,#2489,#470,.T.);
#2323=EDGE_CURVE('',#2658,#2659,#471,.T.);
#2324=EDGE_CURVE('',#2659,#2490,#472,.T.);
#2325=EDGE_CURVE('',#2660,#2488,#473,.T.);
#2326=EDGE_CURVE('',#2660,#2658,#474,.T.);
#2327=EDGE_CURVE('',#2661,#2499,#475,.T.);
#2328=EDGE_CURVE('',#2661,#2660,#476,.T.);
#2329=EDGE_CURVE('',#2662,#2498,#477,.T.);
#2330=EDGE_CURVE('',#2662,#2661,#478,.T.);
#2331=EDGE_CURVE('',#2663,#2497,#479,.T.);
#2332=EDGE_CURVE('',#2663,#2662,#480,.T.);
#2333=EDGE_CURVE('',#2664,#2496,#481,.T.);
#2334=EDGE_CURVE('',#2664,#2663,#482,.T.);
#2335=EDGE_CURVE('',#2665,#2495,#483,.T.);
#2336=EDGE_CURVE('',#2665,#2664,#484,.T.);
#2337=EDGE_CURVE('',#2666,#2494,#485,.T.);
#2338=EDGE_CURVE('',#2666,#2665,#486,.T.);
#2339=EDGE_CURVE('',#2667,#2493,#487,.T.);
#2340=EDGE_CURVE('',#2667,#2666,#488,.T.);
#2341=EDGE_CURVE('',#2668,#2492,#489,.T.);
#2342=EDGE_CURVE('',#2668,#2667,#490,.T.);
#2343=EDGE_CURVE('',#2669,#2491,#491,.T.);
#2344=EDGE_CURVE('',#2669,#2668,#492,.T.);
#2345=EDGE_CURVE('',#2659,#2669,#493,.T.);
#2346=EDGE_CURVE('',#2670,#2670,#2714,.T.);
#2347=EDGE_CURVE('',#2671,#2671,#2715,.T.);
#2348=EDGE_CURVE('',#2672,#2672,#2716,.T.);
#2349=EDGE_CURVE('',#2673,#2673,#2717,.T.);
#2350=EDGE_CURVE('',#2674,#2674,#2718,.T.);
#2351=EDGE_CURVE('',#2675,#2675,#2719,.T.);
#2352=EDGE_CURVE('',#2676,#2676,#2720,.T.);
#2353=EDGE_CURVE('',#2677,#2677,#2721,.T.);
#2354=VERTEX_POINT('',#4282);
#2355=VERTEX_POINT('',#4284);
#2356=VERTEX_POINT('',#4287);
#2357=VERTEX_POINT('',#4289);
#2358=VERTEX_POINT('',#4295);
#2359=VERTEX_POINT('',#4297);
#2360=VERTEX_POINT('',#4300);
#2361=VERTEX_POINT('',#4302);
#2362=VERTEX_POINT('',#4308);
#2363=VERTEX_POINT('',#4309);
#2364=VERTEX_POINT('',#4311);
#2365=VERTEX_POINT('',#4313);
#2366=VERTEX_POINT('',#4316);
#2367=VERTEX_POINT('',#4317);
#2368=VERTEX_POINT('',#4319);
#2369=VERTEX_POINT('',#4321);
#2370=VERTEX_POINT('',#4323);
#2371=VERTEX_POINT('',#4325);
#2372=VERTEX_POINT('',#4327);
#2373=VERTEX_POINT('',#4329);
#2374=VERTEX_POINT('',#4331);
#2375=VERTEX_POINT('',#4333);
#2376=VERTEX_POINT('',#4335);
#2377=VERTEX_POINT('',#4337);
#2378=VERTEX_POINT('',#4339);
#2379=VERTEX_POINT('',#4341);
#2380=VERTEX_POINT('',#4343);
#2381=VERTEX_POINT('',#4346);
#2382=VERTEX_POINT('',#4347);
#2383=VERTEX_POINT('',#4349);
#2384=VERTEX_POINT('',#4351);
#2385=VERTEX_POINT('',#4353);
#2386=VERTEX_POINT('',#4355);
#2387=VERTEX_POINT('',#4359);
#2388=VERTEX_POINT('',#4361);
#2389=VERTEX_POINT('',#4363);
#2390=VERTEX_POINT('',#4365);
#2391=VERTEX_POINT('',#4368);
#2392=VERTEX_POINT('',#4369);
#2393=VERTEX_POINT('',#4371);
#2394=VERTEX_POINT('',#4373);
#2395=VERTEX_POINT('',#4377);
#2396=VERTEX_POINT('',#4381);
#2397=VERTEX_POINT('',#4385);
#2398=VERTEX_POINT('',#4389);
#2399=VERTEX_POINT('',#4393);
#2400=VERTEX_POINT('',#4397);
#2401=VERTEX_POINT('',#4399);
#2402=VERTEX_POINT('',#4401);
#2403=VERTEX_POINT('',#4405);
#2404=VERTEX_POINT('',#4409);
#2405=VERTEX_POINT('',#4411);
#2406=VERTEX_POINT('',#4415);
#2407=VERTEX_POINT('',#4419);
#2408=VERTEX_POINT('',#4423);
#2409=VERTEX_POINT('',#4428);
#2410=VERTEX_POINT('',#4429);
#2411=VERTEX_POINT('',#4433);
#2412=VERTEX_POINT('',#4435);
#2413=VERTEX_POINT('',#4439);
#2414=VERTEX_POINT('',#4441);
#2415=VERTEX_POINT('',#4443);
#2416=VERTEX_POINT('',#4445);
#2417=VERTEX_POINT('',#4447);
#2418=VERTEX_POINT('',#4449);
#2419=VERTEX_POINT('',#4451);
#2420=VERTEX_POINT('',#4455);
#2421=VERTEX_POINT('',#4459);
#2422=VERTEX_POINT('',#4463);
#2423=VERTEX_POINT('',#4467);
#2424=VERTEX_POINT('',#4472);
#2425=VERTEX_POINT('',#4473);
#2426=VERTEX_POINT('',#4475);
#2427=VERTEX_POINT('',#4477);
#2428=VERTEX_POINT('',#4481);
#2429=VERTEX_POINT('',#4485);
#2430=VERTEX_POINT('',#4489);
#2431=VERTEX_POINT('',#4493);
#2432=VERTEX_POINT('',#4497);
#2433=VERTEX_POINT('',#4501);
#2434=VERTEX_POINT('',#4503);
#2435=VERTEX_POINT('',#4505);
#2436=VERTEX_POINT('',#4509);
#2437=VERTEX_POINT('',#4513);
#2438=VERTEX_POINT('',#4515);
#2439=VERTEX_POINT('',#4519);
#2440=VERTEX_POINT('',#4523);
#2441=VERTEX_POINT('',#4527);
#2442=VERTEX_POINT('',#4530);
#2443=VERTEX_POINT('',#4531);
#2444=VERTEX_POINT('',#4533);
#2445=VERTEX_POINT('',#4535);
#2446=VERTEX_POINT('',#4537);
#2447=VERTEX_POINT('',#4539);
#2448=VERTEX_POINT('',#4541);
#2449=VERTEX_POINT('',#4545);
#2450=VERTEX_POINT('',#4547);
#2451=VERTEX_POINT('',#4549);
#2452=VERTEX_POINT('',#4554);
#2453=VERTEX_POINT('',#4555);
#2454=VERTEX_POINT('',#4559);
#2455=VERTEX_POINT('',#4563);
#2456=VERTEX_POINT('',#4567);
#2457=VERTEX_POINT('',#4571);
#2458=VERTEX_POINT('',#4575);
#2459=VERTEX_POINT('',#4579);
#2460=VERTEX_POINT('',#4586);
#2461=VERTEX_POINT('',#4587);
#2462=VERTEX_POINT('',#4591);
#2463=VERTEX_POINT('',#4595);
#2464=VERTEX_POINT('',#4599);
#2465=VERTEX_POINT('',#4603);
#2466=VERTEX_POINT('',#4605);
#2467=VERTEX_POINT('',#4607);
#2468=VERTEX_POINT('',#4609);
#2469=VERTEX_POINT('',#4613);
#2470=VERTEX_POINT('',#4617);
#2471=VERTEX_POINT('',#4619);
#2472=VERTEX_POINT('',#4621);
#2473=VERTEX_POINT('',#4623);
#2474=VERTEX_POINT('',#4628);
#2475=VERTEX_POINT('',#4629);
#2476=VERTEX_POINT('',#4633);
#2477=VERTEX_POINT('',#4637);
#2478=VERTEX_POINT('',#4641);
#2479=VERTEX_POINT('',#4645);
#2480=VERTEX_POINT('',#4649);
#2481=VERTEX_POINT('',#4651);
#2482=VERTEX_POINT('',#4655);
#2483=VERTEX_POINT('',#4657);
#2484=VERTEX_POINT('',#4659);
#2485=VERTEX_POINT('',#4661);
#2486=VERTEX_POINT('',#4663);
#2487=VERTEX_POINT('',#4665);
#2488=VERTEX_POINT('',#4668);
#2489=VERTEX_POINT('',#4669);
#2490=VERTEX_POINT('',#4671);
#2491=VERTEX_POINT('',#4673);
#2492=VERTEX_POINT('',#4675);
#2493=VERTEX_POINT('',#4677);
#2494=VERTEX_POINT('',#4679);
#2495=VERTEX_POINT('',#4681);
#2496=VERTEX_POINT('',#4683);
#2497=VERTEX_POINT('',#4685);
#2498=VERTEX_POINT('',#4687);
#2499=VERTEX_POINT('',#4689);
#2500=VERTEX_POINT('',#4693);
#2501=VERTEX_POINT('',#4694);
#2502=VERTEX_POINT('',#4696);
#2503=VERTEX_POINT('',#4698);
#2504=VERTEX_POINT('',#4701);
#2505=VERTEX_POINT('',#4703);
#2506=VERTEX_POINT('',#4707);
#2507=VERTEX_POINT('',#4708);
#2508=VERTEX_POINT('',#4710);
#2509=VERTEX_POINT('',#4712);
#2510=VERTEX_POINT('',#4716);
#2511=VERTEX_POINT('',#4717);
#2512=VERTEX_POINT('',#4719);
#2513=VERTEX_POINT('',#4721);
#2514=VERTEX_POINT('',#4725);
#2515=VERTEX_POINT('',#4726);
#2516=VERTEX_POINT('',#4728);
#2517=VERTEX_POINT('',#4730);
#2518=VERTEX_POINT('',#4732);
#2519=VERTEX_POINT('',#4734);
#2520=VERTEX_POINT('',#4736);
#2521=VERTEX_POINT('',#4738);
#2522=VERTEX_POINT('',#4742);
#2523=VERTEX_POINT('',#4746);
#2524=VERTEX_POINT('',#4752);
#2525=VERTEX_POINT('',#4754);
#2526=VERTEX_POINT('',#4757);
#2527=VERTEX_POINT('',#4759);
#2528=VERTEX_POINT('',#4762);
#2529=VERTEX_POINT('',#4764);
#2530=VERTEX_POINT('',#4767);
#2531=VERTEX_POINT('',#4769);
#2532=VERTEX_POINT('',#4772);
#2533=VERTEX_POINT('',#4773);
#2534=VERTEX_POINT('',#4775);
#2535=VERTEX_POINT('',#4777);
#2536=VERTEX_POINT('',#4802);
#2537=VERTEX_POINT('',#4804);
#2538=VERTEX_POINT('',#4808);
#2539=VERTEX_POINT('',#4812);
#2540=VERTEX_POINT('',#4816);
#2541=VERTEX_POINT('',#4820);
#2542=VERTEX_POINT('',#4824);
#2543=VERTEX_POINT('',#4828);
#2544=VERTEX_POINT('',#4832);
#2545=VERTEX_POINT('',#4836);
#2546=VERTEX_POINT('',#4840);
#2547=VERTEX_POINT('',#4844);
#2548=VERTEX_POINT('',#4848);
#2549=VERTEX_POINT('',#4852);
#2550=VERTEX_POINT('',#4856);
#2551=VERTEX_POINT('',#4863);
#2552=VERTEX_POINT('',#4865);
#2553=VERTEX_POINT('',#4869);
#2554=VERTEX_POINT('',#4873);
#2555=VERTEX_POINT('',#4877);
#2556=VERTEX_POINT('',#4881);
#2557=VERTEX_POINT('',#4885);
#2558=VERTEX_POINT('',#4896);
#2559=VERTEX_POINT('',#4902);
#2560=VERTEX_POINT('',#4906);
#2561=VERTEX_POINT('',#4913);
#2562=VERTEX_POINT('',#4915);
#2563=VERTEX_POINT('',#4919);
#2564=VERTEX_POINT('',#4923);
#2565=VERTEX_POINT('',#4934);
#2566=VERTEX_POINT('',#4947);
#2567=VERTEX_POINT('',#4960);
#2568=VERTEX_POINT('',#4966);
#2569=VERTEX_POINT('',#4977);
#2570=VERTEX_POINT('',#4990);
#2571=VERTEX_POINT('',#4996);
#2572=VERTEX_POINT('',#5000);
#2573=VERTEX_POINT('',#5011);
#2574=VERTEX_POINT('',#5024);
#2575=VERTEX_POINT('',#5037);
#2576=VERTEX_POINT('',#5050);
#2577=VERTEX_POINT('',#5063);
#2578=VERTEX_POINT('',#5076);
#2579=VERTEX_POINT('',#5092);
#2580=VERTEX_POINT('',#5096);
#2581=VERTEX_POINT('',#5107);
#2582=VERTEX_POINT('',#5120);
#2583=VERTEX_POINT('',#5133);
#2584=VERTEX_POINT('',#5146);
#2585=VERTEX_POINT('',#5159);
#2586=VERTEX_POINT('',#5172);
#2587=VERTEX_POINT('',#5178);
#2588=VERTEX_POINT('',#5182);
#2589=VERTEX_POINT('',#5186);
#2590=VERTEX_POINT('',#5190);
#2591=VERTEX_POINT('',#5194);
#2592=VERTEX_POINT('',#5198);
#2593=VERTEX_POINT('',#5209);
#2594=VERTEX_POINT('',#5218);
#2595=VERTEX_POINT('',#5220);
#2596=VERTEX_POINT('',#5224);
#2597=VERTEX_POINT('',#5228);
#2598=VERTEX_POINT('',#5239);
#2599=VERTEX_POINT('',#5252);
#2600=VERTEX_POINT('',#5265);
#2601=VERTEX_POINT('',#5271);
#2602=VERTEX_POINT('',#5282);
#2603=VERTEX_POINT('',#5295);
#2604=VERTEX_POINT('',#5301);
#2605=VERTEX_POINT('',#5305);
#2606=VERTEX_POINT('',#5316);
#2607=VERTEX_POINT('',#5329);
#2608=VERTEX_POINT('',#5342);
#2609=VERTEX_POINT('',#5355);
#2610=VERTEX_POINT('',#5368);
#2611=VERTEX_POINT('',#5381);
#2612=VERTEX_POINT('',#5390);
#2613=VERTEX_POINT('',#5392);
#2614=VERTEX_POINT('',#5396);
#2615=VERTEX_POINT('',#5400);
#2616=VERTEX_POINT('',#5404);
#2617=VERTEX_POINT('',#5408);
#2618=VERTEX_POINT('',#5419);
#2619=VERTEX_POINT('',#5425);
#2620=VERTEX_POINT('',#5429);
#2621=VERTEX_POINT('',#5433);
#2622=VERTEX_POINT('',#5447);
#2623=VERTEX_POINT('',#5451);
#2624=VERTEX_POINT('',#5462);
#2625=VERTEX_POINT('',#5475);
#2626=VERTEX_POINT('',#5488);
#2627=VERTEX_POINT('',#5501);
#2628=VERTEX_POINT('',#5514);
#2629=VERTEX_POINT('',#5527);
#2630=VERTEX_POINT('',#5552);
#2631=VERTEX_POINT('',#5556);
#2632=VERTEX_POINT('',#5567);
#2633=VERTEX_POINT('',#5573);
#2634=VERTEX_POINT('',#5577);
#2635=VERTEX_POINT('',#5581);
#2636=VERTEX_POINT('',#5585);
#2637=VERTEX_POINT('',#5596);
#2638=VERTEX_POINT('',#5609);
#2639=VERTEX_POINT('',#5615);
#2640=VERTEX_POINT('',#5619);
#2641=VERTEX_POINT('',#5623);
#2642=VERTEX_POINT('',#5634);
#2643=VERTEX_POINT('',#5647);
#2644=VERTEX_POINT('',#5672);
#2645=VERTEX_POINT('',#5676);
#2646=VERTEX_POINT('',#5687);
#2647=VERTEX_POINT('',#5693);
#2648=VERTEX_POINT('',#5697);
#2649=VERTEX_POINT('',#5701);
#2650=VERTEX_POINT('',#5705);
#2651=VERTEX_POINT('',#5709);
#2652=VERTEX_POINT('',#5713);
#2653=VERTEX_POINT('',#5724);
#2654=VERTEX_POINT('',#5730);
#2655=VERTEX_POINT('',#5741);
#2656=VERTEX_POINT('',#5754);
#2657=VERTEX_POINT('',#5767);
#2658=VERTEX_POINT('',#5785);
#2659=VERTEX_POINT('',#5787);
#2660=VERTEX_POINT('',#5791);
#2661=VERTEX_POINT('',#5795);
#2662=VERTEX_POINT('',#5799);
#2663=VERTEX_POINT('',#5803);
#2664=VERTEX_POINT('',#5807);
#2665=VERTEX_POINT('',#5811);
#2666=VERTEX_POINT('',#5815);
#2667=VERTEX_POINT('',#5819);
#2668=VERTEX_POINT('',#5823);
#2669=VERTEX_POINT('',#5827);
#2670=VERTEX_POINT('',#5835);
#2671=VERTEX_POINT('',#5837);
#2672=VERTEX_POINT('',#5840);
#2673=VERTEX_POINT('',#5842);
#2674=VERTEX_POINT('',#5848);
#2675=VERTEX_POINT('',#5850);
#2676=VERTEX_POINT('',#5853);
#2677=VERTEX_POINT('',#5855);
#2678=CIRCLE('',#3428,0.0017);
#2679=CIRCLE('',#3429,0.0017);
#2680=CIRCLE('',#3431,0.003);
#2681=CIRCLE('',#3432,0.003);
#2682=CIRCLE('',#3437,0.0017);
#2683=CIRCLE('',#3438,0.0017);
#2684=CIRCLE('',#3440,0.003);
#2685=CIRCLE('',#3441,0.003);
#2686=CIRCLE('',#3446,0.00672935856181664);
#2687=CIRCLE('',#3447,0.00894204042980272);
#2688=CIRCLE('',#3448,0.00249331003921105);
#2689=CIRCLE('',#3449,0.00315058836713141);
#2690=CIRCLE('',#3450,0.00338627999943275);
#2691=CIRCLE('',#3451,0.00285498230688293);
#2692=CIRCLE('',#3460,0.003);
#2693=CIRCLE('',#3461,0.003);
#2694=CIRCLE('',#3463,0.003);
#2695=CIRCLE('',#3464,0.003);
#2696=CIRCLE('',#3466,0.003);
#2697=CIRCLE('',#3467,0.003);
#2698=CIRCLE('',#3469,0.003);
#2699=CIRCLE('',#3470,0.003);
#2700=CIRCLE('',#3473,0.005);
#2701=CIRCLE('',#3474,0.005);
#2702=CIRCLE('',#3475,0.005);
#2703=CIRCLE('',#3476,0.005);
#2704=CIRCLE('',#3478,0.005);
#2705=CIRCLE('',#3479,0.005);
#2706=CIRCLE('',#3480,0.005);
#2707=CIRCLE('',#3481,0.005);
#2708=CIRCLE('',#3546,0.00672935856181664);
#2709=CIRCLE('',#3552,0.00285498230688293);
#2710=CIRCLE('',#3555,0.00338627999943275);
#2711=CIRCLE('',#3557,0.00315058836713141);
#2712=CIRCLE('',#3559,0.00249331003921105);
#2713=CIRCLE('',#3561,0.00894204042980272);
#2714=CIRCLE('',#3587,0.0017);
#2715=CIRCLE('',#3588,0.0017);
#2716=CIRCLE('',#3590,0.003);
#2717=CIRCLE('',#3591,0.003);
#2718=CIRCLE('',#3596,0.0017);
#2719=CIRCLE('',#3597,0.0017);
#2720=CIRCLE('',#3599,0.003);
#2721=CIRCLE('',#3600,0.003);
#2722=EDGE_LOOP('',(#932));
#2723=EDGE_LOOP('',(#933));
#2724=EDGE_LOOP('',(#934));
#2725=EDGE_LOOP('',(#935));
#2726=EDGE_LOOP('',(#936));
#2727=EDGE_LOOP('',(#937));
#2728=EDGE_LOOP('',(#938));
#2729=EDGE_LOOP('',(#939));
#2730=EDGE_LOOP('',(#940));
#2731=EDGE_LOOP('',(#941));
#2732=EDGE_LOOP('',(#942));
#2733=EDGE_LOOP('',(#943));
#2734=EDGE_LOOP('',(#944));
#2735=EDGE_LOOP('',(#945));
#2736=EDGE_LOOP('',(#946));
#2737=EDGE_LOOP('',(#947));
#2738=EDGE_LOOP('',(#948,#949,#950,#951));
#2739=EDGE_LOOP('',(#952,#953,#954,#955,#956,#957,#958,#959,#960,#961,#962,
#963,#964,#965,#966));
#2740=EDGE_LOOP('',(#967,#968,#969,#970,#971,#972,#973,#974,#975,#976));
#2741=EDGE_LOOP('',(#977,#978,#979,#980,#981,#982,#983,#984,#985,#986,#987,
#988,#989,#990,#991,#992,#993,#994));
#2742=EDGE_LOOP('',(#995,#996,#997,#998,#999,#1000,#1001,#1002,#1003,#1004,
#1005,#1006,#1007,#1008,#1009));
#2743=EDGE_LOOP('',(#1010,#1011,#1012,#1013,#1014,#1015,#1016,#1017,#1018,
#1019,#1020,#1021,#1022,#1023,#1024,#1025,#1026,#1027));
#2744=EDGE_LOOP('',(#1028,#1029,#1030,#1031,#1032,#1033,#1034,#1035,#1036,
#1037));
#2745=EDGE_LOOP('',(#1038,#1039,#1040,#1041,#1042,#1043,#1044,#1045));
#2746=EDGE_LOOP('',(#1046,#1047,#1048,#1049,#1050,#1051,#1052,#1053,#1054,
#1055,#1056,#1057,#1058,#1059));
#2747=EDGE_LOOP('',(#1060,#1061,#1062,#1063,#1064,#1065,#1066,#1067,#1068,
#1069,#1070,#1071,#1072,#1073));
#2748=EDGE_LOOP('',(#1074,#1075,#1076,#1077,#1078,#1079,#1080,#1081,#1082,
#1083,#1084,#1085));
#2749=EDGE_LOOP('',(#1086,#1087,#1088,#1089,#1090,#1091,#1092,#1093));
#2750=EDGE_LOOP('',(#1094,#1095,#1096,#1097));
#2751=EDGE_LOOP('',(#1098,#1099,#1100,#1101));
#2752=EDGE_LOOP('',(#1102,#1103,#1104,#1105,#1106,#1107,#1108,#1109));
#2753=EDGE_LOOP('',(#1110,#1111,#1112,#1113));
#2754=EDGE_LOOP('',(#1114,#1115,#1116,#1117));
#2755=EDGE_LOOP('',(#1118,#1119,#1120,#1121));
#2756=EDGE_LOOP('',(#1122));
#2757=EDGE_LOOP('',(#1123));
#2758=EDGE_LOOP('',(#1124));
#2759=EDGE_LOOP('',(#1125));
#2760=EDGE_LOOP('',(#1126));
#2761=EDGE_LOOP('',(#1127));
#2762=EDGE_LOOP('',(#1128));
#2763=EDGE_LOOP('',(#1129));
#2764=EDGE_LOOP('',(#1130,#1131,#1132,#1133));
#2765=EDGE_LOOP('',(#1134,#1135,#1136,#1137,#1138,#1139,#1140,#1141,#1142,
#1143,#1144,#1145,#1146,#1147,#1148,#1149));
#2766=EDGE_LOOP('',(#1150));
#2767=EDGE_LOOP('',(#1151));
#2768=EDGE_LOOP('',(#1152));
#2769=EDGE_LOOP('',(#1153));
#2770=EDGE_LOOP('',(#1154));
#2771=EDGE_LOOP('',(#1155));
#2772=EDGE_LOOP('',(#1156));
#2773=EDGE_LOOP('',(#1157));
#2774=EDGE_LOOP('',(#1158,#1159,#1160,#1161,#1162,#1163,#1164,#1165));
#2775=EDGE_LOOP('',(#1166,#1167,#1168,#1169));
#2776=EDGE_LOOP('',(#1170,#1171,#1172,#1173));
#2777=EDGE_LOOP('',(#1174,#1175,#1176,#1177));
#2778=EDGE_LOOP('',(#1178,#1179,#1180,#1181));
#2779=EDGE_LOOP('',(#1182,#1183,#1184,#1185));
#2780=EDGE_LOOP('',(#1186,#1187,#1188,#1189));
#2781=EDGE_LOOP('',(#1190,#1191,#1192,#1193));
#2782=EDGE_LOOP('',(#1194,#1195,#1196,#1197));
#2783=EDGE_LOOP('',(#1198,#1199,#1200,#1201));
#2784=EDGE_LOOP('',(#1202,#1203,#1204,#1205));
#2785=EDGE_LOOP('',(#1206,#1207,#1208,#1209));
#2786=EDGE_LOOP('',(#1210,#1211,#1212,#1213));
#2787=EDGE_LOOP('',(#1214,#1215,#1216,#1217));
#2788=EDGE_LOOP('',(#1218,#1219,#1220,#1221));
#2789=EDGE_LOOP('',(#1222,#1223,#1224,#1225));
#2790=EDGE_LOOP('',(#1226,#1227,#1228,#1229));
#2791=EDGE_LOOP('',(#1230,#1231,#1232,#1233));
#2792=EDGE_LOOP('',(#1234,#1235,#1236,#1237));
#2793=EDGE_LOOP('',(#1238,#1239,#1240,#1241));
#2794=EDGE_LOOP('',(#1242,#1243,#1244,#1245));
#2795=EDGE_LOOP('',(#1246,#1247,#1248,#1249));
#2796=EDGE_LOOP('',(#1250,#1251,#1252,#1253));
#2797=EDGE_LOOP('',(#1254,#1255,#1256,#1257,#1258,#1259,#1260,#1261,#1262,
#1263,#1264,#1265,#1266,#1267,#1268));
#2798=EDGE_LOOP('',(#1269,#1270,#1271,#1272));
#2799=EDGE_LOOP('',(#1273,#1274,#1275,#1276));
#2800=EDGE_LOOP('',(#1277,#1278,#1279,#1280));
#2801=EDGE_LOOP('',(#1281,#1282,#1283,#1284));
#2802=EDGE_LOOP('',(#1285,#1286,#1287,#1288));
#2803=EDGE_LOOP('',(#1289,#1290,#1291,#1292));
#2804=EDGE_LOOP('',(#1293,#1294,#1295,#1296));
#2805=EDGE_LOOP('',(#1297,#1298,#1299,#1300));
#2806=EDGE_LOOP('',(#1301,#1302,#1303,#1304));
#2807=EDGE_LOOP('',(#1305,#1306,#1307,#1308));
#2808=EDGE_LOOP('',(#1309,#1310,#1311,#1312,#1313,#1314,#1315,#1316,#1317,
#1318));
#2809=EDGE_LOOP('',(#1319,#1320,#1321,#1322));
#2810=EDGE_LOOP('',(#1323,#1324,#1325,#1326));
#2811=EDGE_LOOP('',(#1327,#1328,#1329,#1330));
#2812=EDGE_LOOP('',(#1331,#1332,#1333,#1334));
#2813=EDGE_LOOP('',(#1335,#1336,#1337,#1338));
#2814=EDGE_LOOP('',(#1339,#1340,#1341,#1342));
#2815=EDGE_LOOP('',(#1343,#1344,#1345,#1346));
#2816=EDGE_LOOP('',(#1347,#1348,#1349,#1350));
#2817=EDGE_LOOP('',(#1351,#1352,#1353,#1354));
#2818=EDGE_LOOP('',(#1355,#1356,#1357,#1358));
#2819=EDGE_LOOP('',(#1359,#1360,#1361,#1362));
#2820=EDGE_LOOP('',(#1363,#1364,#1365,#1366));
#2821=EDGE_LOOP('',(#1367,#1368,#1369,#1370));
#2822=EDGE_LOOP('',(#1371,#1372,#1373,#1374));
#2823=EDGE_LOOP('',(#1375,#1376,#1377,#1378));
#2824=EDGE_LOOP('',(#1379,#1380,#1381,#1382));
#2825=EDGE_LOOP('',(#1383,#1384,#1385,#1386));
#2826=EDGE_LOOP('',(#1387,#1388,#1389,#1390));
#2827=EDGE_LOOP('',(#1391,#1392,#1393,#1394,#1395,#1396,#1397,#1398,#1399,
#1400,#1401,#1402,#1403,#1404,#1405,#1406,#1407,#1408));
#2828=EDGE_LOOP('',(#1409,#1410,#1411,#1412));
#2829=EDGE_LOOP('',(#1413,#1414,#1415,#1416));
#2830=EDGE_LOOP('',(#1417,#1418,#1419,#1420));
#2831=EDGE_LOOP('',(#1421,#1422,#1423,#1424));
#2832=EDGE_LOOP('',(#1425,#1426,#1427,#1428));
#2833=EDGE_LOOP('',(#1429,#1430,#1431,#1432));
#2834=EDGE_LOOP('',(#1433,#1434,#1435,#1436));
#2835=EDGE_LOOP('',(#1437,#1438,#1439,#1440));
#2836=EDGE_LOOP('',(#1441,#1442,#1443,#1444));
#2837=EDGE_LOOP('',(#1445,#1446,#1447,#1448));
#2838=EDGE_LOOP('',(#1449,#1450,#1451,#1452));
#2839=EDGE_LOOP('',(#1453,#1454,#1455,#1456));
#2840=EDGE_LOOP('',(#1457,#1458,#1459,#1460));
#2841=EDGE_LOOP('',(#1461,#1462,#1463,#1464));
#2842=EDGE_LOOP('',(#1465,#1466,#1467,#1468));
#2843=EDGE_LOOP('',(#1469,#1470,#1471,#1472,#1473,#1474,#1475,#1476,#1477,
#1478,#1479,#1480,#1481,#1482,#1483));
#2844=EDGE_LOOP('',(#1484,#1485,#1486,#1487));
#2845=EDGE_LOOP('',(#1488,#1489,#1490,#1491));
#2846=EDGE_LOOP('',(#1492,#1493,#1494,#1495));
#2847=EDGE_LOOP('',(#1496,#1497,#1498,#1499));
#2848=EDGE_LOOP('',(#1500,#1501,#1502,#1503));
#2849=EDGE_LOOP('',(#1504,#1505,#1506,#1507));
#2850=EDGE_LOOP('',(#1508,#1509,#1510,#1511));
#2851=EDGE_LOOP('',(#1512,#1513,#1514,#1515));
#2852=EDGE_LOOP('',(#1516,#1517,#1518,#1519));
#2853=EDGE_LOOP('',(#1520,#1521,#1522,#1523));
#2854=EDGE_LOOP('',(#1524,#1525,#1526,#1527));
#2855=EDGE_LOOP('',(#1528,#1529,#1530,#1531));
#2856=EDGE_LOOP('',(#1532,#1533,#1534,#1535));
#2857=EDGE_LOOP('',(#1536,#1537,#1538,#1539));
#2858=EDGE_LOOP('',(#1540,#1541,#1542,#1543));
#2859=EDGE_LOOP('',(#1544,#1545,#1546,#1547));
#2860=EDGE_LOOP('',(#1548,#1549,#1550,#1551));
#2861=EDGE_LOOP('',(#1552,#1553,#1554,#1555));
#2862=EDGE_LOOP('',(#1556,#1557,#1558,#1559,#1560,#1561,#1562,#1563,#1564,
#1565,#1566,#1567,#1568,#1569,#1570,#1571,#1572,#1573));
#2863=EDGE_LOOP('',(#1574,#1575,#1576,#1577));
#2864=EDGE_LOOP('',(#1578,#1579,#1580,#1581));
#2865=EDGE_LOOP('',(#1582,#1583,#1584,#1585));
#2866=EDGE_LOOP('',(#1586,#1587,#1588,#1589));
#2867=EDGE_LOOP('',(#1590,#1591,#1592,#1593));
#2868=EDGE_LOOP('',(#1594,#1595,#1596,#1597));
#2869=EDGE_LOOP('',(#1598,#1599,#1600,#1601));
#2870=EDGE_LOOP('',(#1602,#1603,#1604,#1605));
#2871=EDGE_LOOP('',(#1606,#1607,#1608,#1609));
#2872=EDGE_LOOP('',(#1610,#1611,#1612,#1613));
#2873=EDGE_LOOP('',(#1614,#1615,#1616,#1617,#1618,#1619,#1620,#1621,#1622,
#1623));
#2874=EDGE_LOOP('',(#1624,#1625,#1626,#1627));
#2875=EDGE_LOOP('',(#1628,#1629,#1630,#1631));
#2876=EDGE_LOOP('',(#1632,#1633,#1634,#1635));
#2877=EDGE_LOOP('',(#1636,#1637,#1638,#1639));
#2878=EDGE_LOOP('',(#1640,#1641,#1642,#1643));
#2879=EDGE_LOOP('',(#1644,#1645,#1646,#1647));
#2880=EDGE_LOOP('',(#1648,#1649,#1650,#1651));
#2881=EDGE_LOOP('',(#1652,#1653,#1654,#1655));
#2882=EDGE_LOOP('',(#1656,#1657,#1658,#1659,#1660,#1661,#1662,#1663));
#2883=EDGE_LOOP('',(#1664,#1665,#1666,#1667));
#2884=EDGE_LOOP('',(#1668,#1669,#1670,#1671));
#2885=EDGE_LOOP('',(#1672,#1673,#1674,#1675));
#2886=EDGE_LOOP('',(#1676,#1677,#1678,#1679));
#2887=EDGE_LOOP('',(#1680,#1681,#1682,#1683));
#2888=EDGE_LOOP('',(#1684,#1685,#1686,#1687));
#2889=EDGE_LOOP('',(#1688,#1689,#1690,#1691));
#2890=EDGE_LOOP('',(#1692,#1693,#1694,#1695));
#2891=EDGE_LOOP('',(#1696,#1697,#1698,#1699));
#2892=EDGE_LOOP('',(#1700,#1701,#1702,#1703));
#2893=EDGE_LOOP('',(#1704,#1705,#1706,#1707));
#2894=EDGE_LOOP('',(#1708,#1709,#1710,#1711));
#2895=EDGE_LOOP('',(#1712,#1713,#1714,#1715));
#2896=EDGE_LOOP('',(#1716,#1717,#1718,#1719));
#2897=EDGE_LOOP('',(#1720,#1721,#1722,#1723,#1724,#1725,#1726,#1727,#1728,
#1729,#1730,#1731,#1732,#1733));
#2898=EDGE_LOOP('',(#1734,#1735,#1736,#1737));
#2899=EDGE_LOOP('',(#1738,#1739,#1740,#1741));
#2900=EDGE_LOOP('',(#1742,#1743,#1744,#1745));
#2901=EDGE_LOOP('',(#1746,#1747,#1748,#1749));
#2902=EDGE_LOOP('',(#1750,#1751,#1752,#1753));
#2903=EDGE_LOOP('',(#1754,#1755,#1756,#1757));
#2904=EDGE_LOOP('',(#1758,#1759,#1760,#1761));
#2905=EDGE_LOOP('',(#1762,#1763,#1764,#1765));
#2906=EDGE_LOOP('',(#1766,#1767,#1768,#1769));
#2907=EDGE_LOOP('',(#1770,#1771,#1772,#1773));
#2908=EDGE_LOOP('',(#1774,#1775,#1776,#1777));
#2909=EDGE_LOOP('',(#1778,#1779,#1780,#1781));
#2910=EDGE_LOOP('',(#1782,#1783,#1784,#1785));
#2911=EDGE_LOOP('',(#1786,#1787,#1788,#1789));
#2912=EDGE_LOOP('',(#1790,#1791,#1792,#1793,#1794,#1795,#1796,#1797,#1798,
#1799,#1800,#1801,#1802,#1803));
#2913=EDGE_LOOP('',(#1804,#1805,#1806,#1807));
#2914=EDGE_LOOP('',(#1808,#1809,#1810,#1811));
#2915=EDGE_LOOP('',(#1812,#1813,#1814,#1815));
#2916=EDGE_LOOP('',(#1816,#1817,#1818,#1819));
#2917=EDGE_LOOP('',(#1820,#1821,#1822,#1823));
#2918=EDGE_LOOP('',(#1824,#1825,#1826,#1827));
#2919=EDGE_LOOP('',(#1828,#1829,#1830,#1831));
#2920=EDGE_LOOP('',(#1832,#1833,#1834,#1835));
#2921=EDGE_LOOP('',(#1836,#1837,#1838,#1839));
#2922=EDGE_LOOP('',(#1840,#1841,#1842,#1843));
#2923=EDGE_LOOP('',(#1844,#1845,#1846,#1847));
#2924=EDGE_LOOP('',(#1848,#1849,#1850,#1851));
#2925=EDGE_LOOP('',(#1852,#1853,#1854,#1855,#1856,#1857,#1858,#1859,#1860,
#1861,#1862,#1863));
#2926=EDGE_LOOP('',(#1864));
#2927=EDGE_LOOP('',(#1865));
#2928=EDGE_LOOP('',(#1866));
#2929=EDGE_LOOP('',(#1867));
#2930=EDGE_LOOP('',(#1868));
#2931=EDGE_LOOP('',(#1869));
#2932=EDGE_LOOP('',(#1870));
#2933=EDGE_LOOP('',(#1871));
#2934=EDGE_LOOP('',(#1872));
#2935=EDGE_LOOP('',(#1873));
#2936=EDGE_LOOP('',(#1874));
#2937=EDGE_LOOP('',(#1875));
#2938=EDGE_LOOP('',(#1876));
#2939=EDGE_LOOP('',(#1877));
#2940=EDGE_LOOP('',(#1878));
#2941=EDGE_LOOP('',(#1879));
#2942=FACE_BOUND('',#2722,.T.);
#2943=FACE_BOUND('',#2723,.T.);
#2944=FACE_BOUND('',#2724,.T.);
#2945=FACE_BOUND('',#2725,.T.);
#2946=FACE_BOUND('',#2726,.T.);
#2947=FACE_BOUND('',#2727,.T.);
#2948=FACE_BOUND('',#2728,.T.);
#2949=FACE_BOUND('',#2729,.T.);
#2950=FACE_BOUND('',#2730,.T.);
#2951=FACE_BOUND('',#2731,.T.);
#2952=FACE_BOUND('',#2732,.T.);
#2953=FACE_BOUND('',#2733,.T.);
#2954=FACE_BOUND('',#2734,.T.);
#2955=FACE_BOUND('',#2735,.T.);
#2956=FACE_BOUND('',#2736,.T.);
#2957=FACE_BOUND('',#2737,.T.);
#2958=FACE_BOUND('',#2738,.T.);
#2959=FACE_BOUND('',#2739,.T.);
#2960=FACE_BOUND('',#2740,.T.);
#2961=FACE_BOUND('',#2741,.T.);
#2962=FACE_BOUND('',#2742,.T.);
#2963=FACE_BOUND('',#2743,.T.);
#2964=FACE_BOUND('',#2744,.T.);
#2965=FACE_BOUND('',#2745,.T.);
#2966=FACE_BOUND('',#2746,.T.);
#2967=FACE_BOUND('',#2747,.T.);
#2968=FACE_BOUND('',#2748,.T.);
#2969=FACE_BOUND('',#2749,.T.);
#2970=FACE_BOUND('',#2750,.T.);
#2971=FACE_BOUND('',#2751,.T.);
#2972=FACE_BOUND('',#2752,.T.);
#2973=FACE_BOUND('',#2753,.T.);
#2974=FACE_BOUND('',#2754,.T.);
#2975=FACE_BOUND('',#2755,.T.);
#2976=FACE_BOUND('',#2756,.T.);
#2977=FACE_BOUND('',#2757,.T.);
#2978=FACE_BOUND('',#2758,.T.);
#2979=FACE_BOUND('',#2759,.T.);
#2980=FACE_BOUND('',#2760,.T.);
#2981=FACE_BOUND('',#2761,.T.);
#2982=FACE_BOUND('',#2762,.T.);
#2983=FACE_BOUND('',#2763,.T.);
#2984=FACE_BOUND('',#2764,.T.);
#2985=FACE_BOUND('',#2765,.T.);
#2986=FACE_BOUND('',#2766,.T.);
#2987=FACE_BOUND('',#2767,.T.);
#2988=FACE_BOUND('',#2768,.T.);
#2989=FACE_BOUND('',#2769,.T.);
#2990=FACE_BOUND('',#2770,.T.);
#2991=FACE_BOUND('',#2771,.T.);
#2992=FACE_BOUND('',#2772,.T.);
#2993=FACE_BOUND('',#2773,.T.);
#2994=FACE_BOUND('',#2774,.T.);
#2995=FACE_BOUND('',#2775,.T.);
#2996=FACE_BOUND('',#2776,.T.);
#2997=FACE_BOUND('',#2777,.T.);
#2998=FACE_BOUND('',#2778,.T.);
#2999=FACE_BOUND('',#2779,.T.);
#3000=FACE_BOUND('',#2780,.T.);
#3001=FACE_BOUND('',#2781,.T.);
#3002=FACE_BOUND('',#2782,.T.);
#3003=FACE_BOUND('',#2783,.T.);
#3004=FACE_BOUND('',#2784,.T.);
#3005=FACE_BOUND('',#2785,.T.);
#3006=FACE_BOUND('',#2786,.T.);
#3007=FACE_BOUND('',#2787,.T.);
#3008=FACE_BOUND('',#2788,.T.);
#3009=FACE_BOUND('',#2789,.T.);
#3010=FACE_BOUND('',#2790,.T.);
#3011=FACE_BOUND('',#2791,.T.);
#3012=FACE_BOUND('',#2792,.T.);
#3013=FACE_BOUND('',#2793,.T.);
#3014=FACE_BOUND('',#2794,.T.);
#3015=FACE_BOUND('',#2795,.T.);
#3016=FACE_BOUND('',#2796,.T.);
#3017=FACE_BOUND('',#2797,.T.);
#3018=FACE_BOUND('',#2798,.T.);
#3019=FACE_BOUND('',#2799,.T.);
#3020=FACE_BOUND('',#2800,.T.);
#3021=FACE_BOUND('',#2801,.T.);
#3022=FACE_BOUND('',#2802,.T.);
#3023=FACE_BOUND('',#2803,.T.);
#3024=FACE_BOUND('',#2804,.T.);
#3025=FACE_BOUND('',#2805,.T.);
#3026=FACE_BOUND('',#2806,.T.);
#3027=FACE_BOUND('',#2807,.T.);
#3028=FACE_BOUND('',#2808,.T.);
#3029=FACE_BOUND('',#2809,.T.);
#3030=FACE_BOUND('',#2810,.T.);
#3031=FACE_BOUND('',#2811,.T.);
#3032=FACE_BOUND('',#2812,.T.);
#3033=FACE_BOUND('',#2813,.T.);
#3034=FACE_BOUND('',#2814,.T.);
#3035=FACE_BOUND('',#2815,.T.);
#3036=FACE_BOUND('',#2816,.T.);
#3037=FACE_BOUND('',#2817,.T.);
#3038=FACE_BOUND('',#2818,.T.);
#3039=FACE_BOUND('',#2819,.T.);
#3040=FACE_BOUND('',#2820,.T.);
#3041=FACE_BOUND('',#2821,.T.);
#3042=FACE_BOUND('',#2822,.T.);
#3043=FACE_BOUND('',#2823,.T.);
#3044=FACE_BOUND('',#2824,.T.);
#3045=FACE_BOUND('',#2825,.T.);
#3046=FACE_BOUND('',#2826,.T.);
#3047=FACE_BOUND('',#2827,.T.);
#3048=FACE_BOUND('',#2828,.T.);
#3049=FACE_BOUND('',#2829,.T.);
#3050=FACE_BOUND('',#2830,.T.);
#3051=FACE_BOUND('',#2831,.T.);
#3052=FACE_BOUND('',#2832,.T.);
#3053=FACE_BOUND('',#2833,.T.);
#3054=FACE_BOUND('',#2834,.T.);
#3055=FACE_BOUND('',#2835,.T.);
#3056=FACE_BOUND('',#2836,.T.);
#3057=FACE_BOUND('',#2837,.T.);
#3058=FACE_BOUND('',#2838,.T.);
#3059=FACE_BOUND('',#2839,.T.);
#3060=FACE_BOUND('',#2840,.T.);
#3061=FACE_BOUND('',#2841,.T.);
#3062=FACE_BOUND('',#2842,.T.);
#3063=FACE_BOUND('',#2843,.T.);
#3064=FACE_BOUND('',#2844,.T.);
#3065=FACE_BOUND('',#2845,.T.);
#3066=FACE_BOUND('',#2846,.T.);
#3067=FACE_BOUND('',#2847,.T.);
#3068=FACE_BOUND('',#2848,.T.);
#3069=FACE_BOUND('',#2849,.T.);
#3070=FACE_BOUND('',#2850,.T.);
#3071=FACE_BOUND('',#2851,.T.);
#3072=FACE_BOUND('',#2852,.T.);
#3073=FACE_BOUND('',#2853,.T.);
#3074=FACE_BOUND('',#2854,.T.);
#3075=FACE_BOUND('',#2855,.T.);
#3076=FACE_BOUND('',#2856,.T.);
#3077=FACE_BOUND('',#2857,.T.);
#3078=FACE_BOUND('',#2858,.T.);
#3079=FACE_BOUND('',#2859,.T.);
#3080=FACE_BOUND('',#2860,.T.);
#3081=FACE_BOUND('',#2861,.T.);
#3082=FACE_BOUND('',#2862,.T.);
#3083=FACE_BOUND('',#2863,.T.);
#3084=FACE_BOUND('',#2864,.T.);
#3085=FACE_BOUND('',#2865,.T.);
#3086=FACE_BOUND('',#2866,.T.);
#3087=FACE_BOUND('',#2867,.T.);
#3088=FACE_BOUND('',#2868,.T.);
#3089=FACE_BOUND('',#2869,.T.);
#3090=FACE_BOUND('',#2870,.T.);
#3091=FACE_BOUND('',#2871,.T.);
#3092=FACE_BOUND('',#2872,.T.);
#3093=FACE_BOUND('',#2873,.T.);
#3094=FACE_BOUND('',#2874,.T.);
#3095=FACE_BOUND('',#2875,.T.);
#3096=FACE_BOUND('',#2876,.T.);
#3097=FACE_BOUND('',#2877,.T.);
#3098=FACE_BOUND('',#2878,.T.);
#3099=FACE_BOUND('',#2879,.T.);
#3100=FACE_BOUND('',#2880,.T.);
#3101=FACE_BOUND('',#2881,.T.);
#3102=FACE_BOUND('',#2882,.T.);
#3103=FACE_BOUND('',#2883,.T.);
#3104=FACE_BOUND('',#2884,.T.);
#3105=FACE_BOUND('',#2885,.T.);
#3106=FACE_BOUND('',#2886,.T.);
#3107=FACE_BOUND('',#2887,.T.);
#3108=FACE_BOUND('',#2888,.T.);
#3109=FACE_BOUND('',#2889,.T.);
#3110=FACE_BOUND('',#2890,.T.);
#3111=FACE_BOUND('',#2891,.T.);
#3112=FACE_BOUND('',#2892,.T.);
#3113=FACE_BOUND('',#2893,.T.);
#3114=FACE_BOUND('',#2894,.T.);
#3115=FACE_BOUND('',#2895,.T.);
#3116=FACE_BOUND('',#2896,.T.);
#3117=FACE_BOUND('',#2897,.T.);
#3118=FACE_BOUND('',#2898,.T.);
#3119=FACE_BOUND('',#2899,.T.);
#3120=FACE_BOUND('',#2900,.T.);
#3121=FACE_BOUND('',#2901,.T.);
#3122=FACE_BOUND('',#2902,.T.);
#3123=FACE_BOUND('',#2903,.T.);
#3124=FACE_BOUND('',#2904,.T.);
#3125=FACE_BOUND('',#2905,.T.);
#3126=FACE_BOUND('',#2906,.T.);
#3127=FACE_BOUND('',#2907,.T.);
#3128=FACE_BOUND('',#2908,.T.);
#3129=FACE_BOUND('',#2909,.T.);
#3130=FACE_BOUND('',#2910,.T.);
#3131=FACE_BOUND('',#2911,.T.);
#3132=FACE_BOUND('',#2912,.T.);
#3133=FACE_BOUND('',#2913,.T.);
#3134=FACE_BOUND('',#2914,.T.);
#3135=FACE_BOUND('',#2915,.T.);
#3136=FACE_BOUND('',#2916,.T.);
#3137=FACE_BOUND('',#2917,.T.);
#3138=FACE_BOUND('',#2918,.T.);
#3139=FACE_BOUND('',#2919,.T.);
#3140=FACE_BOUND('',#2920,.T.);
#3141=FACE_BOUND('',#2921,.T.);
#3142=FACE_BOUND('',#2922,.T.);
#3143=FACE_BOUND('',#2923,.T.);
#3144=FACE_BOUND('',#2924,.T.);
#3145=FACE_BOUND('',#2925,.T.);
#3146=FACE_BOUND('',#2926,.T.);
#3147=FACE_BOUND('',#2927,.T.);
#3148=FACE_BOUND('',#2928,.T.);
#3149=FACE_BOUND('',#2929,.T.);
#3150=FACE_BOUND('',#2930,.T.);
#3151=FACE_BOUND('',#2931,.T.);
#3152=FACE_BOUND('',#2932,.T.);
#3153=FACE_BOUND('',#2933,.T.);
#3154=FACE_BOUND('',#2934,.T.);
#3155=FACE_BOUND('',#2935,.T.);
#3156=FACE_BOUND('',#2936,.T.);
#3157=FACE_BOUND('',#2937,.T.);
#3158=FACE_BOUND('',#2938,.T.);
#3159=FACE_BOUND('',#2939,.T.);
#3160=FACE_BOUND('',#2940,.T.);
#3161=FACE_BOUND('',#2941,.T.);
#3162=CYLINDRICAL_SURFACE('',#3427,0.0017);
#3163=CYLINDRICAL_SURFACE('',#3430,0.003);
#3164=CYLINDRICAL_SURFACE('',#3436,0.0017);
#3165=CYLINDRICAL_SURFACE('',#3439,0.003);
#3166=CYLINDRICAL_SURFACE('',#3459,0.003);
#3167=CYLINDRICAL_SURFACE('',#3462,0.003);
#3168=CYLINDRICAL_SURFACE('',#3465,0.003);
#3169=CYLINDRICAL_SURFACE('',#3468,0.003);
#3170=CYLINDRICAL_SURFACE('',#3485,0.005);
#3171=CYLINDRICAL_SURFACE('',#3486,0.005);
#3172=CYLINDRICAL_SURFACE('',#3487,0.005);
#3173=CYLINDRICAL_SURFACE('',#3488,0.005);
#3174=CYLINDRICAL_SURFACE('',#3545,0.00672935856181664);
#3175=CYLINDRICAL_SURFACE('',#3551,0.00285498230688293);
#3176=CYLINDRICAL_SURFACE('',#3554,0.00338627999943275);
#3177=CYLINDRICAL_SURFACE('',#3556,0.00315058836713141);
#3178=CYLINDRICAL_SURFACE('',#3558,0.00249331003921105);
#3179=CYLINDRICAL_SURFACE('',#3560,0.00894204042980272);
#3180=CYLINDRICAL_SURFACE('',#3586,0.0017);
#3181=CYLINDRICAL_SURFACE('',#3589,0.003);
#3182=CYLINDRICAL_SURFACE('',#3595,0.0017);
#3183=CYLINDRICAL_SURFACE('',#3598,0.003);
#3184=ADVANCED_FACE('',(#2942,#2943),#3162,.F.);
#3185=ADVANCED_FACE('',(#2944,#2945),#3163,.T.);
#3186=ADVANCED_FACE('',(#2946,#2947),#826,.T.);
#3187=ADVANCED_FACE('',(#2948,#2949),#827,.F.);
#3188=ADVANCED_FACE('',(#2950,#2951),#3164,.F.);
#3189=ADVANCED_FACE('',(#2952,#2953),#3165,.T.);
#3190=ADVANCED_FACE('',(#2954,#2955),#828,.T.);
#3191=ADVANCED_FACE('',(#2956,#2957),#829,.F.);
#3192=ADVANCED_FACE('',(#2958,#2959,#2960,#2961,#2962,#2963,#2964,#2965,
#2966,#2967,#2968),#830,.T.);
#3193=ADVANCED_FACE('',(#2969),#831,.T.);
#3194=ADVANCED_FACE('',(#2970),#832,.T.);
#3195=ADVANCED_FACE('',(#2971),#833,.F.);
#3196=ADVANCED_FACE('',(#2972),#834,.F.);
#3197=ADVANCED_FACE('',(#2973),#835,.T.);
#3198=ADVANCED_FACE('',(#2974),#836,.F.);
#3199=ADVANCED_FACE('',(#2975),#837,.F.);
#3200=ADVANCED_FACE('',(#2976,#2977),#3166,.F.);
#3201=ADVANCED_FACE('',(#2978,#2979),#3167,.F.);
#3202=ADVANCED_FACE('',(#2980,#2981),#3168,.F.);
#3203=ADVANCED_FACE('',(#2982,#2983),#3169,.F.);
#3204=ADVANCED_FACE('',(#2984),#838,.T.);
#3205=ADVANCED_FACE('',(#2985,#2986,#2987,#2988,#2989),#839,.T.);
#3206=ADVANCED_FACE('',(#2990,#2991,#2992,#2993,#2994),#840,.F.);
#3207=ADVANCED_FACE('',(#2995),#841,.F.);
#3208=ADVANCED_FACE('',(#2996),#842,.T.);
#3209=ADVANCED_FACE('',(#2997),#843,.T.);
#3210=ADVANCED_FACE('',(#2998),#3170,.T.);
#3211=ADVANCED_FACE('',(#2999),#3171,.T.);
#3212=ADVANCED_FACE('',(#3000),#3172,.T.);
#3213=ADVANCED_FACE('',(#3001),#3173,.T.);
#3214=ADVANCED_FACE('',(#3002),#844,.T.);
#3215=ADVANCED_FACE('',(#3003),#845,.T.);
#3216=ADVANCED_FACE('',(#3004),#846,.T.);
#3217=ADVANCED_FACE('',(#3005),#847,.T.);
#3218=ADVANCED_FACE('',(#3006),#848,.T.);
#3219=ADVANCED_FACE('',(#3007),#849,.T.);
#3220=ADVANCED_FACE('',(#3008),#850,.T.);
#3221=ADVANCED_FACE('',(#3009),#851,.T.);
#3222=ADVANCED_FACE('',(#3010),#852,.T.);
#3223=ADVANCED_FACE('',(#3011),#853,.T.);
#3224=ADVANCED_FACE('',(#3012),#854,.T.);
#3225=ADVANCED_FACE('',(#3013),#855,.T.);
#3226=ADVANCED_FACE('',(#3014),#856,.T.);
#3227=ADVANCED_FACE('',(#3015),#857,.T.);
#3228=ADVANCED_FACE('',(#3016),#858,.T.);
#3229=ADVANCED_FACE('',(#3017),#859,.T.);
#3230=ADVANCED_FACE('',(#3018),#860,.T.);
#3231=ADVANCED_FACE('',(#3019),#861,.T.);
#3232=ADVANCED_FACE('',(#3020),#862,.T.);
#3233=ADVANCED_FACE('',(#3021),#863,.T.);
#3234=ADVANCED_FACE('',(#3022),#864,.T.);
#3235=ADVANCED_FACE('',(#3023),#865,.T.);
#3236=ADVANCED_FACE('',(#3024),#10,.T.);
#3237=ADVANCED_FACE('',(#3025),#866,.T.);
#3238=ADVANCED_FACE('',(#3026),#867,.T.);
#3239=ADVANCED_FACE('',(#3027),#868,.T.);
#3240=ADVANCED_FACE('',(#3028),#869,.T.);
#3241=ADVANCED_FACE('',(#3029),#870,.T.);
#3242=ADVANCED_FACE('',(#3030),#871,.T.);
#3243=ADVANCED_FACE('',(#3031),#872,.T.);
#3244=ADVANCED_FACE('',(#3032),#11,.T.);
#3245=ADVANCED_FACE('',(#3033),#12,.T.);
#3246=ADVANCED_FACE('',(#3034),#13,.T.);
#3247=ADVANCED_FACE('',(#3035),#873,.T.);
#3248=ADVANCED_FACE('',(#3036),#14,.T.);
#3249=ADVANCED_FACE('',(#3037),#15,.T.);
#3250=ADVANCED_FACE('',(#3038),#874,.T.);
#3251=ADVANCED_FACE('',(#3039),#875,.T.);
#3252=ADVANCED_FACE('',(#3040),#16,.T.);
#3253=ADVANCED_FACE('',(#3041),#17,.T.);
#3254=ADVANCED_FACE('',(#3042),#18,.T.);
#3255=ADVANCED_FACE('',(#3043),#19,.T.);
#3256=ADVANCED_FACE('',(#3044),#20,.T.);
#3257=ADVANCED_FACE('',(#3045),#21,.T.);
#3258=ADVANCED_FACE('',(#3046),#876,.T.);
#3259=ADVANCED_FACE('',(#3047),#877,.T.);
#3260=ADVANCED_FACE('',(#3048),#22,.T.);
#3261=ADVANCED_FACE('',(#3049),#23,.T.);
#3262=ADVANCED_FACE('',(#3050),#24,.T.);
#3263=ADVANCED_FACE('',(#3051),#25,.T.);
#3264=ADVANCED_FACE('',(#3052),#26,.T.);
#3265=ADVANCED_FACE('',(#3053),#27,.T.);
#3266=ADVANCED_FACE('',(#3054),#28,.T.);
#3267=ADVANCED_FACE('',(#3055),#878,.T.);
#3268=ADVANCED_FACE('',(#3056),#879,.T.);
#3269=ADVANCED_FACE('',(#3057),#880,.T.);
#3270=ADVANCED_FACE('',(#3058),#881,.T.);
#3271=ADVANCED_FACE('',(#3059),#882,.T.);
#3272=ADVANCED_FACE('',(#3060),#883,.T.);
#3273=ADVANCED_FACE('',(#3061),#29,.T.);
#3274=ADVANCED_FACE('',(#3062),#884,.T.);
#3275=ADVANCED_FACE('',(#3063),#885,.T.);
#3276=ADVANCED_FACE('',(#3064),#886,.T.);
#3277=ADVANCED_FACE('',(#3065),#887,.T.);
#3278=ADVANCED_FACE('',(#3066),#888,.T.);
#3279=ADVANCED_FACE('',(#3067),#30,.T.);
#3280=ADVANCED_FACE('',(#3068),#31,.T.);
#3281=ADVANCED_FACE('',(#3069),#32,.T.);
#3282=ADVANCED_FACE('',(#3070),#889,.T.);
#3283=ADVANCED_FACE('',(#3071),#33,.T.);
#3284=ADVANCED_FACE('',(#3072),#34,.T.);
#3285=ADVANCED_FACE('',(#3073),#890,.T.);
#3286=ADVANCED_FACE('',(#3074),#891,.T.);
#3287=ADVANCED_FACE('',(#3075),#35,.T.);
#3288=ADVANCED_FACE('',(#3076),#36,.T.);
#3289=ADVANCED_FACE('',(#3077),#37,.T.);
#3290=ADVANCED_FACE('',(#3078),#38,.T.);
#3291=ADVANCED_FACE('',(#3079),#39,.T.);
#3292=ADVANCED_FACE('',(#3080),#40,.T.);
#3293=ADVANCED_FACE('',(#3081),#892,.T.);
#3294=ADVANCED_FACE('',(#3082),#893,.T.);
#3295=ADVANCED_FACE('',(#3083),#894,.T.);
#3296=ADVANCED_FACE('',(#3084),#895,.T.);
#3297=ADVANCED_FACE('',(#3085),#896,.T.);
#3298=ADVANCED_FACE('',(#3086),#897,.T.);
#3299=ADVANCED_FACE('',(#3087),#898,.T.);
#3300=ADVANCED_FACE('',(#3088),#41,.T.);
#3301=ADVANCED_FACE('',(#3089),#899,.T.);
#3302=ADVANCED_FACE('',(#3090),#3174,.F.);
#3303=ADVANCED_FACE('',(#3091),#900,.T.);
#3304=ADVANCED_FACE('',(#3092),#901,.T.);
#3305=ADVANCED_FACE('',(#3093),#902,.T.);
#3306=ADVANCED_FACE('',(#3094),#42,.T.);
#3307=ADVANCED_FACE('',(#3095),#43,.T.);
#3308=ADVANCED_FACE('',(#3096),#44,.T.);
#3309=ADVANCED_FACE('',(#3097),#45,.T.);
#3310=ADVANCED_FACE('',(#3098),#46,.T.);
#3311=ADVANCED_FACE('',(#3099),#47,.T.);
#3312=ADVANCED_FACE('',(#3100),#48,.T.);
#3313=ADVANCED_FACE('',(#3101),#49,.T.);
#3314=ADVANCED_FACE('',(#3102),#903,.T.);
#3315=ADVANCED_FACE('',(#3103),#50,.T.);
#3316=ADVANCED_FACE('',(#3104),#51,.T.);
#3317=ADVANCED_FACE('',(#3105),#3175,.F.);
#3318=ADVANCED_FACE('',(#3106),#904,.T.);
#3319=ADVANCED_FACE('',(#3107),#3176,.T.);
#3320=ADVANCED_FACE('',(#3108),#3177,.T.);
#3321=ADVANCED_FACE('',(#3109),#52,.T.);
#3322=ADVANCED_FACE('',(#3110),#53,.T.);
#3323=ADVANCED_FACE('',(#3111),#3178,.T.);
#3324=ADVANCED_FACE('',(#3112),#3179,.T.);
#3325=ADVANCED_FACE('',(#3113),#905,.T.);
#3326=ADVANCED_FACE('',(#3114),#54,.T.);
#3327=ADVANCED_FACE('',(#3115),#55,.T.);
#3328=ADVANCED_FACE('',(#3116),#56,.T.);
#3329=ADVANCED_FACE('',(#3117),#906,.T.);
#3330=ADVANCED_FACE('',(#3118),#57,.T.);
#3331=ADVANCED_FACE('',(#3119),#58,.T.);
#3332=ADVANCED_FACE('',(#3120),#907,.T.);
#3333=ADVANCED_FACE('',(#3121),#908,.T.);
#3334=ADVANCED_FACE('',(#3122),#909,.T.);
#3335=ADVANCED_FACE('',(#3123),#910,.T.);
#3336=ADVANCED_FACE('',(#3124),#911,.T.);
#3337=ADVANCED_FACE('',(#3125),#912,.T.);
#3338=ADVANCED_FACE('',(#3126),#59,.T.);
#3339=ADVANCED_FACE('',(#3127),#913,.T.);
#3340=ADVANCED_FACE('',(#3128),#60,.T.);
#3341=ADVANCED_FACE('',(#3129),#61,.T.);
#3342=ADVANCED_FACE('',(#3130),#62,.T.);
#3343=ADVANCED_FACE('',(#3131),#63,.T.);
#3344=ADVANCED_FACE('',(#3132),#914,.T.);
#3345=ADVANCED_FACE('',(#3133),#915,.T.);
#3346=ADVANCED_FACE('',(#3134),#916,.T.);
#3347=ADVANCED_FACE('',(#3135),#917,.T.);
#3348=ADVANCED_FACE('',(#3136),#918,.T.);
#3349=ADVANCED_FACE('',(#3137),#919,.T.);
#3350=ADVANCED_FACE('',(#3138),#920,.T.);
#3351=ADVANCED_FACE('',(#3139),#921,.T.);
#3352=ADVANCED_FACE('',(#3140),#922,.T.);
#3353=ADVANCED_FACE('',(#3141),#923,.T.);
#3354=ADVANCED_FACE('',(#3142),#924,.T.);
#3355=ADVANCED_FACE('',(#3143),#925,.T.);
#3356=ADVANCED_FACE('',(#3144),#926,.T.);
#3357=ADVANCED_FACE('',(#3145),#927,.T.);
#3358=ADVANCED_FACE('',(#3146,#3147),#3180,.F.);
#3359=ADVANCED_FACE('',(#3148,#3149),#3181,.T.);
#3360=ADVANCED_FACE('',(#3150,#3151),#928,.T.);
#3361=ADVANCED_FACE('',(#3152,#3153),#929,.F.);
#3362=ADVANCED_FACE('',(#3154,#3155),#3182,.F.);
#3363=ADVANCED_FACE('',(#3156,#3157),#3183,.T.);
#3364=ADVANCED_FACE('',(#3158,#3159),#930,.T.);
#3365=ADVANCED_FACE('',(#3160,#3161),#931,.F.);
#3366=CLOSED_SHELL('',(#3184,#3185,#3186,#3187));
#3367=CLOSED_SHELL('',(#3188,#3189,#3190,#3191));
#3368=CLOSED_SHELL('',(#3192,#3193,#3194,#3195,#3196,#3197,#3198,#3199,
#3200,#3201,#3202,#3203,#3204,#3205,#3206,#3207,#3208,#3209,#3210,#3211,
#3212,#3213,#3214,#3215,#3216,#3217,#3218,#3219,#3220,#3221,#3222,#3223,
#3224,#3225,#3226,#3227,#3228,#3229,#3230,#3231,#3232,#3233,#3234,#3235,
#3236,#3237,#3238,#3239,#3240,#3241,#3242,#3243,#3244,#3245,#3246,#3247,
#3248,#3249,#3250,#3251,#3252,#3253,#3254,#3255,#3256,#3257,#3258,#3259,
#3260,#3261,#3262,#3263,#3264,#3265,#3266,#3267,#3268,#3269,#3270,#3271,
#3272,#3273,#3274,#3275,#3276,#3277,#3278,#3279,#3280,#3281,#3282,#3283,
#3284,#3285,#3286,#3287,#3288,#3289,#3290,#3291,#3292,#3293,#3294,#3295,
#3296,#3297,#3298,#3299,#3300,#3301,#3302,#3303,#3304,#3305,#3306,#3307,
#3308,#3309,#3310,#3311,#3312,#3313,#3314,#3315,#3316,#3317,#3318,#3319,
#3320,#3321,#3322,#3323,#3324,#3325,#3326,#3327,#3328,#3329,#3330,#3331,
#3332,#3333,#3334,#3335,#3336,#3337,#3338,#3339,#3340,#3341,#3342,#3343,
#3344,#3345,#3346,#3347,#3348,#3349,#3350,#3351,#3352,#3353,#3354,#3355,
#3356,#3357));
#3369=CLOSED_SHELL('',(#3358,#3359,#3360,#3361));
#3370=CLOSED_SHELL('',(#3362,#3363,#3364,#3365));
#3371=STYLED_ITEM('',(#3376),#3411);
#3372=STYLED_ITEM('',(#3377),#3412);
#3373=STYLED_ITEM('',(#3378),#3413);
#3374=STYLED_ITEM('',(#3379),#3414);
#3375=STYLED_ITEM('',(#3380),#3415);
#3376=PRESENTATION_STYLE_ASSIGNMENT((#3381));
#3377=PRESENTATION_STYLE_ASSIGNMENT((#3382));
#3378=PRESENTATION_STYLE_ASSIGNMENT((#3383));
#3379=PRESENTATION_STYLE_ASSIGNMENT((#3384));
#3380=PRESENTATION_STYLE_ASSIGNMENT((#3385));
#3381=SURFACE_STYLE_USAGE(.BOTH.,#3386);
#3382=SURFACE_STYLE_USAGE(.BOTH.,#3387);
#3383=SURFACE_STYLE_USAGE(.BOTH.,#3388);
#3384=SURFACE_STYLE_USAGE(.BOTH.,#3389);
#3385=SURFACE_STYLE_USAGE(.BOTH.,#3390);
#3386=SURFACE_SIDE_STYLE('',(#3391));
#3387=SURFACE_SIDE_STYLE('',(#3392));
#3388=SURFACE_SIDE_STYLE('',(#3393));
#3389=SURFACE_SIDE_STYLE('',(#3394));
#3390=SURFACE_SIDE_STYLE('',(#3395));
#3391=SURFACE_STYLE_FILL_AREA(#3396);
#3392=SURFACE_STYLE_FILL_AREA(#3397);
#3393=SURFACE_STYLE_FILL_AREA(#3398);
#3394=SURFACE_STYLE_FILL_AREA(#3399);
#3395=SURFACE_STYLE_FILL_AREA(#3400);
#3396=FILL_AREA_STYLE('',(#3401));
#3397=FILL_AREA_STYLE('',(#3402));
#3398=FILL_AREA_STYLE('',(#3403));
#3399=FILL_AREA_STYLE('',(#3404));
#3400=FILL_AREA_STYLE('',(#3405));
#3401=FILL_AREA_STYLE_COLOUR('',#3406);
#3402=FILL_AREA_STYLE_COLOUR('',#3407);
#3403=FILL_AREA_STYLE_COLOUR('',#3408);
#3404=FILL_AREA_STYLE_COLOUR('',#3409);
#3405=FILL_AREA_STYLE_COLOUR('',#3410);
#3406=COLOUR_RGB('',0.917647058823529,0.917647058823529,0.917647058823529);
#3407=COLOUR_RGB('',0.647058823529412,0.647058823529412,0.647058823529412);
#3408=COLOUR_RGB('',0.768627450980392,0.886274509803922,0.952941176470588);
#3409=COLOUR_RGB('',0.615686274509804,0.811764705882353,0.929411764705882);
#3410=COLOUR_RGB('',0.231372549019608,0.380392156862745,0.705882352941177);
#3411=MANIFOLD_SOLID_BREP('Part 4',#3366);
#3412=MANIFOLD_SOLID_BREP('Part 2',#3367);
#3413=MANIFOLD_SOLID_BREP('Part 5',#3368);
#3414=MANIFOLD_SOLID_BREP('Part 1',#3369);
#3415=MANIFOLD_SOLID_BREP('Part 3',#3370);
#3416=SHAPE_DEFINITION_REPRESENTATION(#5888,#3421);
#3417=SHAPE_DEFINITION_REPRESENTATION(#5889,#3422);
#3418=SHAPE_DEFINITION_REPRESENTATION(#5890,#3423);
#3419=SHAPE_DEFINITION_REPRESENTATION(#5891,#3424);
#3420=SHAPE_DEFINITION_REPRESENTATION(#5892,#3425);
#3421=SHAPE_REPRESENTATION('Part 4',(#3426),#5863);
#3422=SHAPE_REPRESENTATION('Part 2',(#3435),#5864);
#3423=SHAPE_REPRESENTATION('Part 5',(#3444),#5865);
#3424=SHAPE_REPRESENTATION('Part 1',(#3585),#5866);
#3425=SHAPE_REPRESENTATION('Part 3',(#3594),#5867);
#3426=AXIS2_PLACEMENT_3D('',#4279,#3603,#3604);
#3427=AXIS2_PLACEMENT_3D('',#4280,#3605,#3606);
#3428=AXIS2_PLACEMENT_3D('',#4281,#3607,#3608);
#3429=AXIS2_PLACEMENT_3D('',#4283,#3609,#3610);
#3430=AXIS2_PLACEMENT_3D('',#4285,#3611,#3612);
#3431=AXIS2_PLACEMENT_3D('',#4286,#3613,#3614);
#3432=AXIS2_PLACEMENT_3D('',#4288,#3615,#3616);
#3433=AXIS2_PLACEMENT_3D('',#4290,#3617,#3618);
#3434=AXIS2_PLACEMENT_3D('',#4291,#3619,#3620);
#3435=AXIS2_PLACEMENT_3D('',#4292,#3621,#3622);
#3436=AXIS2_PLACEMENT_3D('',#4293,#3623,#3624);
#3437=AXIS2_PLACEMENT_3D('',#4294,#3625,#3626);
#3438=AXIS2_PLACEMENT_3D('',#4296,#3627,#3628);
#3439=AXIS2_PLACEMENT_3D('',#4298,#3629,#3630);
#3440=AXIS2_PLACEMENT_3D('',#4299,#3631,#3632);
#3441=AXIS2_PLACEMENT_3D('',#4301,#3633,#3634);
#3442=AXIS2_PLACEMENT_3D('',#4303,#3635,#3636);
#3443=AXIS2_PLACEMENT_3D('',#4304,#3637,#3638);
#3444=AXIS2_PLACEMENT_3D('',#4305,#3639,#3640);
#3445=AXIS2_PLACEMENT_3D('',#4306,#3641,#3642);
#3446=AXIS2_PLACEMENT_3D('',#4538,#3696,#3697);
#3447=AXIS2_PLACEMENT_3D('',#4606,#3703,#3704);
#3448=AXIS2_PLACEMENT_3D('',#4608,#3705,#3706);
#3449=AXIS2_PLACEMENT_3D('',#4618,#3707,#3708);
#3450=AXIS2_PLACEMENT_3D('',#4620,#3709,#3710);
#3451=AXIS2_PLACEMENT_3D('',#4624,#3712,#3713);
#3452=AXIS2_PLACEMENT_3D('',#4691,#3733,#3734);
#3453=AXIS2_PLACEMENT_3D('',#4705,#3742,#3743);
#3454=AXIS2_PLACEMENT_3D('',#4714,#3748,#3749);
#3455=AXIS2_PLACEMENT_3D('',#4723,#3754,#3755);
#3456=AXIS2_PLACEMENT_3D('',#4740,#3764,#3765);
#3457=AXIS2_PLACEMENT_3D('',#4744,#3768,#3769);
#3458=AXIS2_PLACEMENT_3D('',#4748,#3772,#3773);
#3459=AXIS2_PLACEMENT_3D('',#4750,#3775,#3776);
#3460=AXIS2_PLACEMENT_3D('',#4751,#3777,#3778);
#3461=AXIS2_PLACEMENT_3D('',#4753,#3779,#3780);
#3462=AXIS2_PLACEMENT_3D('',#4755,#3781,#3782);
#3463=AXIS2_PLACEMENT_3D('',#4756,#3783,#3784);
#3464=AXIS2_PLACEMENT_3D('',#4758,#3785,#3786);
#3465=AXIS2_PLACEMENT_3D('',#4760,#3787,#3788);
#3466=AXIS2_PLACEMENT_3D('',#4761,#3789,#3790);
#3467=AXIS2_PLACEMENT_3D('',#4763,#3791,#3792);
#3468=AXIS2_PLACEMENT_3D('',#4765,#3793,#3794);
#3469=AXIS2_PLACEMENT_3D('',#4766,#3795,#3796);
#3470=AXIS2_PLACEMENT_3D('',#4768,#3797,#3798);
#3471=AXIS2_PLACEMENT_3D('',#4770,#3799,#3800);
#3472=AXIS2_PLACEMENT_3D('',#4779,#3805,#3806);
#3473=AXIS2_PLACEMENT_3D('',#4780,#3807,#3808);
#3474=AXIS2_PLACEMENT_3D('',#4781,#3809,#3810);
#3475=AXIS2_PLACEMENT_3D('',#4782,#3811,#3812);
#3476=AXIS2_PLACEMENT_3D('',#4783,#3813,#3814);
#3477=AXIS2_PLACEMENT_3D('',#4786,#3817,#3818);
#3478=AXIS2_PLACEMENT_3D('',#4787,#3819,#3820);
#3479=AXIS2_PLACEMENT_3D('',#4788,#3821,#3822);
#3480=AXIS2_PLACEMENT_3D('',#4789,#3823,#3824);
#3481=AXIS2_PLACEMENT_3D('',#4790,#3825,#3826);
#3482=AXIS2_PLACEMENT_3D('',#4791,#3827,#3828);
#3483=AXIS2_PLACEMENT_3D('',#4793,#3830,#3831);
#3484=AXIS2_PLACEMENT_3D('',#4795,#3833,#3834);
#3485=AXIS2_PLACEMENT_3D('',#4796,#3835,#3836);
#3486=AXIS2_PLACEMENT_3D('',#4797,#3837,#3838);
#3487=AXIS2_PLACEMENT_3D('',#4798,#3839,#3840);
#3488=AXIS2_PLACEMENT_3D('',#4799,#3841,#3842);
#3489=AXIS2_PLACEMENT_3D('',#4800,#3843,#3844);
#3490=AXIS2_PLACEMENT_3D('',#4806,#3848,#3849);
#3491=AXIS2_PLACEMENT_3D('',#4810,#3852,#3853);
#3492=AXIS2_PLACEMENT_3D('',#4814,#3856,#3857);
#3493=AXIS2_PLACEMENT_3D('',#4818,#3860,#3861);
#3494=AXIS2_PLACEMENT_3D('',#4822,#3864,#3865);
#3495=AXIS2_PLACEMENT_3D('',#4826,#3868,#3869);
#3496=AXIS2_PLACEMENT_3D('',#4830,#3872,#3873);
#3497=AXIS2_PLACEMENT_3D('',#4834,#3876,#3877);
#3498=AXIS2_PLACEMENT_3D('',#4838,#3880,#3881);
#3499=AXIS2_PLACEMENT_3D('',#4842,#3884,#3885);
#3500=AXIS2_PLACEMENT_3D('',#4846,#3888,#3889);
#3501=AXIS2_PLACEMENT_3D('',#4850,#3892,#3893);
#3502=AXIS2_PLACEMENT_3D('',#4854,#3896,#3897);
#3503=AXIS2_PLACEMENT_3D('',#4858,#3900,#3901);
#3504=AXIS2_PLACEMENT_3D('',#4860,#3903,#3904);
#3505=AXIS2_PLACEMENT_3D('',#4861,#3905,#3906);
#3506=AXIS2_PLACEMENT_3D('',#4867,#3910,#3911);
#3507=AXIS2_PLACEMENT_3D('',#4871,#3914,#3915);
#3508=AXIS2_PLACEMENT_3D('',#4875,#3918,#3919);
#3509=AXIS2_PLACEMENT_3D('',#4879,#3922,#3923);
#3510=AXIS2_PLACEMENT_3D('',#4883,#3926,#3927);
#3511=AXIS2_PLACEMENT_3D('',#4900,#3931,#3932);
#3512=AXIS2_PLACEMENT_3D('',#4904,#3935,#3936);
#3513=AXIS2_PLACEMENT_3D('',#4908,#3939,#3940);
#3514=AXIS2_PLACEMENT_3D('',#4910,#3942,#3943);
#3515=AXIS2_PLACEMENT_3D('',#4911,#3944,#3945);
#3516=AXIS2_PLACEMENT_3D('',#4917,#3949,#3950);
#3517=AXIS2_PLACEMENT_3D('',#4921,#3953,#3954);
#3518=AXIS2_PLACEMENT_3D('',#4964,#3960,#3961);
#3519=AXIS2_PLACEMENT_3D('',#4994,#3966,#3967);
#3520=AXIS2_PLACEMENT_3D('',#4998,#3970,#3971);
#3521=AXIS2_PLACEMENT_3D('',#5080,#3980,#3981);
#3522=AXIS2_PLACEMENT_3D('',#5082,#3983,#3984);
#3523=AXIS2_PLACEMENT_3D('',#5176,#3993,#3994);
#3524=AXIS2_PLACEMENT_3D('',#5180,#3997,#3998);
#3525=AXIS2_PLACEMENT_3D('',#5184,#4001,#4002);
#3526=AXIS2_PLACEMENT_3D('',#5188,#4005,#4006);
#3527=AXIS2_PLACEMENT_3D('',#5192,#4009,#4010);
#3528=AXIS2_PLACEMENT_3D('',#5196,#4013,#4014);
#3529=AXIS2_PLACEMENT_3D('',#5213,#4018,#4019);
#3530=AXIS2_PLACEMENT_3D('',#5215,#4021,#4022);
#3531=AXIS2_PLACEMENT_3D('',#5216,#4023,#4024);
#3532=AXIS2_PLACEMENT_3D('',#5222,#4028,#4029);
#3533=AXIS2_PLACEMENT_3D('',#5226,#4032,#4033);
#3534=AXIS2_PLACEMENT_3D('',#5269,#4039,#4040);
#3535=AXIS2_PLACEMENT_3D('',#5299,#4045,#4046);
#3536=AXIS2_PLACEMENT_3D('',#5303,#4049,#4050);
#3537=AXIS2_PLACEMENT_3D('',#5385,#4059,#4060);
#3538=AXIS2_PLACEMENT_3D('',#5387,#4062,#4063);
#3539=AXIS2_PLACEMENT_3D('',#5388,#4064,#4065);
#3540=AXIS2_PLACEMENT_3D('',#5394,#4069,#4070);
#3541=AXIS2_PLACEMENT_3D('',#5398,#4073,#4074);
#3542=AXIS2_PLACEMENT_3D('',#5402,#4077,#4078);
#3543=AXIS2_PLACEMENT_3D('',#5406,#4081,#4082);
#3544=AXIS2_PLACEMENT_3D('',#5423,#4086,#4087);
#3545=AXIS2_PLACEMENT_3D('',#5427,#4090,#4091);
#3546=AXIS2_PLACEMENT_3D('',#5430,#4093,#4094);
#3547=AXIS2_PLACEMENT_3D('',#5431,#4095,#4096);
#3548=AXIS2_PLACEMENT_3D('',#5435,#4099,#4100);
#3549=AXIS2_PLACEMENT_3D('',#5437,#4102,#4103);
#3550=AXIS2_PLACEMENT_3D('',#5542,#4112,#4113);
#3551=AXIS2_PLACEMENT_3D('',#5571,#4117,#4118);
#3552=AXIS2_PLACEMENT_3D('',#5574,#4120,#4121);
#3553=AXIS2_PLACEMENT_3D('',#5575,#4122,#4123);
#3554=AXIS2_PLACEMENT_3D('',#5579,#4126,#4127);
#3555=AXIS2_PLACEMENT_3D('',#5582,#4129,#4130);
#3556=AXIS2_PLACEMENT_3D('',#5583,#4131,#4132);
#3557=AXIS2_PLACEMENT_3D('',#5586,#4134,#4135);
#3558=AXIS2_PLACEMENT_3D('',#5613,#4138,#4139);
#3559=AXIS2_PLACEMENT_3D('',#5616,#4141,#4142);
#3560=AXIS2_PLACEMENT_3D('',#5617,#4143,#4144);
#3561=AXIS2_PLACEMENT_3D('',#5620,#4146,#4147);
#3562=AXIS2_PLACEMENT_3D('',#5621,#4148,#4149);
#3563=AXIS2_PLACEMENT_3D('',#5662,#4154,#4155);
#3564=AXIS2_PLACEMENT_3D('',#5691,#4159,#4160);
#3565=AXIS2_PLACEMENT_3D('',#5695,#4163,#4164);
#3566=AXIS2_PLACEMENT_3D('',#5699,#4167,#4168);
#3567=AXIS2_PLACEMENT_3D('',#5703,#4171,#4172);
#3568=AXIS2_PLACEMENT_3D('',#5707,#4175,#4176);
#3569=AXIS2_PLACEMENT_3D('',#5711,#4179,#4180);
#3570=AXIS2_PLACEMENT_3D('',#5728,#4184,#4185);
#3571=AXIS2_PLACEMENT_3D('',#5782,#4191,#4192);
#3572=AXIS2_PLACEMENT_3D('',#5783,#4193,#4194);
#3573=AXIS2_PLACEMENT_3D('',#5789,#4198,#4199);
#3574=AXIS2_PLACEMENT_3D('',#5793,#4202,#4203);
#3575=AXIS2_PLACEMENT_3D('',#5797,#4206,#4207);
#3576=AXIS2_PLACEMENT_3D('',#5801,#4210,#4211);
#3577=AXIS2_PLACEMENT_3D('',#5805,#4214,#4215);
#3578=AXIS2_PLACEMENT_3D('',#5809,#4218,#4219);
#3579=AXIS2_PLACEMENT_3D('',#5813,#4222,#4223);
#3580=AXIS2_PLACEMENT_3D('',#5817,#4226,#4227);
#3581=AXIS2_PLACEMENT_3D('',#5821,#4230,#4231);
#3582=AXIS2_PLACEMENT_3D('',#5825,#4234,#4235);
#3583=AXIS2_PLACEMENT_3D('',#5829,#4238,#4239);
#3584=AXIS2_PLACEMENT_3D('',#5831,#4241,#4242);
#3585=AXIS2_PLACEMENT_3D('',#5832,#4243,#4244);
#3586=AXIS2_PLACEMENT_3D('',#5833,#4245,#4246);
#3587=AXIS2_PLACEMENT_3D('',#5834,#4247,#4248);
#3588=AXIS2_PLACEMENT_3D('',#5836,#4249,#4250);
#3589=AXIS2_PLACEMENT_3D('',#5838,#4251,#4252);
#3590=AXIS2_PLACEMENT_3D('',#5839,#4253,#4254);
#3591=AXIS2_PLACEMENT_3D('',#5841,#4255,#4256);
#3592=AXIS2_PLACEMENT_3D('',#5843,#4257,#4258);
#3593=AXIS2_PLACEMENT_3D('',#5844,#4259,#4260);
#3594=AXIS2_PLACEMENT_3D('',#5845,#4261,#4262);
#3595=AXIS2_PLACEMENT_3D('',#5846,#4263,#4264);
#3596=AXIS2_PLACEMENT_3D('',#5847,#4265,#4266);
#3597=AXIS2_PLACEMENT_3D('',#5849,#4267,#4268);
#3598=AXIS2_PLACEMENT_3D('',#5851,#4269,#4270);
#3599=AXIS2_PLACEMENT_3D('',#5852,#4271,#4272);
#3600=AXIS2_PLACEMENT_3D('',#5854,#4273,#4274);
#3601=AXIS2_PLACEMENT_3D('',#5856,#4275,#4276);
#3602=AXIS2_PLACEMENT_3D('',#5857,#4277,#4278);
#3603=DIRECTION('',(0.,0.,1.));
#3604=DIRECTION('',(1.,0.,0.));
#3605=DIRECTION('',(0.,0.,-1.));
#3606=DIRECTION('',(-1.,0.,0.));
#3607=DIRECTION('',(0.,0.,1.));
#3608=DIRECTION('',(1.,0.,0.));
#3609=DIRECTION('',(0.,0.,1.));
#3610=DIRECTION('',(1.,0.,0.));
#3611=DIRECTION('',(0.,0.,-1.));
#3612=DIRECTION('',(-1.,0.,0.));
#3613=DIRECTION('',(0.,0.,1.));
#3614=DIRECTION('',(1.,0.,0.));
#3615=DIRECTION('',(0.,0.,1.));
#3616=DIRECTION('',(1.,0.,0.));
#3617=DIRECTION('',(0.,0.,1.));
#3618=DIRECTION('',(1.,0.,0.));
#3619=DIRECTION('',(0.,0.,1.));
#3620=DIRECTION('',(1.,0.,0.));
#3621=DIRECTION('',(0.,0.,1.));
#3622=DIRECTION('',(1.,0.,0.));
#3623=DIRECTION('',(0.,0.,-1.));
#3624=DIRECTION('',(-1.,0.,0.));
#3625=DIRECTION('',(0.,0.,1.));
#3626=DIRECTION('',(1.,0.,0.));
#3627=DIRECTION('',(0.,0.,1.));
#3628=DIRECTION('',(1.,0.,0.));
#3629=DIRECTION('',(0.,0.,-1.));
#3630=DIRECTION('',(-1.,0.,0.));
#3631=DIRECTION('',(0.,0.,1.));
#3632=DIRECTION('',(1.,0.,0.));
#3633=DIRECTION('',(0.,0.,1.));
#3634=DIRECTION('',(1.,0.,0.));
#3635=DIRECTION('',(0.,0.,1.));
#3636=DIRECTION('',(1.,0.,0.));
#3637=DIRECTION('',(0.,0.,1.));
#3638=DIRECTION('',(1.,0.,0.));
#3639=DIRECTION('',(0.,0.,1.));
#3640=DIRECTION('',(1.,0.,0.));
#3641=DIRECTION('',(0.,0.,1.));
#3642=DIRECTION('',(1.,0.,0.));
#3643=DIRECTION('',(1.,0.,0.));
#3644=DIRECTION('',(7.55048302927881E-17,-1.,0.));
#3645=DIRECTION('',(1.,0.,0.));
#3646=DIRECTION('',(0.,-1.,0.));
#3647=DIRECTION('',(0.,-1.,0.));
#3648=DIRECTION('',(0.787911881303321,-0.61578800516173,0.));
#3649=DIRECTION('',(0.735917213558695,-0.677071528561057,0.));
#3650=DIRECTION('',(0.,-1.,0.));
#3651=DIRECTION('',(-0.73780025502305,0.675019098757896,0.));
#3652=DIRECTION('',(-0.802233221274024,-0.597010769320204,0.));
#3653=DIRECTION('',(0.,1.,0.));
#3654=DIRECTION('',(0.815209020690437,0.579166860744759,0.));
#3655=DIRECTION('',(-0.624695047554425,0.78086880944303,0.));
#3656=DIRECTION('',(-1.,0.,0.));
#3657=DIRECTION('',(0.,1.,0.));
#3658=DIRECTION('',(1.,0.,0.));
#3659=DIRECTION('',(0.,-1.,0.));
#3660=DIRECTION('',(-1.,0.,0.));
#3661=DIRECTION('',(-0.99802312276321,0.062847803700454,0.));
#3662=DIRECTION('',(-1.,0.,0.));
#3663=DIRECTION('',(0.,1.,0.));
#3664=DIRECTION('',(1.,0.,0.));
#3665=DIRECTION('',(0.999734650875492,-0.0230353606192527,0.));
#3666=DIRECTION('',(0.999501757657226,-0.0315632133997041,0.));
#3667=DIRECTION('',(-0.626503863954462,0.779418314161355,0.));
#3668=DIRECTION('',(0.780082247352865,0.62567698324687,0.));
#3669=DIRECTION('',(0.622878597277255,-0.782318511256074,0.));
#3670=DIRECTION('',(0.,-1.,0.));
#3671=DIRECTION('',(0.,1.,0.));
#3672=DIRECTION('',(0.931820475053784,0.362919553442,0.));
#3673=DIRECTION('',(0.,1.,0.));
#3674=DIRECTION('',(0.0312861596333689,-0.999510468287049,0.));
#3675=DIRECTION('',(1.,0.,0.));
#3676=DIRECTION('',(0.898298727842108,0.439385247314074,0.));
#3677=DIRECTION('',(-1.,0.,0.));
#3678=DIRECTION('',(0.,1.,0.));
#3679=DIRECTION('',(-1.,0.,0.));
#3680=DIRECTION('',(0.,1.,0.));
#3681=DIRECTION('',(1.,0.,0.));
#3682=DIRECTION('',(0.,-1.,0.));
#3683=DIRECTION('',(-0.95892614642079,-0.283655857881646,0.));
#3684=DIRECTION('',(0.,-1.,0.));
#3685=DIRECTION('',(0.,1.,0.));
#3686=DIRECTION('',(0.931820475053785,0.362919553441997,0.));
#3687=DIRECTION('',(0.,1.,0.));
#3688=DIRECTION('',(0.0312861596333674,-0.999510468287049,0.));
#3689=DIRECTION('',(1.,0.,0.));
#3690=DIRECTION('',(0.898298727842108,0.439385247314075,0.));
#3691=DIRECTION('',(-1.,0.,0.));
#3692=DIRECTION('',(0.,1.,0.));
#3693=DIRECTION('',(0.934491971792725,0.355984205625677,0.));
#3694=DIRECTION('',(0.,-1.,0.));
#3695=DIRECTION('',(-0.947053622417617,-0.321075437032593,0.));
#3696=DIRECTION('',(0.,0.,1.));
#3697=DIRECTION('',(1.,0.,0.));
#3698=DIRECTION('',(0.,-1.,0.));
#3699=DIRECTION('',(0.947486871827156,-0.319794664926092,0.));
#3700=DIRECTION('',(0.,-1.,0.));
#3701=DIRECTION('',(-0.934402977931152,0.356217735147192,0.));
#3702=DIRECTION('',(-0.934126326822571,0.356942580167976,0.));
#3703=DIRECTION('',(0.,0.,1.));
#3704=DIRECTION('',(1.,0.,0.));
#3705=DIRECTION('',(0.,0.,1.));
#3706=DIRECTION('',(1.,0.,0.));
#3707=DIRECTION('',(0.,0.,1.));
#3708=DIRECTION('',(1.,0.,0.));
#3709=DIRECTION('',(0.,0.,1.));
#3710=DIRECTION('',(1.,0.,0.));
#3711=DIRECTION('',(-1.,0.,0.));
#3712=DIRECTION('',(0.,0.,1.));
#3713=DIRECTION('',(1.,0.,0.));
#3714=DIRECTION('',(0.,-1.,0.));
#3715=DIRECTION('',(1.,0.,0.));
#3716=DIRECTION('',(0.,-1.,0.));
#3717=DIRECTION('',(-1.,0.,0.));
#3718=DIRECTION('',(0.,1.,0.));
#3719=DIRECTION('',(0.926488862154081,0.376322186835212,0.));
#3720=DIRECTION('',(0.,1.,0.));
#3721=DIRECTION('',(-1.,-5.11386562236287E-17,0.));
#3722=DIRECTION('',(0.,1.,0.));
#3723=DIRECTION('',(1.,0.,0.));
#3724=DIRECTION('',(0.,1.,0.));
#3725=DIRECTION('',(-1.,0.,0.));
#3726=DIRECTION('',(0.,1.,0.));
#3727=DIRECTION('',(1.,0.,0.));
#3728=DIRECTION('',(0.,-1.,0.));
#3729=DIRECTION('',(-1.,0.,0.));
#3730=DIRECTION('',(0.,-1.,0.));
#3731=DIRECTION('',(1.,0.,0.));
#3732=DIRECTION('',(0.,-1.,0.));
#3733=DIRECTION('',(0.,1.,0.));
#3734=DIRECTION('',(0.,0.,1.));
#3735=DIRECTION('',(1.,0.,0.));
#3736=DIRECTION('',(0.,0.,1.));
#3737=DIRECTION('',(1.,0.,0.));
#3738=DIRECTION('',(0.,0.,-1.));
#3739=DIRECTION('',(0.,0.,-1.));
#3740=DIRECTION('',(1.,0.,0.));
#3741=DIRECTION('',(0.,0.,1.));
#3742=DIRECTION('',(0.,1.,0.));
#3743=DIRECTION('',(0.,0.,1.));
#3744=DIRECTION('',(1.,0.,0.));
#3745=DIRECTION('',(0.,0.,-1.));
#3746=DIRECTION('',(1.,0.,0.));
#3747=DIRECTION('',(0.,0.,-1.));
#3748=DIRECTION('',(1.,6.25689260947451E-17,0.));
#3749=DIRECTION('',(-6.25689260947451E-17,1.,0.));
#3750=DIRECTION('',(6.25689260947451E-17,-1.,0.));
#3751=DIRECTION('',(0.,0.,-1.));
#3752=DIRECTION('',(6.25689260947451E-17,-1.,0.));
#3753=DIRECTION('',(0.,0.,-1.));
#3754=DIRECTION('',(0.,1.,0.));
#3755=DIRECTION('',(0.,0.,1.));
#3756=DIRECTION('',(1.,0.,0.));
#3757=DIRECTION('',(0.,0.,-1.));
#3758=DIRECTION('',(1.,0.,0.));
#3759=DIRECTION('',(0.,0.,1.));
#3760=DIRECTION('',(1.,0.,0.));
#3761=DIRECTION('',(0.,0.,1.));
#3762=DIRECTION('',(1.,0.,0.));
#3763=DIRECTION('',(0.,0.,-1.));
#3764=DIRECTION('',(1.,7.55048302927881E-17,0.));
#3765=DIRECTION('',(-7.55048302927881E-17,1.,0.));
#3766=DIRECTION('',(0.,0.,-1.));
#3767=DIRECTION('',(7.55048302927881E-17,-1.,0.));
#3768=DIRECTION('',(0.,1.,0.));
#3769=DIRECTION('',(0.,0.,1.));
#3770=DIRECTION('',(0.,0.,-1.));
#3771=DIRECTION('',(1.,0.,0.));
#3772=DIRECTION('',(1.,0.,0.));
#3773=DIRECTION('',(0.,0.,-1.));
#3774=DIRECTION('',(0.,-1.,0.));
#3775=DIRECTION('',(0.,0.,-1.));
#3776=DIRECTION('',(-1.,0.,0.));
#3777=DIRECTION('',(0.,0.,1.));
#3778=DIRECTION('',(1.,0.,0.));
#3779=DIRECTION('',(0.,0.,1.));
#3780=DIRECTION('',(1.,0.,0.));
#3781=DIRECTION('',(0.,0.,-1.));
#3782=DIRECTION('',(-1.,0.,0.));
#3783=DIRECTION('',(0.,0.,1.));
#3784=DIRECTION('',(1.,0.,0.));
#3785=DIRECTION('',(0.,0.,1.));
#3786=DIRECTION('',(1.,0.,0.));
#3787=DIRECTION('',(0.,0.,-1.));
#3788=DIRECTION('',(-1.,0.,0.));
#3789=DIRECTION('',(0.,0.,1.));
#3790=DIRECTION('',(1.,0.,0.));
#3791=DIRECTION('',(0.,0.,1.));
#3792=DIRECTION('',(1.,0.,0.));
#3793=DIRECTION('',(0.,0.,-1.));
#3794=DIRECTION('',(-1.,0.,0.));
#3795=DIRECTION('',(0.,0.,1.));
#3796=DIRECTION('',(1.,0.,0.));
#3797=DIRECTION('',(0.,0.,1.));
#3798=DIRECTION('',(1.,0.,0.));
#3799=DIRECTION('',(1.,6.25689260947451E-17,0.));
#3800=DIRECTION('',(-6.25689260947451E-17,1.,0.));
#3801=DIRECTION('',(6.25689260947451E-17,-1.,0.));
#3802=DIRECTION('',(0.,0.,-1.));
#3803=DIRECTION('',(6.25689260947451E-17,-1.,0.));
#3804=DIRECTION('',(0.,0.,-1.));
#3805=DIRECTION('',(0.,0.,1.));
#3806=DIRECTION('',(1.,0.,0.));
#3807=DIRECTION('',(0.,0.,1.));
#3808=DIRECTION('',(1.,0.,0.));
#3809=DIRECTION('',(0.,0.,1.));
#3810=DIRECTION('',(1.,0.,0.));
#3811=DIRECTION('',(0.,0.,1.));
#3812=DIRECTION('',(1.,0.,0.));
#3813=DIRECTION('',(0.,0.,1.));
#3814=DIRECTION('',(1.,0.,0.));
#3815=DIRECTION('',(-1.82602471155453E-16,1.,0.));
#3816=DIRECTION('',(0.,1.,0.));
#3817=DIRECTION('',(0.,0.,1.));
#3818=DIRECTION('',(1.,0.,0.));
#3819=DIRECTION('',(0.,0.,1.));
#3820=DIRECTION('',(1.,0.,0.));
#3821=DIRECTION('',(0.,0.,1.));
#3822=DIRECTION('',(1.,0.,0.));
#3823=DIRECTION('',(0.,0.,1.));
#3824=DIRECTION('',(1.,0.,0.));
#3825=DIRECTION('',(0.,0.,1.));
#3826=DIRECTION('',(1.,0.,0.));
#3827=DIRECTION('',(1.,0.,0.));
#3828=DIRECTION('',(0.,0.,-1.));
#3829=DIRECTION('',(0.,1.,0.));
#3830=DIRECTION('',(1.,1.82602471155453E-16,0.));
#3831=DIRECTION('',(-1.82602471155453E-16,1.,0.));
#3832=DIRECTION('',(-1.82602471155453E-16,1.,0.));
#3833=DIRECTION('',(0.,0.,1.));
#3834=DIRECTION('',(1.,0.,0.));
#3835=DIRECTION('',(0.,0.,1.));
#3836=DIRECTION('',(1.,0.,0.));
#3837=DIRECTION('',(0.,0.,-1.));
#3838=DIRECTION('',(-1.,0.,0.));
#3839=DIRECTION('',(0.,0.,1.));
#3840=DIRECTION('',(1.,0.,0.));
#3841=DIRECTION('',(0.,0.,-1.));
#3842=DIRECTION('',(-1.,0.,0.));
#3843=DIRECTION('',(-0.61578800516173,-0.787911881303321,0.));
#3844=DIRECTION('',(0.787911881303321,-0.61578800516173,0.));
#3845=DIRECTION('',(0.,0.,1.));
#3846=DIRECTION('',(0.787911881303321,-0.61578800516173,0.));
#3847=DIRECTION('',(0.,0.,1.));
#3848=DIRECTION('',(-1.,0.,0.));
#3849=DIRECTION('',(0.,0.,1.));
#3850=DIRECTION('',(0.,0.,1.));
#3851=DIRECTION('',(0.,-1.,0.));
#3852=DIRECTION('',(0.062847803700454,0.99802312276321,0.));
#3853=DIRECTION('',(-0.99802312276321,0.062847803700454,0.));
#3854=DIRECTION('',(0.,0.,1.));
#3855=DIRECTION('',(-0.99802312276321,0.062847803700454,0.));
#3856=DIRECTION('',(0.,1.,0.));
#3857=DIRECTION('',(0.,0.,1.));
#3858=DIRECTION('',(0.,0.,1.));
#3859=DIRECTION('',(-1.,0.,0.));
#3860=DIRECTION('',(-1.,0.,0.));
#3861=DIRECTION('',(0.,0.,1.));
#3862=DIRECTION('',(0.,0.,1.));
#3863=DIRECTION('',(0.,-1.,0.));
#3864=DIRECTION('',(0.,-1.,0.));
#3865=DIRECTION('',(0.,0.,-1.));
#3866=DIRECTION('',(0.,0.,1.));
#3867=DIRECTION('',(1.,0.,0.));
#3868=DIRECTION('',(1.,0.,0.));
#3869=DIRECTION('',(0.,0.,-1.));
#3870=DIRECTION('',(0.,0.,1.));
#3871=DIRECTION('',(0.,1.,0.));
#3872=DIRECTION('',(0.,1.,0.));
#3873=DIRECTION('',(0.,0.,1.));
#3874=DIRECTION('',(0.,0.,1.));
#3875=DIRECTION('',(-1.,0.,0.));
#3876=DIRECTION('',(0.78086880944303,0.624695047554425,0.));
#3877=DIRECTION('',(-0.624695047554425,0.78086880944303,0.));
#3878=DIRECTION('',(0.,0.,1.));
#3879=DIRECTION('',(-0.624695047554425,0.78086880944303,0.));
#3880=DIRECTION('',(0.579166860744759,-0.815209020690437,0.));
#3881=DIRECTION('',(0.815209020690437,0.579166860744759,0.));
#3882=DIRECTION('',(0.,0.,1.));
#3883=DIRECTION('',(0.815209020690437,0.579166860744759,0.));
#3884=DIRECTION('',(1.,0.,0.));
#3885=DIRECTION('',(0.,0.,-1.));
#3886=DIRECTION('',(0.,0.,1.));
#3887=DIRECTION('',(0.,1.,0.));
#3888=DIRECTION('',(-0.597010769320204,0.802233221274025,0.));
#3889=DIRECTION('',(-0.802233221274025,-0.597010769320204,0.));
#3890=DIRECTION('',(0.,0.,1.));
#3891=DIRECTION('',(-0.802233221274024,-0.597010769320204,0.));
#3892=DIRECTION('',(0.675019098757896,0.73780025502305,0.));
#3893=DIRECTION('',(-0.73780025502305,0.675019098757896,0.));
#3894=DIRECTION('',(0.,0.,1.));
#3895=DIRECTION('',(-0.73780025502305,0.675019098757896,0.));
#3896=DIRECTION('',(-1.,0.,0.));
#3897=DIRECTION('',(0.,0.,1.));
#3898=DIRECTION('',(0.,0.,1.));
#3899=DIRECTION('',(0.,-1.,0.));
#3900=DIRECTION('',(-0.677071528561057,-0.735917213558695,0.));
#3901=DIRECTION('',(0.735917213558695,-0.677071528561057,0.));
#3902=DIRECTION('',(0.735917213558695,-0.677071528561057,0.));
#3903=DIRECTION('',(0.,0.,1.));
#3904=DIRECTION('',(1.,0.,0.));
#3905=DIRECTION('',(1.,0.,0.));
#3906=DIRECTION('',(0.,0.,-1.));
#3907=DIRECTION('',(0.,0.,1.));
#3908=DIRECTION('',(0.,1.,0.));
#3909=DIRECTION('',(0.,0.,1.));
#3910=DIRECTION('',(0.,1.,0.));
#3911=DIRECTION('',(0.,0.,1.));
#3912=DIRECTION('',(0.,0.,1.));
#3913=DIRECTION('',(-1.,0.,0.));
#3914=DIRECTION('',(-1.,0.,0.));
#3915=DIRECTION('',(0.,0.,1.));
#3916=DIRECTION('',(0.,0.,1.));
#3917=DIRECTION('',(0.,-1.,0.));
#3918=DIRECTION('',(-0.782318511256074,-0.622878597277255,0.));
#3919=DIRECTION('',(0.622878597277255,-0.782318511256074,0.));
#3920=DIRECTION('',(0.,0.,1.));
#3921=DIRECTION('',(0.622878597277255,-0.782318511256074,0.));
#3922=DIRECTION('',(0.62567698324687,-0.780082247352865,0.));
#3923=DIRECTION('',(0.780082247352865,0.62567698324687,0.));
#3924=DIRECTION('',(0.,0.,1.));
#3925=DIRECTION('',(0.780082247352865,0.62567698324687,0.));
#3926=DIRECTION('',(0.779418314161355,0.626503863954462,0.));
#3927=DIRECTION('',(-0.626503863954462,0.779418314161355,0.));
#3928=DIRECTION('',(0.,0.,1.));
#3929=DIRECTION('',(-0.626503863954462,0.779418314161355,0.));
#3930=DIRECTION('',(0.,0.,1.));
#3931=DIRECTION('',(-0.0315632133997041,-0.999501757657226,0.));
#3932=DIRECTION('',(0.999501757657226,-0.0315632133997041,0.));
#3933=DIRECTION('',(0.,0.,1.));
#3934=DIRECTION('',(0.999501757657226,-0.0315632133997041,0.));
#3935=DIRECTION('',(-0.0230353606192527,-0.999734650875492,0.));
#3936=DIRECTION('',(0.999734650875492,-0.0230353606192527,0.));
#3937=DIRECTION('',(0.,0.,1.));
#3938=DIRECTION('',(0.999734650875492,-0.0230353606192527,0.));
#3939=DIRECTION('',(0.,-1.,0.));
#3940=DIRECTION('',(0.,0.,-1.));
#3941=DIRECTION('',(1.,0.,0.));
#3942=DIRECTION('',(0.,0.,1.));
#3943=DIRECTION('',(1.,0.,0.));
#3944=DIRECTION('',(0.362919553442,-0.931820475053784,0.));
#3945=DIRECTION('',(0.931820475053784,0.362919553442,0.));
#3946=DIRECTION('',(0.,0.,1.));
#3947=DIRECTION('',(0.931820475053784,0.362919553442,0.));
#3948=DIRECTION('',(0.,0.,1.));
#3949=DIRECTION('',(1.,0.,0.));
#3950=DIRECTION('',(0.,0.,-1.));
#3951=DIRECTION('',(0.,0.,1.));
#3952=DIRECTION('',(0.,1.,0.));
#3953=DIRECTION('',(0.,1.,0.));
#3954=DIRECTION('',(0.,0.,1.));
#3955=DIRECTION('',(0.,0.,1.));
#3956=DIRECTION('',(-1.,0.,0.));
#3957=DIRECTION('',(0.,0.,1.));
#3958=DIRECTION('',(0.,0.,1.));
#3959=DIRECTION('',(0.,0.,1.));
#3960=DIRECTION('',(0.439385247314074,-0.898298727842108,0.));
#3961=DIRECTION('',(0.898298727842108,0.439385247314074,0.));
#3962=DIRECTION('',(0.,0.,1.));
#3963=DIRECTION('',(0.898298727842108,0.439385247314074,0.));
#3964=DIRECTION('',(0.,0.,1.));
#3965=DIRECTION('',(0.,0.,1.));
#3966=DIRECTION('',(0.,-1.,0.));
#3967=DIRECTION('',(0.,0.,-1.));
#3968=DIRECTION('',(0.,0.,1.));
#3969=DIRECTION('',(1.,0.,0.));
#3970=DIRECTION('',(-0.999510468287049,-0.0312861596333689,0.));
#3971=DIRECTION('',(0.0312861596333689,-0.999510468287049,0.));
#3972=DIRECTION('',(0.,0.,1.));
#3973=DIRECTION('',(0.0312861596333689,-0.999510468287049,0.));
#3974=DIRECTION('',(0.,0.,1.));
#3975=DIRECTION('',(0.,0.,1.));
#3976=DIRECTION('',(0.,0.,1.));
#3977=DIRECTION('',(0.,0.,1.));
#3978=DIRECTION('',(0.,0.,1.));
#3979=DIRECTION('',(0.,0.,1.));
#3980=DIRECTION('',(1.,0.,0.));
#3981=DIRECTION('',(0.,0.,-1.));
#3982=DIRECTION('',(0.,1.,0.));
#3983=DIRECTION('',(0.,0.,1.));
#3984=DIRECTION('',(1.,0.,0.));
#3985=DIRECTION('',(0.,0.,1.));
#3986=DIRECTION('',(0.,0.,1.));
#3987=DIRECTION('',(0.,0.,1.));
#3988=DIRECTION('',(0.,0.,1.));
#3989=DIRECTION('',(0.,0.,1.));
#3990=DIRECTION('',(0.,0.,1.));
#3991=DIRECTION('',(0.,0.,1.));
#3992=DIRECTION('',(0.,0.,1.));
#3993=DIRECTION('',(-1.,0.,0.));
#3994=DIRECTION('',(0.,0.,1.));
#3995=DIRECTION('',(0.,0.,1.));
#3996=DIRECTION('',(0.,-1.,0.));
#3997=DIRECTION('',(-0.283655857881646,0.958926146420791,0.));
#3998=DIRECTION('',(-0.958926146420791,-0.283655857881646,0.));
#3999=DIRECTION('',(0.,0.,1.));
#4000=DIRECTION('',(-0.95892614642079,-0.283655857881646,0.));
#4001=DIRECTION('',(-1.,0.,0.));
#4002=DIRECTION('',(0.,0.,1.));
#4003=DIRECTION('',(0.,0.,1.));
#4004=DIRECTION('',(0.,-1.,0.));
#4005=DIRECTION('',(0.,-1.,0.));
#4006=DIRECTION('',(0.,0.,-1.));
#4007=DIRECTION('',(0.,0.,1.));
#4008=DIRECTION('',(1.,0.,0.));
#4009=DIRECTION('',(1.,0.,0.));
#4010=DIRECTION('',(0.,0.,-1.));
#4011=DIRECTION('',(0.,0.,1.));
#4012=DIRECTION('',(0.,1.,0.));
#4013=DIRECTION('',(0.,1.,0.));
#4014=DIRECTION('',(0.,0.,1.));
#4015=DIRECTION('',(0.,0.,1.));
#4016=DIRECTION('',(-1.,0.,0.));
#4017=DIRECTION('',(0.,0.,1.));
#4018=DIRECTION('',(1.,0.,0.));
#4019=DIRECTION('',(0.,0.,-1.));
#4020=DIRECTION('',(0.,1.,0.));
#4021=DIRECTION('',(0.,0.,1.));
#4022=DIRECTION('',(1.,0.,0.));
#4023=DIRECTION('',(0.362919553441997,-0.931820475053785,0.));
#4024=DIRECTION('',(0.931820475053785,0.362919553441997,0.));
#4025=DIRECTION('',(0.,0.,1.));
#4026=DIRECTION('',(0.931820475053785,0.362919553441997,0.));
#4027=DIRECTION('',(0.,0.,1.));
#4028=DIRECTION('',(1.,0.,0.));
#4029=DIRECTION('',(0.,0.,-1.));
#4030=DIRECTION('',(0.,0.,1.));
#4031=DIRECTION('',(0.,1.,0.));
#4032=DIRECTION('',(0.,1.,0.));
#4033=DIRECTION('',(0.,0.,1.));
#4034=DIRECTION('',(0.,0.,1.));
#4035=DIRECTION('',(-1.,0.,0.));
#4036=DIRECTION('',(0.,0.,1.));
#4037=DIRECTION('',(0.,0.,1.));
#4038=DIRECTION('',(0.,0.,1.));
#4039=DIRECTION('',(0.439385247314075,-0.898298727842108,0.));
#4040=DIRECTION('',(0.898298727842108,0.439385247314075,0.));
#4041=DIRECTION('',(0.,0.,1.));
#4042=DIRECTION('',(0.898298727842108,0.439385247314075,0.));
#4043=DIRECTION('',(0.,0.,1.));
#4044=DIRECTION('',(0.,0.,1.));
#4045=DIRECTION('',(0.,-1.,0.));
#4046=DIRECTION('',(0.,0.,-1.));
#4047=DIRECTION('',(0.,0.,1.));
#4048=DIRECTION('',(1.,0.,0.));
#4049=DIRECTION('',(-0.999510468287049,-0.0312861596333674,0.));
#4050=DIRECTION('',(0.0312861596333674,-0.999510468287049,0.));
#4051=DIRECTION('',(0.,0.,1.));
#4052=DIRECTION('',(0.0312861596333674,-0.999510468287049,0.));
#4053=DIRECTION('',(0.,0.,1.));
#4054=DIRECTION('',(0.,0.,1.));
#4055=DIRECTION('',(0.,0.,1.));
#4056=DIRECTION('',(0.,0.,1.));
#4057=DIRECTION('',(0.,0.,1.));
#4058=DIRECTION('',(0.,0.,1.));
#4059=DIRECTION('',(1.,0.,0.));
#4060=DIRECTION('',(0.,0.,-1.));
#4061=DIRECTION('',(0.,1.,0.));
#4062=DIRECTION('',(0.,0.,1.));
#4063=DIRECTION('',(1.,0.,0.));
#4064=DIRECTION('',(0.355984205625677,-0.934491971792725,0.));
#4065=DIRECTION('',(0.934491971792725,0.355984205625677,0.));
#4066=DIRECTION('',(0.,0.,1.));
#4067=DIRECTION('',(0.934491971792725,0.355984205625677,0.));
#4068=DIRECTION('',(0.,0.,1.));
#4069=DIRECTION('',(1.,0.,0.));
#4070=DIRECTION('',(0.,0.,-1.));
#4071=DIRECTION('',(0.,0.,1.));
#4072=DIRECTION('',(0.,1.,0.));
#4073=DIRECTION('',(0.356217735147192,0.934402977931152,0.));
#4074=DIRECTION('',(-0.934402977931152,0.356217735147192,0.));
#4075=DIRECTION('',(0.,0.,1.));
#4076=DIRECTION('',(-0.934402977931152,0.356217735147192,0.));
#4077=DIRECTION('',(-1.,0.,0.));
#4078=DIRECTION('',(0.,0.,1.));
#4079=DIRECTION('',(0.,0.,1.));
#4080=DIRECTION('',(0.,-1.,0.));
#4081=DIRECTION('',(-0.319794664926092,-0.947486871827156,0.));
#4082=DIRECTION('',(0.947486871827156,-0.319794664926092,0.));
#4083=DIRECTION('',(0.,0.,1.));
#4084=DIRECTION('',(0.947486871827156,-0.319794664926092,0.));
#4085=DIRECTION('',(0.,0.,1.));
#4086=DIRECTION('',(-1.,0.,0.));
#4087=DIRECTION('',(0.,0.,1.));
#4088=DIRECTION('',(0.,0.,1.));
#4089=DIRECTION('',(0.,-1.,0.));
#4090=DIRECTION('',(0.,0.,1.));
#4091=DIRECTION('',(0.190960238954317,-0.981597772582288,0.));
#4092=DIRECTION('',(0.,0.,1.));
#4093=DIRECTION('',(0.,0.,1.));
#4094=DIRECTION('',(1.,0.,0.));
#4095=DIRECTION('',(-0.321075437032593,0.947053622417617,0.));
#4096=DIRECTION('',(-0.947053622417617,-0.321075437032593,0.));
#4097=DIRECTION('',(0.,0.,1.));
#4098=DIRECTION('',(-0.947053622417617,-0.321075437032593,0.));
#4099=DIRECTION('',(-1.,0.,0.));
#4100=DIRECTION('',(0.,0.,1.));
#4101=DIRECTION('',(0.,-1.,0.));
#4102=DIRECTION('',(0.,0.,1.));
#4103=DIRECTION('',(1.,0.,0.));
#4104=DIRECTION('',(0.,0.,1.));
#4105=DIRECTION('',(0.,0.,1.));
#4106=DIRECTION('',(0.,0.,1.));
#4107=DIRECTION('',(0.,0.,1.));
#4108=DIRECTION('',(0.,0.,1.));
#4109=DIRECTION('',(0.,0.,1.));
#4110=DIRECTION('',(0.,0.,1.));
#4111=DIRECTION('',(0.,0.,1.));
#4112=DIRECTION('',(0.,0.,1.));
#4113=DIRECTION('',(1.,0.,0.));
#4114=DIRECTION('',(0.,0.,1.));
#4115=DIRECTION('',(0.,0.,1.));
#4116=DIRECTION('',(0.,0.,1.));
#4117=DIRECTION('',(0.,0.,1.));
#4118=DIRECTION('',(-0.918091182400934,-0.396369248047392,0.));
#4119=DIRECTION('',(0.,0.,1.));
#4120=DIRECTION('',(0.,0.,1.));
#4121=DIRECTION('',(1.,0.,0.));
#4122=DIRECTION('',(0.,1.,0.));
#4123=DIRECTION('',(0.,0.,1.));
#4124=DIRECTION('',(0.,0.,1.));
#4125=DIRECTION('',(-1.,0.,0.));
#4126=DIRECTION('',(0.,0.,1.));
#4127=DIRECTION('',(-0.89873213133898,-0.438498068523562,0.));
#4128=DIRECTION('',(0.,0.,1.));
#4129=DIRECTION('',(0.,0.,1.));
#4130=DIRECTION('',(1.,0.,0.));
#4131=DIRECTION('',(0.,0.,1.));
#4132=DIRECTION('',(-0.989339006024098,-0.145630804293771,0.));
#4133=DIRECTION('',(0.,0.,1.));
#4134=DIRECTION('',(0.,0.,1.));
#4135=DIRECTION('',(1.,0.,0.));
#4136=DIRECTION('',(0.,0.,1.));
#4137=DIRECTION('',(0.,0.,1.));
#4138=DIRECTION('',(0.,0.,1.));
#4139=DIRECTION('',(0.98912993631595,-0.147044105912496,0.));
#4140=DIRECTION('',(0.,0.,1.));
#4141=DIRECTION('',(0.,0.,1.));
#4142=DIRECTION('',(1.,0.,0.));
#4143=DIRECTION('',(0.,0.,1.));
#4144=DIRECTION('',(0.942540041596483,-0.334093205538963,0.));
#4145=DIRECTION('',(0.,0.,1.));
#4146=DIRECTION('',(0.,0.,1.));
#4147=DIRECTION('',(1.,0.,0.));
#4148=DIRECTION('',(0.356942580167976,0.934126326822571,0.));
#4149=DIRECTION('',(-0.934126326822571,0.356942580167976,0.));
#4150=DIRECTION('',(0.,0.,1.));
#4151=DIRECTION('',(-0.934126326822571,0.356942580167976,0.));
#4152=DIRECTION('',(0.,0.,1.));
#4153=DIRECTION('',(0.,0.,1.));
#4154=DIRECTION('',(0.,0.,1.));
#4155=DIRECTION('',(1.,0.,0.));
#4156=DIRECTION('',(0.,0.,1.));
#4157=DIRECTION('',(0.,0.,1.));
#4158=DIRECTION('',(0.,0.,1.));
#4159=DIRECTION('',(1.,0.,0.));
#4160=DIRECTION('',(0.,0.,-1.));
#4161=DIRECTION('',(0.,0.,1.));
#4162=DIRECTION('',(0.,1.,0.));
#4163=DIRECTION('',(0.376322186835212,-0.926488862154081,0.));
#4164=DIRECTION('',(0.926488862154081,0.376322186835212,0.));
#4165=DIRECTION('',(0.,0.,1.));
#4166=DIRECTION('',(0.926488862154081,0.376322186835212,0.));
#4167=DIRECTION('',(1.,0.,0.));
#4168=DIRECTION('',(0.,0.,-1.));
#4169=DIRECTION('',(0.,0.,1.));
#4170=DIRECTION('',(0.,1.,0.));
#4171=DIRECTION('',(0.,1.,0.));
#4172=DIRECTION('',(0.,0.,1.));
#4173=DIRECTION('',(0.,0.,1.));
#4174=DIRECTION('',(-1.,0.,0.));
#4175=DIRECTION('',(-1.,0.,0.));
#4176=DIRECTION('',(0.,0.,1.));
#4177=DIRECTION('',(0.,0.,1.));
#4178=DIRECTION('',(0.,-1.,0.));
#4179=DIRECTION('',(0.,-1.,0.));
#4180=DIRECTION('',(0.,0.,-1.));
#4181=DIRECTION('',(0.,0.,1.));
#4182=DIRECTION('',(1.,0.,0.));
#4183=DIRECTION('',(0.,0.,1.));
#4184=DIRECTION('',(-1.,0.,0.));
#4185=DIRECTION('',(0.,0.,1.));
#4186=DIRECTION('',(0.,0.,1.));
#4187=DIRECTION('',(0.,-1.,0.));
#4188=DIRECTION('',(0.,0.,1.));
#4189=DIRECTION('',(0.,0.,1.));
#4190=DIRECTION('',(0.,0.,1.));
#4191=DIRECTION('',(0.,0.,1.));
#4192=DIRECTION('',(1.,0.,0.));
#4193=DIRECTION('',(1.,0.,0.));
#4194=DIRECTION('',(0.,0.,-1.));
#4195=DIRECTION('',(0.,0.,1.));
#4196=DIRECTION('',(0.,1.,0.));
#4197=DIRECTION('',(0.,0.,1.));
#4198=DIRECTION('',(-5.11386562236287E-17,1.,0.));
#4199=DIRECTION('',(-1.,-5.11386562236287E-17,0.));
#4200=DIRECTION('',(0.,0.,1.));
#4201=DIRECTION('',(-1.,-5.11386562236287E-17,0.));
#4202=DIRECTION('',(-1.,0.,0.));
#4203=DIRECTION('',(0.,0.,1.));
#4204=DIRECTION('',(0.,0.,1.));
#4205=DIRECTION('',(0.,-1.,0.));
#4206=DIRECTION('',(0.,-1.,0.));
#4207=DIRECTION('',(0.,0.,-1.));
#4208=DIRECTION('',(0.,0.,1.));
#4209=DIRECTION('',(1.,0.,0.));
#4210=DIRECTION('',(-1.,0.,0.));
#4211=DIRECTION('',(0.,0.,1.));
#4212=DIRECTION('',(0.,0.,1.));
#4213=DIRECTION('',(0.,-1.,0.));
#4214=DIRECTION('',(0.,1.,0.));
#4215=DIRECTION('',(0.,0.,1.));
#4216=DIRECTION('',(0.,0.,1.));
#4217=DIRECTION('',(-1.,0.,0.));
#4218=DIRECTION('',(-1.,0.,0.));
#4219=DIRECTION('',(0.,0.,1.));
#4220=DIRECTION('',(0.,0.,1.));
#4221=DIRECTION('',(0.,-1.,0.));
#4222=DIRECTION('',(0.,-1.,0.));
#4223=DIRECTION('',(0.,0.,-1.));
#4224=DIRECTION('',(0.,0.,1.));
#4225=DIRECTION('',(1.,0.,0.));
#4226=DIRECTION('',(1.,0.,0.));
#4227=DIRECTION('',(0.,0.,-1.));
#4228=DIRECTION('',(0.,0.,1.));
#4229=DIRECTION('',(0.,1.,0.));
#4230=DIRECTION('',(0.,1.,0.));
#4231=DIRECTION('',(0.,0.,1.));
#4232=DIRECTION('',(0.,0.,1.));
#4233=DIRECTION('',(-1.,0.,0.));
#4234=DIRECTION('',(1.,0.,0.));
#4235=DIRECTION('',(0.,0.,-1.));
#4236=DIRECTION('',(0.,0.,1.));
#4237=DIRECTION('',(0.,1.,0.));
#4238=DIRECTION('',(0.,-1.,0.));
#4239=DIRECTION('',(0.,0.,-1.));
#4240=DIRECTION('',(1.,0.,0.));
#4241=DIRECTION('',(0.,0.,1.));
#4242=DIRECTION('',(1.,0.,0.));
#4243=DIRECTION('',(0.,0.,1.));
#4244=DIRECTION('',(1.,0.,0.));
#4245=DIRECTION('',(0.,0.,-1.));
#4246=DIRECTION('',(-1.,0.,0.));
#4247=DIRECTION('',(0.,0.,1.));
#4248=DIRECTION('',(1.,0.,0.));
#4249=DIRECTION('',(0.,0.,1.));
#4250=DIRECTION('',(1.,0.,0.));
#4251=DIRECTION('',(0.,0.,-1.));
#4252=DIRECTION('',(-1.,0.,0.));
#4253=DIRECTION('',(0.,0.,1.));
#4254=DIRECTION('',(1.,0.,0.));
#4255=DIRECTION('',(0.,0.,1.));
#4256=DIRECTION('',(1.,0.,0.));
#4257=DIRECTION('',(0.,0.,1.));
#4258=DIRECTION('',(1.,0.,0.));
#4259=DIRECTION('',(0.,0.,1.));
#4260=DIRECTION('',(1.,0.,0.));
#4261=DIRECTION('',(0.,0.,1.));
#4262=DIRECTION('',(1.,0.,0.));
#4263=DIRECTION('',(0.,0.,-1.));
#4264=DIRECTION('',(-1.,0.,0.));
#4265=DIRECTION('',(0.,0.,1.));
#4266=DIRECTION('',(1.,0.,0.));
#4267=DIRECTION('',(0.,0.,1.));
#4268=DIRECTION('',(1.,0.,0.));
#4269=DIRECTION('',(0.,0.,-1.));
#4270=DIRECTION('',(-1.,0.,0.));
#4271=DIRECTION('',(0.,0.,1.));
#4272=DIRECTION('',(1.,0.,0.));
#4273=DIRECTION('',(0.,0.,1.));
#4274=DIRECTION('',(1.,0.,0.));
#4275=DIRECTION('',(0.,0.,1.));
#4276=DIRECTION('',(1.,0.,0.));
#4277=DIRECTION('',(0.,0.,1.));
#4278=DIRECTION('',(1.,0.,0.));
#4279=CARTESIAN_POINT('',(0.,0.,0.));
#4280=CARTESIAN_POINT('',(0.0459906435965582,-0.0647045522928238,0.013));
#4281=CARTESIAN_POINT('',(0.0459906435965582,-0.0647045522928238,0.013));
#4282=CARTESIAN_POINT('',(0.0476906435965582,-0.0647045522928238,0.013));
#4283=CARTESIAN_POINT('',(0.0459906435965582,-0.0647045522928238,0.0031));
#4284=CARTESIAN_POINT('',(0.0476906435965582,-0.0647045522928238,0.0031));
#4285=CARTESIAN_POINT('',(0.0459906435965582,-0.0647045522928238,0.013));
#4286=CARTESIAN_POINT('',(0.0459906435965582,-0.0647045522928238,0.013));
#4287=CARTESIAN_POINT('',(0.0489906435965582,-0.0647045522928238,0.013));
#4288=CARTESIAN_POINT('',(0.0459906435965582,-0.0647045522928238,0.0031));
#4289=CARTESIAN_POINT('',(0.0489906435965582,-0.0647045522928238,0.0031));
#4290=CARTESIAN_POINT('',(0.0101306435965582,-0.0159545522928238,0.013));
#4291=CARTESIAN_POINT('',(0.0101306435965582,-0.0159545522928238,0.0031));
#4292=CARTESIAN_POINT('',(0.,0.,0.));
#4293=CARTESIAN_POINT('',(-0.0257293564034418,0.0327954477071763,0.013));
#4294=CARTESIAN_POINT('',(-0.0257293564034418,0.0327954477071763,0.013));
#4295=CARTESIAN_POINT('',(-0.0240293564034418,0.0327954477071763,0.013));
#4296=CARTESIAN_POINT('',(-0.0257293564034418,0.0327954477071763,0.0031));
#4297=CARTESIAN_POINT('',(-0.0240293564034418,0.0327954477071763,0.0031));
#4298=CARTESIAN_POINT('',(-0.0257293564034418,0.0327954477071763,0.013));
#4299=CARTESIAN_POINT('',(-0.0257293564034418,0.0327954477071763,0.013));
#4300=CARTESIAN_POINT('',(-0.0227293564034418,0.0327954477071763,0.013));
#4301=CARTESIAN_POINT('',(-0.0257293564034418,0.0327954477071763,0.0031));
#4302=CARTESIAN_POINT('',(-0.0227293564034418,0.0327954477071763,0.0031));
#4303=CARTESIAN_POINT('',(0.0101306435965582,-0.0159545522928238,0.013));
#4304=CARTESIAN_POINT('',(0.0101306435965582,-0.0159545522928238,0.0031));
#4305=CARTESIAN_POINT('',(0.,0.,0.));
#4306=CARTESIAN_POINT('',(0.0101306435965582,-0.0159545522928238,0.003));
#4307=CARTESIAN_POINT('',(0.0101306435965582,0.0299954477071762,0.003));
#4308=CARTESIAN_POINT('',(-0.0229293564034418,0.0299954477071762,0.003));
#4309=CARTESIAN_POINT('',(0.0431906435965582,0.0299954477071762,0.003));
#4310=CARTESIAN_POINT('',(-0.0229293564034418,-0.0159545522928238,0.003));
#4311=CARTESIAN_POINT('',(-0.0229293564034418,-0.0619045522928238,0.003));
#4312=CARTESIAN_POINT('',(0.0101306435965582,-0.0619045522928238,0.003));
#4313=CARTESIAN_POINT('',(0.0431906435965582,-0.0619045522928238,0.003));
#4314=CARTESIAN_POINT('',(0.0431906435965582,-0.0159545522928238,0.003));
#4315=CARTESIAN_POINT('',(0.0143444215490213,-0.0160995116584338,0.003));
#4316=CARTESIAN_POINT('',(0.0143444215490213,-0.0160874470522186,0.003));
#4317=CARTESIAN_POINT('',(0.0143444215490213,-0.0161115762646491,0.003));
#4318=CARTESIAN_POINT('',(0.0148372143105851,-0.0164967156169071,0.003));
#4319=CARTESIAN_POINT('',(0.0153300070721489,-0.0168818549691651,0.003));
#4320=CARTESIAN_POINT('',(0.0163165206419084,-0.0177894845752091,0.003));
#4321=CARTESIAN_POINT('',(0.017303034211668,-0.0186971141812532,0.003));
#4322=CARTESIAN_POINT('',(0.017303034211668,-0.0196947643105961,0.003));
#4323=CARTESIAN_POINT('',(0.017303034211668,-0.020692414439939,0.003));
#4324=CARTESIAN_POINT('',(0.0158961155176365,-0.0194052137614287,0.003));
#4325=CARTESIAN_POINT('',(0.014489196823605,-0.0181180130829183,0.003));
#4326=CARTESIAN_POINT('',(0.0126535205856141,-0.0194840977251441,0.003));
#4327=CARTESIAN_POINT('',(0.0108178443476231,-0.0208501823673699,0.003));
#4328=CARTESIAN_POINT('',(0.0108178443476231,-0.0198293310722284,0.003));
#4329=CARTESIAN_POINT('',(0.0108178443476231,-0.0188084797770868,0.003));
#4330=CARTESIAN_POINT('',(0.0121319583784599,-0.0178748648653482,0.003));
#4331=CARTESIAN_POINT('',(0.0134460724092967,-0.0169412499536097,0.003));
#4332=CARTESIAN_POINT('',(0.0131416731140181,-0.0165607508345114,0.003));
#4333=CARTESIAN_POINT('',(0.0128372738187395,-0.0161802517154132,0.003));
#4334=CARTESIAN_POINT('',(0.0118275590831813,-0.0161802517154132,0.003));
#4335=CARTESIAN_POINT('',(0.0108178443476231,-0.0161802517154132,0.003));
#4336=CARTESIAN_POINT('',(0.0108178443476231,-0.0152958232751679,0.003));
#4337=CARTESIAN_POINT('',(0.0108178443476231,-0.0144113948349225,0.003));
#4338=CARTESIAN_POINT('',(0.0153309351187809,-0.0144113948349225,0.003));
#4339=CARTESIAN_POINT('',(0.0198440258899386,-0.0144113948349225,0.003));
#4340=CARTESIAN_POINT('',(0.0198440258899386,-0.0152958232751679,0.003));
#4341=CARTESIAN_POINT('',(0.0198440258899386,-0.0161802517154132,0.003));
#4342=CARTESIAN_POINT('',(0.0178310927452457,-0.0161802517154132,0.003));
#4343=CARTESIAN_POINT('',(0.0158181596005529,-0.0161802517154132,0.003));
#4344=CARTESIAN_POINT('',(0.0150812905747871,-0.0161338493838159,0.003));
#4345=CARTESIAN_POINT('',(0.0150580894089885,-0.0581131107333014,0.003));
#4346=CARTESIAN_POINT('',(0.0192983344703538,-0.0581131107333014,0.003));
#4347=CARTESIAN_POINT('',(0.0108178443476231,-0.0581131107333014,0.003));
#4348=CARTESIAN_POINT('',(0.0108178443476231,-0.0572166176868407,0.003));
#4349=CARTESIAN_POINT('',(0.0108178443476231,-0.05632012464038,0.003));
#4350=CARTESIAN_POINT('',(0.0132715996424907,-0.05632012464038,0.003));
#4351=CARTESIAN_POINT('',(0.0157253549373583,-0.05632012464038,0.003));
#4352=CARTESIAN_POINT('',(0.0161281271756232,-0.0563294051066995,0.003));
#4353=CARTESIAN_POINT('',(0.0165308994138882,-0.0563386855730189,0.003));
#4354=CARTESIAN_POINT('',(0.016971721564063,-0.0563526062724982,0.003));
#4355=CARTESIAN_POINT('',(0.0174125437142377,-0.0563665269719774,0.003));
#4356=CARTESIAN_POINT('',(0.0174125437142377,-0.0563665269719774,0.003));
#4357=CARTESIAN_POINT('',(0.0169670813309032,-0.0559210645886429,0.003));
#4358=CARTESIAN_POINT('',(0.0168278743361111,-0.0557465918218368,0.003));
#4359=CARTESIAN_POINT('',(0.0168278743361111,-0.0557465918218368,0.003));
#4360=CARTESIAN_POINT('',(0.0164362386574296,-0.0552593673400647,0.003));
#4361=CARTESIAN_POINT('',(0.016044602978748,-0.0547721428582926,0.003));
#4362=CARTESIAN_POINT('',(0.0165837980719091,-0.0543396731278054,0.003));
#4363=CARTESIAN_POINT('',(0.0171229931650703,-0.0539072033973181,0.003));
#4364=CARTESIAN_POINT('',(0.018210663817712,-0.0552732880395439,0.003));
#4365=CARTESIAN_POINT('',(0.0192983344703538,-0.0566393726817698,0.003));
#4366=CARTESIAN_POINT('',(0.0192983344703538,-0.0573762417075356,0.003));
#4367=CARTESIAN_POINT('',(0.0108178443476231,-0.00586315730805968,0.003));
#4368=CARTESIAN_POINT('',(0.0108178443476231,-0.00648030831830436,0.003));
#4369=CARTESIAN_POINT('',(0.0108178443476231,-0.005246006297815,0.003));
#4370=CARTESIAN_POINT('',(0.0112586664977979,-0.00507431767090482,0.003));
#4371=CARTESIAN_POINT('',(0.0116994886479727,-0.00490262904399465,0.003));
#4372=CARTESIAN_POINT('',(0.0116994886479727,-0.00487942787819598,0.003));
#4373=CARTESIAN_POINT('',(0.0116994886479727,-0.0048562267123973,0.003));
#4374=CARTESIAN_POINT('',(0.0116994886479727,-0.0048562267123973,0.003));
#4375=CARTESIAN_POINT('',(0.0111370923890129,-0.00441076432906279,0.003));
#4376=CARTESIAN_POINT('',(0.0109190014305053,-0.00393746054676988,0.003));
#4377=CARTESIAN_POINT('',(0.0109190014305053,-0.00393746054676988,0.003));
#4378=CARTESIAN_POINT('',(0.0109190014305053,-0.00393746054676988,0.003));
#4379=CARTESIAN_POINT('',(0.0107009104719978,-0.00346415676447698,0.003));
#4380=CARTESIAN_POINT('',(0.0107009104719978,-0.00270501461954442,0.003));
#4381=CARTESIAN_POINT('',(0.0107009104719978,-0.00270501461954442,0.003));
#4382=CARTESIAN_POINT('',(0.0107009104719978,-0.00270501461954442,0.003));
#4383=CARTESIAN_POINT('',(0.0107009104719978,-0.00177139970780585,0.003));
#4384=CARTESIAN_POINT('',(0.0112354653319992,-0.00123498875454055,0.003));
#4385=CARTESIAN_POINT('',(0.0112354653319992,-0.00123498875454055,0.003));
#4386=CARTESIAN_POINT('',(0.0112354653319992,-0.00123498875454055,0.003));
#4387=CARTESIAN_POINT('',(0.0117700201920006,-0.000698577801275246,0.003));
#4388=CARTESIAN_POINT('',(0.0127556057151282,-0.000698577801275246,0.003));
#4389=CARTESIAN_POINT('',(0.0127556057151282,-0.000698577801275246,0.003));
#4390=CARTESIAN_POINT('',(0.0127556057151282,-0.000698577801275246,0.003));
#4391=CARTESIAN_POINT('',(0.0137875935698532,-0.000698577801275246,0.003));
#4392=CARTESIAN_POINT('',(0.0142776021915211,-0.00142059808092992,0.003));
#4393=CARTESIAN_POINT('',(0.0142776021915211,-0.00142059808092992,0.003));
#4394=CARTESIAN_POINT('',(0.0142776021915211,-0.00142059808092992,0.003));
#4395=CARTESIAN_POINT('',(0.0147676108131891,-0.0021426183605846,0.003));
#4396=CARTESIAN_POINT('',(0.0148195814245781,-0.00359779547947733,0.003));
#4397=CARTESIAN_POINT('',(0.0148195814245781,-0.00359779547947733,0.003));
#4398=CARTESIAN_POINT('',(0.0148372143105851,-0.00416111978506908,0.003));
#4399=CARTESIAN_POINT('',(0.0148548471965921,-0.00472444409066085,0.003));
#4400=CARTESIAN_POINT('',(0.01499683833128,-0.00472444409066085,0.003));
#4401=CARTESIAN_POINT('',(0.0151388294659678,-0.00472444409066085,0.003));
#4402=CARTESIAN_POINT('',(0.0151388294659678,-0.00472444409066085,0.003));
#4403=CARTESIAN_POINT('',(0.0161244149890955,-0.00472444409066085,0.003));
#4404=CARTESIAN_POINT('',(0.0161244149890955,-0.00371472935510263,0.003));
#4405=CARTESIAN_POINT('',(0.0161244149890955,-0.00371472935510263,0.003));
#4406=CARTESIAN_POINT('',(0.0161244149890955,-0.00371472935510263,0.003));
#4407=CARTESIAN_POINT('',(0.0161244149890955,-0.00293702627753114,0.003));
#4408=CARTESIAN_POINT('',(0.0156548233933303,-0.00188647749016726,0.003));
#4409=CARTESIAN_POINT('',(0.0156548233933303,-0.00188647749016726,0.003));
#4410=CARTESIAN_POINT('',(0.0162524854243041,-0.00159414280110399,0.003));
#4411=CARTESIAN_POINT('',(0.0168501474552779,-0.00130180811204072,0.003));
#4412=CARTESIAN_POINT('',(0.0168501474552779,-0.00130180811204072,0.003));
#4413=CARTESIAN_POINT('',(0.0174366729266683,-0.00242103235016867,0.003));
#4414=CARTESIAN_POINT('',(0.0174366729266683,-0.0037834048058667,0.003));
#4415=CARTESIAN_POINT('',(0.0174366729266683,-0.0037834048058667,0.003));
#4416=CARTESIAN_POINT('',(0.0174366729266683,-0.0037834048058667,0.003));
#4417=CARTESIAN_POINT('',(0.0174366729266683,-0.00508823837038403,0.003));
#4418=CARTESIAN_POINT('',(0.0168677803412849,-0.00578427334434419,0.003));
#4419=CARTESIAN_POINT('',(0.0168677803412849,-0.00578427334434419,0.003));
#4420=CARTESIAN_POINT('',(0.0168677803412849,-0.00578427334434419,0.003));
#4421=CARTESIAN_POINT('',(0.0162988877559015,-0.00648030831830436,0.003));
#4422=CARTESIAN_POINT('',(0.0151388294659678,-0.00648030831830436,0.003));
#4423=CARTESIAN_POINT('',(0.0151388294659678,-0.00648030831830436,0.003));
#4424=CARTESIAN_POINT('',(0.0129783369067955,-0.00648030831830436,0.003));
#4425=CARTESIAN_POINT('',(0.0111018266169989,-0.0266616103766214,0.003));
#4426=CARTESIAN_POINT('',(0.0107009104719978,-0.0260992141176615,0.003));
#4427=CARTESIAN_POINT('',(0.0107009104719978,-0.025340071972729,0.003));
#4428=CARTESIAN_POINT('',(0.0111018266169989,-0.0266616103766214,0.003));
#4429=CARTESIAN_POINT('',(0.0107009104719978,-0.025340071972729,0.003));
#4430=CARTESIAN_POINT('',(0.0107009104719978,-0.025340071972729,0.003));
#4431=CARTESIAN_POINT('',(0.0107009104719978,-0.0241967185221704,0.003));
#4432=CARTESIAN_POINT('',(0.0115305841609583,-0.0235470858798076,0.003));
#4433=CARTESIAN_POINT('',(0.0115305841609583,-0.0235470858798076,0.003));
#4434=CARTESIAN_POINT('',(0.0115305841609583,-0.0235006835482103,0.003));
#4435=CARTESIAN_POINT('',(0.0115305841609583,-0.023454281216613,0.003));
#4436=CARTESIAN_POINT('',(0.0115305841609583,-0.023454281216613,0.003));
#4437=CARTESIAN_POINT('',(0.0107194714046368,-0.0235470858798076,0.003));
#4438=CARTESIAN_POINT('',(0.0105914009694281,-0.0235470858798076,0.003));
#4439=CARTESIAN_POINT('',(0.0105914009694281,-0.0235470858798076,0.003));
#4440=CARTESIAN_POINT('',(0.00927728693859129,-0.0235470858798076,0.003));
#4441=CARTESIAN_POINT('',(0.0079631729077545,-0.0235470858798076,0.003));
#4442=CARTESIAN_POINT('',(0.0079631729077545,-0.0226626574395623,0.003));
#4443=CARTESIAN_POINT('',(0.0079631729077545,-0.0217782289993168,0.003));
#4444=CARTESIAN_POINT('',(0.0126331035597112,-0.0217782289993168,0.003));
#4445=CARTESIAN_POINT('',(0.017303034211668,-0.0217782289993168,0.003));
#4446=CARTESIAN_POINT('',(0.017303034211668,-0.0224974651390757,0.003));
#4447=CARTESIAN_POINT('',(0.017303034211668,-0.0232167012788345,0.003));
#4448=CARTESIAN_POINT('',(0.016882629087396,-0.0233410595275154,0.003));
#4449=CARTESIAN_POINT('',(0.0164622239631241,-0.0234654177761963,0.003));
#4450=CARTESIAN_POINT('',(0.0164622239631241,-0.023506251828002,0.003));
#4451=CARTESIAN_POINT('',(0.0164622239631241,-0.0235470858798076,0.003));
#4452=CARTESIAN_POINT('',(0.0164622239631241,-0.0235470858798076,0.003));
#4453=CARTESIAN_POINT('',(0.0174236802738211,-0.0241688771232121,0.003));
#4454=CARTESIAN_POINT('',(0.0174236802738211,-0.0253864743043263,0.003));
#4455=CARTESIAN_POINT('',(0.0174236802738211,-0.0253864743043263,0.003));
#4456=CARTESIAN_POINT('',(0.0174236802738211,-0.0253864743043263,0.003));
#4457=CARTESIAN_POINT('',(0.0174236802738211,-0.0265353960346766,0.003));
#4458=CARTESIAN_POINT('',(0.0165364676936799,-0.0271850286770395,0.003));
#4459=CARTESIAN_POINT('',(0.0165364676936799,-0.0271850286770395,0.003));
#4460=CARTESIAN_POINT('',(0.0165364676936799,-0.0271850286770395,0.003));
#4461=CARTESIAN_POINT('',(0.0156492551135386,-0.0278346613194023,0.003));
#4462=CARTESIAN_POINT('',(0.0140715758392289,-0.0278346613194023,0.003));
#4463=CARTESIAN_POINT('',(0.0140715758392289,-0.0278346613194023,0.003));
#4464=CARTESIAN_POINT('',(0.0140715758392289,-0.0278346613194023,0.003));
#4465=CARTESIAN_POINT('',(0.0130340197047123,-0.0278346613194023,0.003));
#4466=CARTESIAN_POINT('',(0.0122683812333561,-0.0275293339774917,0.003));
#4467=CARTESIAN_POINT('',(0.0122683812333561,-0.0275293339774917,0.003));
#4468=CARTESIAN_POINT('',(0.0122683812333561,-0.0275293339774917,0.003));
#4469=CARTESIAN_POINT('',(0.0115027427619999,-0.0272240066355812,0.003));
#4470=CARTESIAN_POINT('',(0.0111018266169989,-0.0266616103766214,0.003));
#4471=CARTESIAN_POINT('',(0.0108178443476231,-0.0340312286809116,0.003));
#4472=CARTESIAN_POINT('',(0.0108178443476231,-0.0346483796911563,0.003));
#4473=CARTESIAN_POINT('',(0.0108178443476231,-0.033414077670667,0.003));
#4474=CARTESIAN_POINT('',(0.0112586664977979,-0.0332423890437567,0.003));
#4475=CARTESIAN_POINT('',(0.0116994886479727,-0.0330707004168466,0.003));
#4476=CARTESIAN_POINT('',(0.0116994886479727,-0.0330474992510479,0.003));
#4477=CARTESIAN_POINT('',(0.0116994886479727,-0.0330242980852493,0.003));
#4478=CARTESIAN_POINT('',(0.0116994886479727,-0.0330242980852493,0.003));
#4479=CARTESIAN_POINT('',(0.0111370923890129,-0.0325788357019148,0.003));
#4480=CARTESIAN_POINT('',(0.0109190014305053,-0.0321055319196219,0.003));
#4481=CARTESIAN_POINT('',(0.0109190014305053,-0.0321055319196219,0.003));
#4482=CARTESIAN_POINT('',(0.0109190014305053,-0.0321055319196219,0.003));
#4483=CARTESIAN_POINT('',(0.0107009104719978,-0.0316322281373289,0.003));
#4484=CARTESIAN_POINT('',(0.0107009104719978,-0.0308730859923964,0.003));
#4485=CARTESIAN_POINT('',(0.0107009104719978,-0.0308730859923964,0.003));
#4486=CARTESIAN_POINT('',(0.0107009104719978,-0.0308730859923964,0.003));
#4487=CARTESIAN_POINT('',(0.0107009104719978,-0.0299394710806578,0.003));
#4488=CARTESIAN_POINT('',(0.0112354653319992,-0.0294030601273925,0.003));
#4489=CARTESIAN_POINT('',(0.0112354653319992,-0.0294030601273925,0.003));
#4490=CARTESIAN_POINT('',(0.0112354653319992,-0.0294030601273925,0.003));
#4491=CARTESIAN_POINT('',(0.0117700201920006,-0.0288666491741272,0.003));
#4492=CARTESIAN_POINT('',(0.0127556057151282,-0.0288666491741272,0.003));
#4493=CARTESIAN_POINT('',(0.0127556057151282,-0.0288666491741272,0.003));
#4494=CARTESIAN_POINT('',(0.0127556057151282,-0.0288666491741272,0.003));
#4495=CARTESIAN_POINT('',(0.0137875935698532,-0.0288666491741272,0.003));
#4496=CARTESIAN_POINT('',(0.0142776021915211,-0.0295886694537819,0.003));
#4497=CARTESIAN_POINT('',(0.0142776021915211,-0.0295886694537819,0.003));
#4498=CARTESIAN_POINT('',(0.0142776021915211,-0.0295886694537819,0.003));
#4499=CARTESIAN_POINT('',(0.0147676108131891,-0.0303106897334365,0.003));
#4500=CARTESIAN_POINT('',(0.0148195814245781,-0.0317658668523293,0.003));
#4501=CARTESIAN_POINT('',(0.0148195814245781,-0.0317658668523293,0.003));
#4502=CARTESIAN_POINT('',(0.0148372143105851,-0.032329191157921,0.003));
#4503=CARTESIAN_POINT('',(0.0148548471965921,-0.0328925154635128,0.003));
#4504=CARTESIAN_POINT('',(0.01499683833128,-0.0328925154635128,0.003));
#4505=CARTESIAN_POINT('',(0.0151388294659678,-0.0328925154635128,0.003));
#4506=CARTESIAN_POINT('',(0.0151388294659678,-0.0328925154635128,0.003));
#4507=CARTESIAN_POINT('',(0.0161244149890955,-0.0328925154635128,0.003));
#4508=CARTESIAN_POINT('',(0.0161244149890955,-0.0318828007279545,0.003));
#4509=CARTESIAN_POINT('',(0.0161244149890955,-0.0318828007279545,0.003));
#4510=CARTESIAN_POINT('',(0.0161244149890955,-0.0318828007279545,0.003));
#4511=CARTESIAN_POINT('',(0.0161244149890955,-0.031105097650383,0.003));
#4512=CARTESIAN_POINT('',(0.0156548233933303,-0.0300545488630192,0.003));
#4513=CARTESIAN_POINT('',(0.0156548233933303,-0.0300545488630192,0.003));
#4514=CARTESIAN_POINT('',(0.0162524854243041,-0.0297622141739559,0.003));
#4515=CARTESIAN_POINT('',(0.0168501474552779,-0.0294698794848926,0.003));
#4516=CARTESIAN_POINT('',(0.0168501474552779,-0.0294698794848926,0.003));
#4517=CARTESIAN_POINT('',(0.0174366729266683,-0.0305891037230206,0.003));
#4518=CARTESIAN_POINT('',(0.0174366729266683,-0.0319514761787187,0.003));
#4519=CARTESIAN_POINT('',(0.0174366729266683,-0.0319514761787187,0.003));
#4520=CARTESIAN_POINT('',(0.0174366729266683,-0.0319514761787187,0.003));
#4521=CARTESIAN_POINT('',(0.0174366729266683,-0.0332563097432359,0.003));
#4522=CARTESIAN_POINT('',(0.0168677803412849,-0.0339523447171961,0.003));
#4523=CARTESIAN_POINT('',(0.0168677803412849,-0.0339523447171961,0.003));
#4524=CARTESIAN_POINT('',(0.0168677803412849,-0.0339523447171961,0.003));
#4525=CARTESIAN_POINT('',(0.0162988877559015,-0.0346483796911563,0.003));
#4526=CARTESIAN_POINT('',(0.0151388294659678,-0.0346483796911563,0.003));
#4527=CARTESIAN_POINT('',(0.0151388294659678,-0.0346483796911563,0.003));
#4528=CARTESIAN_POINT('',(0.0129783369067955,-0.0346483796911563,0.003));
#4529=CARTESIAN_POINT('',(0.0108178443476231,-0.0498256543100157,0.003));
#4530=CARTESIAN_POINT('',(0.0108178443476231,-0.0507332839160598,0.003));
#4531=CARTESIAN_POINT('',(0.0108178443476231,-0.0489180247039716,0.003));
#4532=CARTESIAN_POINT('',(0.0140604392796456,-0.0476827946368503,0.003));
#4533=CARTESIAN_POINT('',(0.017303034211668,-0.046447564569729,0.003));
#4534=CARTESIAN_POINT('',(0.017303034211668,-0.0473728270617801,0.003));
#4535=CARTESIAN_POINT('',(0.017303034211668,-0.0482980895538311,0.003));
#4536=CARTESIAN_POINT('',(0.0154552933674618,-0.0489245210303953,0.003));
#4537=CARTESIAN_POINT('',(0.0136074242602264,-0.0495505329528485,0.003));
#4538=CARTESIAN_POINT('',(0.0116399276619375,-0.043114763486968,0.003));
#4539=CARTESIAN_POINT('',(0.0122804458395714,-0.0498135695834015,0.003));
#4540=CARTESIAN_POINT('',(0.0122804458395714,-0.0498293664965435,0.003));
#4541=CARTESIAN_POINT('',(0.0122804458395714,-0.0498460713359185,0.003));
#4542=CARTESIAN_POINT('',(0.0122804458395714,-0.0498460713359185,0.003));
#4543=CARTESIAN_POINT('',(0.0128372738187396,-0.0498757688281408,0.003));
#4544=CARTESIAN_POINT('',(0.0136075525232555,-0.0501077804861276,0.003));
#4545=CARTESIAN_POINT('',(0.0136075525232555,-0.0501077804861276,0.003));
#4546=CARTESIAN_POINT('',(0.0154552933674618,-0.0507314278227959,0.003));
#4547=CARTESIAN_POINT('',(0.017303034211668,-0.0513550751594642,0.003));
#4548=CARTESIAN_POINT('',(0.017303034211668,-0.0522803376515152,0.003));
#4549=CARTESIAN_POINT('',(0.017303034211668,-0.0532056001435663,0.003));
#4550=CARTESIAN_POINT('',(0.0140604392796456,-0.051969442029813,0.003));
#4551=CARTESIAN_POINT('',(0.0109199294771373,-0.0440058738810767,0.003));
#4552=CARTESIAN_POINT('',(0.0111779264408185,-0.043739524497708,0.003));
#4553=CARTESIAN_POINT('',(0.0116475180365836,-0.043739524497708,0.003));
#4554=CARTESIAN_POINT('',(0.0109199294771373,-0.0440058738810767,0.003));
#4555=CARTESIAN_POINT('',(0.0116475180365836,-0.043739524497708,0.003));
#4556=CARTESIAN_POINT('',(0.0116475180365836,-0.043739524497708,0.003));
#4557=CARTESIAN_POINT('',(0.0121338144717238,-0.043739524497708,0.003));
#4558=CARTESIAN_POINT('',(0.0123834590157175,-0.0440003056012851,0.003));
#4559=CARTESIAN_POINT('',(0.0123834590157175,-0.0440003056012851,0.003));
#4560=CARTESIAN_POINT('',(0.0123834590157175,-0.0440003056012851,0.003));
#4561=CARTESIAN_POINT('',(0.0126331035597112,-0.0442610867048622,0.003));
#4562=CARTESIAN_POINT('',(0.0126331035597112,-0.0447603757928496,0.003));
#4563=CARTESIAN_POINT('',(0.0126331035597112,-0.0447603757928496,0.003));
#4564=CARTESIAN_POINT('',(0.0126331035597112,-0.0447603757928496,0.003));
#4565=CARTESIAN_POINT('',(0.0126331035597112,-0.0452411039481981,0.003));
#4566=CARTESIAN_POINT('',(0.0123778907359258,-0.045504669191671,0.003));
#4567=CARTESIAN_POINT('',(0.0123778907359258,-0.045504669191671,0.003));
#4568=CARTESIAN_POINT('',(0.0123778907359258,-0.045504669191671,0.003));
#4569=CARTESIAN_POINT('',(0.0121226779121404,-0.0457682344351439,0.003));
#4570=CARTESIAN_POINT('',(0.0116475180365836,-0.0457682344351439,0.003));
#4571=CARTESIAN_POINT('',(0.0116475180365836,-0.0457682344351439,0.003));
#4572=CARTESIAN_POINT('',(0.0116475180365836,-0.0457682344351439,0.003));
#4573=CARTESIAN_POINT('',(0.0111890630004019,-0.0457682344351439,0.003));
#4574=CARTESIAN_POINT('',(0.010925497756929,-0.0455018850517752,0.003));
#4575=CARTESIAN_POINT('',(0.010925497756929,-0.0455018850517752,0.003));
#4576=CARTESIAN_POINT('',(0.010925497756929,-0.0455018850517752,0.003));
#4577=CARTESIAN_POINT('',(0.010661932513456,-0.0452355356684064,0.003));
#4578=CARTESIAN_POINT('',(0.010661932513456,-0.0447603757928496,0.003));
#4579=CARTESIAN_POINT('',(0.010661932513456,-0.0447603757928496,0.003));
#4580=CARTESIAN_POINT('',(0.010661932513456,-0.0447603757928496,0.003));
#4581=CARTESIAN_POINT('',(0.010661932513456,-0.0442722232644455,0.003));
#4582=CARTESIAN_POINT('',(0.0109199294771373,-0.0440058738810767,0.003));
#4583=CARTESIAN_POINT('',(0.0108057797414078,-0.0120411637369301,0.003));
#4584=CARTESIAN_POINT('',(0.0107009104719978,-0.0116031257266512,0.003));
#4585=CARTESIAN_POINT('',(0.0107009104719978,-0.0109367882449133,0.003));
#4586=CARTESIAN_POINT('',(0.0108057797414078,-0.0120411637369301,0.003));
#4587=CARTESIAN_POINT('',(0.0107009104719978,-0.0109367882449133,0.003));
#4588=CARTESIAN_POINT('',(0.0107009104719978,-0.0109367882449133,0.003));
#4589=CARTESIAN_POINT('',(0.0107009104719978,-0.00790950013150256,0.003));
#4590=CARTESIAN_POINT('',(0.0140251735076316,-0.00790950013150256,0.003));
#4591=CARTESIAN_POINT('',(0.0140251735076316,-0.00790950013150256,0.003));
#4592=CARTESIAN_POINT('',(0.0140251735076316,-0.00790950013150256,0.003));
#4593=CARTESIAN_POINT('',(0.0156789526057609,-0.00790950013150256,0.003));
#4594=CARTESIAN_POINT('',(0.016551316439791,-0.00873267749403946,0.003));
#4595=CARTESIAN_POINT('',(0.016551316439791,-0.00873267749403946,0.003));
#4596=CARTESIAN_POINT('',(0.016551316439791,-0.00873267749403946,0.003));
#4597=CARTESIAN_POINT('',(0.0174236802738211,-0.00955585485657634,0.003));
#4598=CARTESIAN_POINT('',(0.0174236802738211,-0.0110927000790804,0.003));
#4599=CARTESIAN_POINT('',(0.0174236802738211,-0.0110927000790804,0.003));
#4600=CARTESIAN_POINT('',(0.0174236802738211,-0.0110927000790804,0.003));
#4601=CARTESIAN_POINT('',(0.0174236802738211,-0.012217492597,0.003));
#4602=CARTESIAN_POINT('',(0.0169837861702783,-0.0131121295501968,0.003));
#4603=CARTESIAN_POINT('',(0.0169837861702783,-0.0131121295501968,0.003));
#4604=CARTESIAN_POINT('',(0.0162988877559015,-0.0128504203999878,0.003));
#4605=CARTESIAN_POINT('',(0.0156137222315028,-0.0125886091839448,0.003));
#4606=CARTESIAN_POINT('',(0.00733933974517474,-0.00919822844896083,0.003));
#4607=CARTESIAN_POINT('',(0.0158905942642251,-0.0118119507870141,0.003));
#4608=CARTESIAN_POINT('',(0.0135050637934757,-0.0110859212512888,0.003));
#4609=CARTESIAN_POINT('',(0.0159982006471507,-0.0110927000790804,0.003));
#4610=CARTESIAN_POINT('',(0.0159982006471507,-0.0110927000790804,0.003));
#4611=CARTESIAN_POINT('',(0.0159982006471507,-0.00971176669074342,0.003));
#4612=CARTESIAN_POINT('',(0.0140363100672149,-0.00971176669074342,0.003));
#4613=CARTESIAN_POINT('',(0.0140363100672149,-0.00971176669074342,0.003));
#4614=CARTESIAN_POINT('',(0.0140363100672149,-0.00971176669074342,0.003));
#4615=CARTESIAN_POINT('',(0.0121338144717238,-0.00971176669074342,0.003));
#4616=CARTESIAN_POINT('',(0.0121338144717238,-0.0110927000790804,0.003));
#4617=CARTESIAN_POINT('',(0.0121338144717238,-0.0110927000790804,0.003));
#4618=CARTESIAN_POINT('',(0.0152849566404799,-0.0111255046928973,0.003));
#4619=CARTESIAN_POINT('',(0.0122698504860649,-0.0120385054998311,0.003));
#4620=CARTESIAN_POINT('',(0.0154888006501293,-0.0109885067101523,0.003));
#4621=CARTESIAN_POINT('',(0.0126980668239475,-0.0129079592911685,0.003));
#4622=CARTESIAN_POINT('',(0.0119407807722789,-0.0129079592911685,0.003));
#4623=CARTESIAN_POINT('',(0.0111838492428893,-0.0129077275150973,0.003));
#4624=CARTESIAN_POINT('',(0.0135738204269976,-0.011345235779185,0.003));
#4625=CARTESIAN_POINT('',(0.011658654596167,-0.0403632908506852,0.003));
#4626=CARTESIAN_POINT('',(0.0107009104719978,-0.0397600605399197,0.003));
#4627=CARTESIAN_POINT('',(0.0107009104719978,-0.0385239024261665,0.003));
#4628=CARTESIAN_POINT('',(0.011658654596167,-0.0403632908506852,0.003));
#4629=CARTESIAN_POINT('',(0.0107009104719978,-0.0385239024261665,0.003));
#4630=CARTESIAN_POINT('',(0.0107009104719978,-0.0385239024261665,0.003));
#4631=CARTESIAN_POINT('',(0.0107009104719978,-0.0373824050688719,0.003));
#4632=CARTESIAN_POINT('',(0.011589051098771,-0.0367299882866131,0.003));
#4633=CARTESIAN_POINT('',(0.011589051098771,-0.0367299882866131,0.003));
#4634=CARTESIAN_POINT('',(0.011589051098771,-0.0367299882866131,0.003));
#4635=CARTESIAN_POINT('',(0.0124771917255442,-0.0360775715043545,0.003));
#4636=CARTESIAN_POINT('',(0.0140493027200622,-0.0360775715043545,0.003));
#4637=CARTESIAN_POINT('',(0.0140493027200622,-0.0360775715043545,0.003));
#4638=CARTESIAN_POINT('',(0.0140493027200622,-0.0360775715043545,0.003));
#4639=CARTESIAN_POINT('',(0.015643686833747,-0.0360775715043545,0.003));
#4640=CARTESIAN_POINT('',(0.016533683553784,-0.0367411248461965,0.003));
#4641=CARTESIAN_POINT('',(0.016533683553784,-0.0367411248461965,0.003));
#4642=CARTESIAN_POINT('',(0.016533683553784,-0.0367411248461965,0.003));
#4643=CARTESIAN_POINT('',(0.0174236802738211,-0.0374046781880385,0.003));
#4644=CARTESIAN_POINT('',(0.0174236802738211,-0.0385703047577639,0.003));
#4645=CARTESIAN_POINT('',(0.0174236802738211,-0.0385703047577639,0.003));
#4646=CARTESIAN_POINT('',(0.0174236802738211,-0.0385703047577639,0.003));
#4647=CARTESIAN_POINT('',(0.0174236802738211,-0.0397953263119338,0.003));
#4648=CARTESIAN_POINT('',(0.0164733605227074,-0.0404393906745049,0.003));
#4649=CARTESIAN_POINT('',(0.0164733605227074,-0.0404393906745049,0.003));
#4650=CARTESIAN_POINT('',(0.0164733605227074,-0.0404681601200952,0.003));
#4651=CARTESIAN_POINT('',(0.0164733605227074,-0.0404969295656856,0.003));
#4652=CARTESIAN_POINT('',(0.0164733605227074,-0.0404969295656856,0.003));
#4653=CARTESIAN_POINT('',(0.01719909298889,-0.0403632908506852,0.003));
#4654=CARTESIAN_POINT('',(0.0177670575276414,-0.0403632908506852,0.003));
#4655=CARTESIAN_POINT('',(0.0177670575276414,-0.0403632908506852,0.003));
#4656=CARTESIAN_POINT('',(0.01880554170879,-0.0403632908506852,0.003));
#4657=CARTESIAN_POINT('',(0.0198440258899386,-0.0403632908506852,0.003));
#4658=CARTESIAN_POINT('',(0.0198440258899386,-0.0412505034308265,0.003));
#4659=CARTESIAN_POINT('',(0.0198440258899386,-0.0421377160109677,0.003));
#4660=CARTESIAN_POINT('',(0.0153309351187809,-0.0421377160109677,0.003));
#4661=CARTESIAN_POINT('',(0.0108178443476231,-0.0421377160109677,0.003));
#4662=CARTESIAN_POINT('',(0.0108178443476231,-0.0414593139230145,0.003));
#4663=CARTESIAN_POINT('',(0.0108178443476231,-0.0407809118350613,0.003));
#4664=CARTESIAN_POINT('',(0.0112382494718951,-0.0406101512547831,0.003));
#4665=CARTESIAN_POINT('',(0.011658654596167,-0.0404393906745049,0.003));
#4666=CARTESIAN_POINT('',(0.011658654596167,-0.0404013407625951,0.003));
#4667=CARTESIAN_POINT('',(0.0150580894089885,0.00087353319324278,0.003));
#4668=CARTESIAN_POINT('',(0.0192983344703538,0.000873533193242781,0.003));
#4669=CARTESIAN_POINT('',(0.0108178443476231,0.00087353319324278,0.003));
#4670=CARTESIAN_POINT('',(0.0108178443476231,0.00177002623970348,0.003));
#4671=CARTESIAN_POINT('',(0.0108178443476231,0.00266651928616417,0.003));
#4672=CARTESIAN_POINT('',(0.0126479523058224,0.00266651928616417,0.003));
#4673=CARTESIAN_POINT('',(0.0144780602640216,0.00266651928616417,0.003));
#4674=CARTESIAN_POINT('',(0.0144780602640216,0.00434535564335609,0.003));
#4675=CARTESIAN_POINT('',(0.0144780602640216,0.00602419200054801,0.003));
#4676=CARTESIAN_POINT('',(0.0126479523058224,0.00602419200054801,0.003));
#4677=CARTESIAN_POINT('',(0.0108178443476231,0.00602419200054801,0.003));
#4678=CARTESIAN_POINT('',(0.0108178443476231,0.00692346918690454,0.003));
#4679=CARTESIAN_POINT('',(0.0108178443476231,0.00782274637326108,0.003));
#4680=CARTESIAN_POINT('',(0.0150580894089885,0.00782274637326108,0.003));
#4681=CARTESIAN_POINT('',(0.0192983344703538,0.00782274637326108,0.003));
#4682=CARTESIAN_POINT('',(0.0192983344703538,0.00692346918690454,0.003));
#4683=CARTESIAN_POINT('',(0.0192983344703538,0.00602419200054801,0.003));
#4684=CARTESIAN_POINT('',(0.0176362029525369,0.00602419200054801,0.003));
#4685=CARTESIAN_POINT('',(0.0159740714347201,0.00602419200054801,0.003));
#4686=CARTESIAN_POINT('',(0.0159740714347201,0.00434535564335609,0.003));
#4687=CARTESIAN_POINT('',(0.0159740714347201,0.00266651928616417,0.003));
#4688=CARTESIAN_POINT('',(0.0176362029525369,0.00266651928616417,0.003));
#4689=CARTESIAN_POINT('',(0.0192983344703538,0.00266651928616417,0.003));
#4690=CARTESIAN_POINT('',(0.0192983344703538,0.00177002623970348,0.003));
#4691=CARTESIAN_POINT('',(0.0101306435965582,-0.0619045522928238,0.013));
#4692=CARTESIAN_POINT('',(0.0101306435965582,-0.0619045522928238,0.0055));
#4693=CARTESIAN_POINT('',(0.00194064359655819,-0.0619045522928238,0.0055));
#4694=CARTESIAN_POINT('',(0.0204406435965582,-0.0619045522928238,0.0055));
#4695=CARTESIAN_POINT('',(0.0204406435965582,-0.0619045522928238,0.0055));
#4696=CARTESIAN_POINT('',(0.0204406435965582,-0.0619045522928238,0.013));
#4697=CARTESIAN_POINT('',(0.0101306435965582,-0.0619045522928238,0.013));
#4698=CARTESIAN_POINT('',(0.0431906435965582,-0.0619045522928238,0.013));
#4699=CARTESIAN_POINT('',(0.0431906435965582,-0.0619045522928238,0.013));
#4700=CARTESIAN_POINT('',(-0.0229293564034418,-0.0619045522928238,0.013));
#4701=CARTESIAN_POINT('',(-0.0229293564034418,-0.0619045522928238,0.013));
#4702=CARTESIAN_POINT('',(0.0101306435965582,-0.0619045522928238,0.013));
#4703=CARTESIAN_POINT('',(0.00194064359655819,-0.0619045522928238,0.013));
#4704=CARTESIAN_POINT('',(0.00194064359655819,-0.0619045522928238,0.0055));
#4705=CARTESIAN_POINT('',(0.0101306435965582,0.0394954477071763,0.013));
#4706=CARTESIAN_POINT('',(0.0101306435965582,0.0394954477071763,0.));
#4707=CARTESIAN_POINT('',(-0.0274293564034418,0.0394954477071763,0.));
#4708=CARTESIAN_POINT('',(0.0476906435965582,0.0394954477071763,0.));
#4709=CARTESIAN_POINT('',(-0.0274293564034418,0.0394954477071763,0.013));
#4710=CARTESIAN_POINT('',(-0.0274293564034418,0.0394954477071763,0.013));
#4711=CARTESIAN_POINT('',(0.0101306435965582,0.0394954477071763,0.013));
#4712=CARTESIAN_POINT('',(0.0476906435965582,0.0394954477071763,0.013));
#4713=CARTESIAN_POINT('',(0.0476906435965582,0.0394954477071763,0.013));
#4714=CARTESIAN_POINT('',(-0.0324293564034418,-0.0159545522928238,0.013));
#4715=CARTESIAN_POINT('',(-0.0324293564034418,-0.0159545522928238,0.));
#4716=CARTESIAN_POINT('',(-0.0324293564034418,0.0344954477071763,0.));
#4717=CARTESIAN_POINT('',(-0.0324293564034418,-0.0664045522928238,0.));
#4718=CARTESIAN_POINT('',(-0.0324293564034418,-0.0664045522928238,0.013));
#4719=CARTESIAN_POINT('',(-0.0324293564034418,-0.0664045522928238,0.013));
#4720=CARTESIAN_POINT('',(-0.0324293564034418,-0.0159545522928238,0.013));
#4721=CARTESIAN_POINT('',(-0.0324293564034418,0.0344954477071763,0.013));
#4722=CARTESIAN_POINT('',(-0.0324293564034418,0.0344954477071763,0.));
#4723=CARTESIAN_POINT('',(0.0101306435965582,-0.0714045522928238,0.013));
#4724=CARTESIAN_POINT('',(0.0101306435965582,-0.0714045522928238,0.));
#4725=CARTESIAN_POINT('',(-0.0274293564034418,-0.0714045522928238,0.));
#4726=CARTESIAN_POINT('',(0.0476906435965582,-0.0714045522928238,0.));
#4727=CARTESIAN_POINT('',(0.0476906435965582,-0.0714045522928238,0.013));
#4728=CARTESIAN_POINT('',(0.0476906435965582,-0.0714045522928238,0.013));
#4729=CARTESIAN_POINT('',(0.0101306435965582,-0.0714045522928238,0.013));
#4730=CARTESIAN_POINT('',(0.0204406435965582,-0.0714045522928238,0.013));
#4731=CARTESIAN_POINT('',(0.0204406435965582,-0.0714045522928238,0.0055));
#4732=CARTESIAN_POINT('',(0.0204406435965582,-0.0714045522928238,0.0055));
#4733=CARTESIAN_POINT('',(0.0101306435965582,-0.0714045522928238,0.0055));
#4734=CARTESIAN_POINT('',(0.00194064359655819,-0.0714045522928238,0.0055));
#4735=CARTESIAN_POINT('',(0.00194064359655819,-0.0714045522928238,0.0055));
#4736=CARTESIAN_POINT('',(0.00194064359655819,-0.0714045522928238,0.013));
#4737=CARTESIAN_POINT('',(0.0101306435965582,-0.0714045522928238,0.013));
#4738=CARTESIAN_POINT('',(-0.0274293564034418,-0.0714045522928238,0.013));
#4739=CARTESIAN_POINT('',(-0.0274293564034418,-0.0714045522928238,0.013));
#4740=CARTESIAN_POINT('',(-0.0229293564034418,-0.0159545522928238,0.013));
#4741=CARTESIAN_POINT('',(-0.0229293564034418,0.0299954477071762,0.013));
#4742=CARTESIAN_POINT('',(-0.0229293564034418,0.0299954477071762,0.013));
#4743=CARTESIAN_POINT('',(-0.0229293564034418,-0.0159545522928238,0.013));
#4744=CARTESIAN_POINT('',(0.0101306435965582,0.0299954477071762,0.013));
#4745=CARTESIAN_POINT('',(0.0431906435965582,0.0299954477071762,0.013));
#4746=CARTESIAN_POINT('',(0.0431906435965582,0.0299954477071762,0.013));
#4747=CARTESIAN_POINT('',(0.0101306435965582,0.0299954477071762,0.013));
#4748=CARTESIAN_POINT('',(0.0431906435965582,-0.0159545522928238,0.013));
#4749=CARTESIAN_POINT('',(0.0431906435965582,-0.0159545522928238,0.013));
#4750=CARTESIAN_POINT('',(-0.0257293564034418,-0.0647045522928238,0.013));
#4751=CARTESIAN_POINT('',(-0.0257293564034418,-0.0647045522928238,0.013));
#4752=CARTESIAN_POINT('',(-0.0227293564034418,-0.0647045522928238,0.013));
#4753=CARTESIAN_POINT('',(-0.0257293564034418,-0.0647045522928238,0.));
#4754=CARTESIAN_POINT('',(-0.0227293564034418,-0.0647045522928238,0.));
#4755=CARTESIAN_POINT('',(0.0459906435965582,-0.0647045522928238,0.013));
#4756=CARTESIAN_POINT('',(0.0459906435965582,-0.0647045522928238,0.013));
#4757=CARTESIAN_POINT('',(0.0489906435965582,-0.0647045522928238,0.013));
#4758=CARTESIAN_POINT('',(0.0459906435965582,-0.0647045522928238,0.));
#4759=CARTESIAN_POINT('',(0.0489906435965582,-0.0647045522928238,0.));
#4760=CARTESIAN_POINT('',(0.0459906435965582,0.0327954477071763,0.013));
#4761=CARTESIAN_POINT('',(0.0459906435965582,0.0327954477071763,0.013));
#4762=CARTESIAN_POINT('',(0.0489906435965582,0.0327954477071763,0.013));
#4763=CARTESIAN_POINT('',(0.0459906435965582,0.0327954477071763,0.));
#4764=CARTESIAN_POINT('',(0.0489906435965582,0.0327954477071763,0.));
#4765=CARTESIAN_POINT('',(-0.0257293564034418,0.0327954477071763,0.013));
#4766=CARTESIAN_POINT('',(-0.0257293564034418,0.0327954477071763,0.013));
#4767=CARTESIAN_POINT('',(-0.0227293564034418,0.0327954477071763,0.013));
#4768=CARTESIAN_POINT('',(-0.0257293564034418,0.0327954477071763,0.));
#4769=CARTESIAN_POINT('',(-0.0227293564034418,0.0327954477071763,0.));
#4770=CARTESIAN_POINT('',(0.0526906435965582,-0.0159545522928238,0.013));
#4771=CARTESIAN_POINT('',(0.0526906435965582,-0.0159545522928238,0.013));
#4772=CARTESIAN_POINT('',(0.0526906435965582,0.0344954477071763,0.013));
#4773=CARTESIAN_POINT('',(0.0526906435965582,-0.0664045522928238,0.013));
#4774=CARTESIAN_POINT('',(0.0526906435965582,-0.0664045522928238,0.));
#4775=CARTESIAN_POINT('',(0.0526906435965582,-0.0664045522928238,0.));
#4776=CARTESIAN_POINT('',(0.0526906435965582,-0.0159545522928238,0.));
#4777=CARTESIAN_POINT('',(0.0526906435965582,0.0344954477071763,0.));
#4778=CARTESIAN_POINT('',(0.0526906435965582,0.0344954477071763,0.013));
#4779=CARTESIAN_POINT('',(0.0101306435965582,-0.0159545522928238,0.013));
#4780=CARTESIAN_POINT('',(0.0476906435965582,-0.0664045522928238,0.013));
#4781=CARTESIAN_POINT('',(0.0476906435965582,0.0344954477071763,0.013));
#4782=CARTESIAN_POINT('',(-0.0274293564034418,0.0344954477071763,0.013));
#4783=CARTESIAN_POINT('',(-0.0274293564034418,-0.0664045522928238,0.013));
#4784=CARTESIAN_POINT('',(0.00194064359655819,-0.0666545522928238,0.013));
#4785=CARTESIAN_POINT('',(0.0204406435965582,-0.0666545522928238,0.013));
#4786=CARTESIAN_POINT('',(0.0101306435965582,-0.0159545522928238,0.));
#4787=CARTESIAN_POINT('',(0.0476906435965582,-0.0664045522928238,0.));
#4788=CARTESIAN_POINT('',(-0.0274293564034418,-0.0664045522928238,0.));
#4789=CARTESIAN_POINT('',(-0.0274293564034418,0.0344954477071763,0.));
#4790=CARTESIAN_POINT('',(0.0476906435965582,0.0344954477071763,0.));
#4791=CARTESIAN_POINT('',(0.0204406435965582,-0.0666545522928238,0.0055));
#4792=CARTESIAN_POINT('',(0.0204406435965582,-0.0666545522928238,0.0055));
#4793=CARTESIAN_POINT('',(0.00194064359655819,-0.0666545522928238,0.0055));
#4794=CARTESIAN_POINT('',(0.00194064359655819,-0.0666545522928238,0.0055));
#4795=CARTESIAN_POINT('',(0.0101306435965582,-0.0159545522928238,0.0055));
#4796=CARTESIAN_POINT('',(0.0476906435965582,-0.0664045522928238,0.013));
#4797=CARTESIAN_POINT('',(-0.0274293564034418,-0.0664045522928238,0.013));
#4798=CARTESIAN_POINT('',(-0.0274293564034418,0.0344954477071763,0.013));
#4799=CARTESIAN_POINT('',(0.0476906435965582,0.0344954477071763,0.013));
#4800=CARTESIAN_POINT('',(0.0148372143105851,-0.0164967156169071,0.0028));
#4801=CARTESIAN_POINT('',(0.0143444215490213,-0.0161115762646491,0.0028));
#4802=CARTESIAN_POINT('',(0.0143444215490213,-0.0161115762646491,0.0028));
#4803=CARTESIAN_POINT('',(0.0148372143105851,-0.0164967156169071,0.0028));
#4804=CARTESIAN_POINT('',(0.0153300070721489,-0.0168818549691651,0.0028));
#4805=CARTESIAN_POINT('',(0.0153300070721489,-0.0168818549691651,0.0028));
#4806=CARTESIAN_POINT('',(0.0143444215490213,-0.0160995116584338,0.0028));
#4807=CARTESIAN_POINT('',(0.0143444215490213,-0.0160874470522186,0.0028));
#4808=CARTESIAN_POINT('',(0.0143444215490213,-0.0160874470522186,0.0028));
#4809=CARTESIAN_POINT('',(0.0143444215490213,-0.0160995116584338,0.0028));
#4810=CARTESIAN_POINT('',(0.0150812905747871,-0.0161338493838159,0.0028));
#4811=CARTESIAN_POINT('',(0.0158181596005529,-0.0161802517154132,0.0028));
#4812=CARTESIAN_POINT('',(0.0158181596005529,-0.0161802517154132,0.0028));
#4813=CARTESIAN_POINT('',(0.0150812905747871,-0.0161338493838159,0.0028));
#4814=CARTESIAN_POINT('',(0.0178310927452457,-0.0161802517154132,0.0028));
#4815=CARTESIAN_POINT('',(0.0198440258899386,-0.0161802517154132,0.0028));
#4816=CARTESIAN_POINT('',(0.0198440258899386,-0.0161802517154132,0.0028));
#4817=CARTESIAN_POINT('',(0.0178310927452457,-0.0161802517154132,0.0028));
#4818=CARTESIAN_POINT('',(0.0198440258899386,-0.0152958232751679,0.0028));
#4819=CARTESIAN_POINT('',(0.0198440258899386,-0.0144113948349225,0.0028));
#4820=CARTESIAN_POINT('',(0.0198440258899386,-0.0144113948349225,0.0028));
#4821=CARTESIAN_POINT('',(0.0198440258899386,-0.0152958232751679,0.0028));
#4822=CARTESIAN_POINT('',(0.0153309351187809,-0.0144113948349225,0.0028));
#4823=CARTESIAN_POINT('',(0.0108178443476231,-0.0144113948349225,0.0028));
#4824=CARTESIAN_POINT('',(0.0108178443476231,-0.0144113948349225,0.0028));
#4825=CARTESIAN_POINT('',(0.0153309351187809,-0.0144113948349225,0.0028));
#4826=CARTESIAN_POINT('',(0.0108178443476231,-0.0152958232751679,0.0028));
#4827=CARTESIAN_POINT('',(0.0108178443476231,-0.0161802517154132,0.0028));
#4828=CARTESIAN_POINT('',(0.0108178443476231,-0.0161802517154132,0.0028));
#4829=CARTESIAN_POINT('',(0.0108178443476231,-0.0152958232751679,0.0028));
#4830=CARTESIAN_POINT('',(0.0118275590831813,-0.0161802517154132,0.0028));
#4831=CARTESIAN_POINT('',(0.0128372738187395,-0.0161802517154132,0.0028));
#4832=CARTESIAN_POINT('',(0.0128372738187395,-0.0161802517154132,0.0028));
#4833=CARTESIAN_POINT('',(0.0118275590831813,-0.0161802517154132,0.0028));
#4834=CARTESIAN_POINT('',(0.0131416731140181,-0.0165607508345114,0.0028));
#4835=CARTESIAN_POINT('',(0.0134460724092967,-0.0169412499536097,0.0028));
#4836=CARTESIAN_POINT('',(0.0134460724092967,-0.0169412499536097,0.0028));
#4837=CARTESIAN_POINT('',(0.0131416731140181,-0.0165607508345114,0.0028));
#4838=CARTESIAN_POINT('',(0.0121319583784599,-0.0178748648653482,0.0028));
#4839=CARTESIAN_POINT('',(0.0108178443476231,-0.0188084797770868,0.0028));
#4840=CARTESIAN_POINT('',(0.0108178443476231,-0.0188084797770868,0.0028));
#4841=CARTESIAN_POINT('',(0.0121319583784599,-0.0178748648653482,0.0028));
#4842=CARTESIAN_POINT('',(0.0108178443476231,-0.0198293310722284,0.0028));
#4843=CARTESIAN_POINT('',(0.0108178443476231,-0.0208501823673699,0.0028));
#4844=CARTESIAN_POINT('',(0.0108178443476231,-0.0208501823673699,0.0028));
#4845=CARTESIAN_POINT('',(0.0108178443476231,-0.0198293310722284,0.0028));
#4846=CARTESIAN_POINT('',(0.0126535205856141,-0.0194840977251441,0.0028));
#4847=CARTESIAN_POINT('',(0.014489196823605,-0.0181180130829183,0.0028));
#4848=CARTESIAN_POINT('',(0.014489196823605,-0.0181180130829183,0.0028));
#4849=CARTESIAN_POINT('',(0.0126535205856141,-0.0194840977251441,0.0028));
#4850=CARTESIAN_POINT('',(0.0158961155176365,-0.0194052137614287,0.0028));
#4851=CARTESIAN_POINT('',(0.017303034211668,-0.020692414439939,0.0028));
#4852=CARTESIAN_POINT('',(0.017303034211668,-0.020692414439939,0.0028));
#4853=CARTESIAN_POINT('',(0.0158961155176365,-0.0194052137614287,0.0028));
#4854=CARTESIAN_POINT('',(0.017303034211668,-0.0196947643105961,0.0028));
#4855=CARTESIAN_POINT('',(0.017303034211668,-0.0186971141812532,0.0028));
#4856=CARTESIAN_POINT('',(0.017303034211668,-0.0186971141812532,0.0028));
#4857=CARTESIAN_POINT('',(0.017303034211668,-0.0196947643105961,0.0028));
#4858=CARTESIAN_POINT('',(0.0163165206419084,-0.0177894845752091,0.0028));
#4859=CARTESIAN_POINT('',(0.0163165206419084,-0.0177894845752091,0.0028));
#4860=CARTESIAN_POINT('',(0.0101306435965582,-0.0159545522928238,0.0028));
#4861=CARTESIAN_POINT('',(0.0108178443476231,-0.0572166176868407,0.0028));
#4862=CARTESIAN_POINT('',(0.0108178443476231,-0.0581131107333014,0.0028));
#4863=CARTESIAN_POINT('',(0.0108178443476231,-0.0581131107333014,0.0028));
#4864=CARTESIAN_POINT('',(0.0108178443476231,-0.0572166176868407,0.0028));
#4865=CARTESIAN_POINT('',(0.0108178443476231,-0.05632012464038,0.0028));
#4866=CARTESIAN_POINT('',(0.0108178443476231,-0.05632012464038,0.0028));
#4867=CARTESIAN_POINT('',(0.0150580894089885,-0.0581131107333014,0.0028));
#4868=CARTESIAN_POINT('',(0.0192983344703538,-0.0581131107333014,0.0028));
#4869=CARTESIAN_POINT('',(0.0192983344703538,-0.0581131107333014,0.0028));
#4870=CARTESIAN_POINT('',(0.0150580894089885,-0.0581131107333014,0.0028));
#4871=CARTESIAN_POINT('',(0.0192983344703538,-0.0573762417075356,0.0028));
#4872=CARTESIAN_POINT('',(0.0192983344703538,-0.0566393726817698,0.0028));
#4873=CARTESIAN_POINT('',(0.0192983344703538,-0.0566393726817698,0.0028));
#4874=CARTESIAN_POINT('',(0.0192983344703538,-0.0573762417075356,0.0028));
#4875=CARTESIAN_POINT('',(0.018210663817712,-0.0552732880395439,0.0028));
#4876=CARTESIAN_POINT('',(0.0171229931650703,-0.0539072033973181,0.0028));
#4877=CARTESIAN_POINT('',(0.0171229931650703,-0.0539072033973181,0.0028));
#4878=CARTESIAN_POINT('',(0.018210663817712,-0.0552732880395439,0.0028));
#4879=CARTESIAN_POINT('',(0.0165837980719091,-0.0543396731278054,0.0028));
#4880=CARTESIAN_POINT('',(0.016044602978748,-0.0547721428582926,0.0028));
#4881=CARTESIAN_POINT('',(0.016044602978748,-0.0547721428582926,0.0028));
#4882=CARTESIAN_POINT('',(0.0165837980719091,-0.0543396731278054,0.0028));
#4883=CARTESIAN_POINT('',(0.0164362386574296,-0.0552593673400647,0.0028));
#4884=CARTESIAN_POINT('',(0.0168278743361111,-0.0557465918218368,0.0028));
#4885=CARTESIAN_POINT('',(0.0168278743361111,-0.0557465918218368,0.0028));
#4886=CARTESIAN_POINT('',(0.0164362386574296,-0.0552593673400647,0.0028));
#4887=CARTESIAN_POINT('',(0.0174125437142377,-0.0563665269719774,0.0028));
#4888=CARTESIAN_POINT('',(0.0174125437142377,-0.0563665269719774,0.003));
#4889=CARTESIAN_POINT('',(0.0171155687920147,-0.0560695520497544,0.0028));
#4890=CARTESIAN_POINT('',(0.0171155687920147,-0.0560695520497544,0.003));
#4891=CARTESIAN_POINT('',(0.0169206789993059,-0.0558629069997075,0.0028));
#4892=CARTESIAN_POINT('',(0.0169206789993059,-0.0558629069997075,0.003));
#4893=CARTESIAN_POINT('',(0.0168278743361111,-0.0557465918218368,0.0028));
#4894=CARTESIAN_POINT('',(0.0168278743361111,-0.0557465918218368,0.003));
#4895=CARTESIAN_POINT('',(0.0174125437142377,-0.0563665269719774,0.0028));
#4896=CARTESIAN_POINT('',(0.0174125437142377,-0.0563665269719774,0.0028));
#4897=CARTESIAN_POINT('',(0.0174125437142377,-0.0563665269719774,0.0028));
#4898=CARTESIAN_POINT('',(0.0169670813309032,-0.0559210645886429,0.0028));
#4899=CARTESIAN_POINT('',(0.0168278743361111,-0.0557465918218368,0.0028));
#4900=CARTESIAN_POINT('',(0.016971721564063,-0.0563526062724982,0.0028));
#4901=CARTESIAN_POINT('',(0.0165308994138882,-0.0563386855730189,0.0028));
#4902=CARTESIAN_POINT('',(0.0165308994138882,-0.0563386855730189,0.0028));
#4903=CARTESIAN_POINT('',(0.016971721564063,-0.0563526062724982,0.0028));
#4904=CARTESIAN_POINT('',(0.0161281271756232,-0.0563294051066995,0.0028));
#4905=CARTESIAN_POINT('',(0.0157253549373583,-0.05632012464038,0.0028));
#4906=CARTESIAN_POINT('',(0.0157253549373583,-0.05632012464038,0.0028));
#4907=CARTESIAN_POINT('',(0.0161281271756232,-0.0563294051066995,0.0028));
#4908=CARTESIAN_POINT('',(0.0132715996424907,-0.05632012464038,0.0028));
#4909=CARTESIAN_POINT('',(0.0132715996424907,-0.05632012464038,0.0028));
#4910=CARTESIAN_POINT('',(0.0101306435965582,-0.0159545522928238,0.0028));
#4911=CARTESIAN_POINT('',(0.0112586664977979,-0.00507431767090482,0.0028));
#4912=CARTESIAN_POINT('',(0.0108178443476231,-0.005246006297815,0.0028));
#4913=CARTESIAN_POINT('',(0.0108178443476231,-0.005246006297815,0.0028));
#4914=CARTESIAN_POINT('',(0.0112586664977979,-0.00507431767090482,0.0028));
#4915=CARTESIAN_POINT('',(0.0116994886479727,-0.00490262904399465,0.0028));
#4916=CARTESIAN_POINT('',(0.0116994886479727,-0.00490262904399465,0.0028));
#4917=CARTESIAN_POINT('',(0.0108178443476231,-0.00586315730805968,0.0028));
#4918=CARTESIAN_POINT('',(0.0108178443476231,-0.00648030831830436,0.0028));
#4919=CARTESIAN_POINT('',(0.0108178443476231,-0.00648030831830436,0.0028));
#4920=CARTESIAN_POINT('',(0.0108178443476231,-0.00586315730805968,0.0028));
#4921=CARTESIAN_POINT('',(0.0129783369067955,-0.00648030831830436,0.0028));
#4922=CARTESIAN_POINT('',(0.0151388294659678,-0.00648030831830436,0.0028));
#4923=CARTESIAN_POINT('',(0.0151388294659678,-0.00648030831830436,0.0028));
#4924=CARTESIAN_POINT('',(0.0129783369067955,-0.00648030831830436,0.0028));
#4925=CARTESIAN_POINT('',(0.0168677803412849,-0.00578427334434419,0.0028));
#4926=CARTESIAN_POINT('',(0.0168677803412849,-0.00578427334434419,0.003));
#4927=CARTESIAN_POINT('',(0.0164885186176959,-0.00624829666031764,0.0028));
#4928=CARTESIAN_POINT('',(0.0164885186176959,-0.00624829666031764,0.003));
#4929=CARTESIAN_POINT('',(0.0159122016592569,-0.00648030831830436,0.0028));
#4930=CARTESIAN_POINT('',(0.0159122016592569,-0.00648030831830436,0.003));
#4931=CARTESIAN_POINT('',(0.0151388294659678,-0.00648030831830436,0.0028));
#4932=CARTESIAN_POINT('',(0.0151388294659678,-0.00648030831830436,0.003));
#4933=CARTESIAN_POINT('',(0.0168677803412849,-0.00578427334434419,0.0028));
#4934=CARTESIAN_POINT('',(0.0168677803412849,-0.00578427334434419,0.0028));
#4935=CARTESIAN_POINT('',(0.0168677803412849,-0.00578427334434419,0.0028));
#4936=CARTESIAN_POINT('',(0.0162988877559015,-0.00648030831830436,0.0028));
#4937=CARTESIAN_POINT('',(0.0151388294659678,-0.00648030831830436,0.0028));
#4938=CARTESIAN_POINT('',(0.0174366729266683,-0.0037834048058667,0.0028));
#4939=CARTESIAN_POINT('',(0.0174366729266683,-0.0037834048058667,0.003));
#4940=CARTESIAN_POINT('',(0.0174366729266683,-0.00465329384887825,0.0028));
#4941=CARTESIAN_POINT('',(0.0174366729266683,-0.00465329384887825,0.003));
#4942=CARTESIAN_POINT('',(0.0172470420648739,-0.00532025002837075,0.0028));
#4943=CARTESIAN_POINT('',(0.0172470420648739,-0.00532025002837075,0.003));
#4944=CARTESIAN_POINT('',(0.0168677803412849,-0.00578427334434419,0.0028));
#4945=CARTESIAN_POINT('',(0.0168677803412849,-0.00578427334434419,0.003));
#4946=CARTESIAN_POINT('',(0.0174366729266683,-0.0037834048058667,0.0028));
#4947=CARTESIAN_POINT('',(0.0174366729266683,-0.0037834048058667,0.0028));
#4948=CARTESIAN_POINT('',(0.0174366729266683,-0.0037834048058667,0.0028));
#4949=CARTESIAN_POINT('',(0.0174366729266683,-0.00508823837038403,0.0028));
#4950=CARTESIAN_POINT('',(0.0168677803412849,-0.00578427334434419,0.0028));
#4951=CARTESIAN_POINT('',(0.0168501474552779,-0.00130180811204072,0.0028));
#4952=CARTESIAN_POINT('',(0.0168501474552779,-0.00130180811204072,0.003));
#4953=CARTESIAN_POINT('',(0.0172411644362049,-0.00204795760412602,0.0028));
#4954=CARTESIAN_POINT('',(0.0172411644362049,-0.00204795760412602,0.003));
#4955=CARTESIAN_POINT('',(0.0174366729266683,-0.00287515650206801,0.0028));
#4956=CARTESIAN_POINT('',(0.0174366729266683,-0.00287515650206801,0.003));
#4957=CARTESIAN_POINT('',(0.0174366729266683,-0.0037834048058667,0.0028));
#4958=CARTESIAN_POINT('',(0.0174366729266683,-0.0037834048058667,0.003));
#4959=CARTESIAN_POINT('',(0.0168501474552779,-0.00130180811204072,0.0028));
#4960=CARTESIAN_POINT('',(0.0168501474552779,-0.00130180811204072,0.0028));
#4961=CARTESIAN_POINT('',(0.0168501474552779,-0.00130180811204072,0.0028));
#4962=CARTESIAN_POINT('',(0.0174366729266683,-0.00242103235016867,0.0028));
#4963=CARTESIAN_POINT('',(0.0174366729266683,-0.0037834048058667,0.0028));
#4964=CARTESIAN_POINT('',(0.0162524854243041,-0.00159414280110399,0.0028));
#4965=CARTESIAN_POINT('',(0.0156548233933303,-0.00188647749016726,0.0028));
#4966=CARTESIAN_POINT('',(0.0156548233933303,-0.00188647749016726,0.0028));
#4967=CARTESIAN_POINT('',(0.0162524854243041,-0.00159414280110399,0.0028));
#4968=CARTESIAN_POINT('',(0.0161244149890955,-0.00371472935510263,0.0028));
#4969=CARTESIAN_POINT('',(0.0161244149890955,-0.00371472935510263,0.003));
#4970=CARTESIAN_POINT('',(0.0161244149890955,-0.00319626063672164,0.0028));
#4971=CARTESIAN_POINT('',(0.0161244149890955,-0.00319626063672164,0.003));
#4972=CARTESIAN_POINT('',(0.0159678844571737,-0.00258684334840985,0.0028));
#4973=CARTESIAN_POINT('',(0.0159678844571737,-0.00258684334840985,0.003));
#4974=CARTESIAN_POINT('',(0.0156548233933303,-0.00188647749016726,0.0028));
#4975=CARTESIAN_POINT('',(0.0156548233933303,-0.00188647749016726,0.003));
#4976=CARTESIAN_POINT('',(0.0161244149890955,-0.00371472935510263,0.0028));
#4977=CARTESIAN_POINT('',(0.0161244149890955,-0.00371472935510263,0.0028));
#4978=CARTESIAN_POINT('',(0.0161244149890955,-0.00371472935510263,0.0028));
#4979=CARTESIAN_POINT('',(0.0161244149890955,-0.00293702627753114,0.0028));
#4980=CARTESIAN_POINT('',(0.0156548233933303,-0.00188647749016726,0.0028));
#4981=CARTESIAN_POINT('',(0.0151388294659678,-0.00472444409066085,0.0028));
#4982=CARTESIAN_POINT('',(0.0151388294659678,-0.00472444409066085,0.003));
#4983=CARTESIAN_POINT('',(0.0157958864813862,-0.00472444409066085,0.0028));
#4984=CARTESIAN_POINT('',(0.0157958864813862,-0.00472444409066085,0.003));
#4985=CARTESIAN_POINT('',(0.0161244149890955,-0.00438787251214144,0.0028));
#4986=CARTESIAN_POINT('',(0.0161244149890955,-0.00438787251214144,0.003));
#4987=CARTESIAN_POINT('',(0.0161244149890955,-0.00371472935510263,0.0028));
#4988=CARTESIAN_POINT('',(0.0161244149890955,-0.00371472935510263,0.003));
#4989=CARTESIAN_POINT('',(0.0151388294659678,-0.00472444409066085,0.0028));
#4990=CARTESIAN_POINT('',(0.0151388294659678,-0.00472444409066085,0.0028));
#4991=CARTESIAN_POINT('',(0.0151388294659678,-0.00472444409066085,0.0028));
#4992=CARTESIAN_POINT('',(0.0161244149890955,-0.00472444409066085,0.0028));
#4993=CARTESIAN_POINT('',(0.0161244149890955,-0.00371472935510263,0.0028));
#4994=CARTESIAN_POINT('',(0.01499683833128,-0.00472444409066085,0.0028));
#4995=CARTESIAN_POINT('',(0.0148548471965921,-0.00472444409066085,0.0028));
#4996=CARTESIAN_POINT('',(0.0148548471965921,-0.00472444409066085,0.0028));
#4997=CARTESIAN_POINT('',(0.01499683833128,-0.00472444409066085,0.0028));
#4998=CARTESIAN_POINT('',(0.0148372143105851,-0.00416111978506908,0.0028));
#4999=CARTESIAN_POINT('',(0.0148195814245781,-0.00359779547947733,0.0028));
#5000=CARTESIAN_POINT('',(0.0148195814245781,-0.00359779547947733,0.0028));
#5001=CARTESIAN_POINT('',(0.0148372143105851,-0.00416111978506908,0.0028));
#5002=CARTESIAN_POINT('',(0.0142776021915211,-0.00142059808092992,0.0028));
#5003=CARTESIAN_POINT('',(0.0142776021915211,-0.00142059808092992,0.003));
#5004=CARTESIAN_POINT('',(0.0146042746059664,-0.00190194493403304,0.0028));
#5005=CARTESIAN_POINT('',(0.0146042746059664,-0.00190194493403304,0.003));
#5006=CARTESIAN_POINT('',(0.0147849343503188,-0.00262767740021551,0.0028));
#5007=CARTESIAN_POINT('',(0.0147849343503188,-0.00262767740021551,0.003));
#5008=CARTESIAN_POINT('',(0.0148195814245781,-0.00359779547947733,0.0028));
#5009=CARTESIAN_POINT('',(0.0148195814245781,-0.00359779547947733,0.003));
#5010=CARTESIAN_POINT('',(0.0142776021915211,-0.00142059808092992,0.0028));
#5011=CARTESIAN_POINT('',(0.0142776021915211,-0.00142059808092992,0.0028));
#5012=CARTESIAN_POINT('',(0.0142776021915211,-0.00142059808092992,0.0028));
#5013=CARTESIAN_POINT('',(0.0147676108131891,-0.0021426183605846,0.0028));
#5014=CARTESIAN_POINT('',(0.0148195814245781,-0.00359779547947733,0.0028));
#5015=CARTESIAN_POINT('',(0.0127556057151282,-0.000698577801275246,0.0028));
#5016=CARTESIAN_POINT('',(0.0127556057151282,-0.000698577801275246,0.003));
#5017=CARTESIAN_POINT('',(0.0134435976182782,-0.000698577801275246,0.0028));
#5018=CARTESIAN_POINT('',(0.0134435976182782,-0.000698577801275246,0.003));
#5019=CARTESIAN_POINT('',(0.0139509297770758,-0.000939251227826805,0.0028));
#5020=CARTESIAN_POINT('',(0.0139509297770758,-0.000939251227826805,0.003));
#5021=CARTESIAN_POINT('',(0.0142776021915211,-0.00142059808092992,0.0028));
#5022=CARTESIAN_POINT('',(0.0142776021915211,-0.00142059808092992,0.003));
#5023=CARTESIAN_POINT('',(0.0127556057151282,-0.000698577801275246,0.0028));
#5024=CARTESIAN_POINT('',(0.0127556057151282,-0.000698577801275246,0.0028));
#5025=CARTESIAN_POINT('',(0.0127556057151282,-0.000698577801275246,0.0028));
#5026=CARTESIAN_POINT('',(0.0137875935698532,-0.000698577801275246,0.0028));
#5027=CARTESIAN_POINT('',(0.0142776021915211,-0.00142059808092992,0.0028));
#5028=CARTESIAN_POINT('',(0.0112354653319992,-0.00123498875454055,0.0028));
#5029=CARTESIAN_POINT('',(0.0112354653319992,-0.00123498875454055,0.003));
#5030=CARTESIAN_POINT('',(0.0115918352386668,-0.00087738145236368,0.0028));
#5031=CARTESIAN_POINT('',(0.0115918352386668,-0.00087738145236368,0.003));
#5032=CARTESIAN_POINT('',(0.0120985486997098,-0.000698577801275246,0.0028));
#5033=CARTESIAN_POINT('',(0.0120985486997098,-0.000698577801275246,0.003));
#5034=CARTESIAN_POINT('',(0.0127556057151282,-0.000698577801275246,0.0028));
#5035=CARTESIAN_POINT('',(0.0127556057151282,-0.000698577801275246,0.003));
#5036=CARTESIAN_POINT('',(0.0112354653319992,-0.00123498875454055,0.0028));
#5037=CARTESIAN_POINT('',(0.0112354653319992,-0.00123498875454055,0.0028));
#5038=CARTESIAN_POINT('',(0.0112354653319992,-0.00123498875454055,0.0028));
#5039=CARTESIAN_POINT('',(0.0117700201920006,-0.000698577801275246,0.0028));
#5040=CARTESIAN_POINT('',(0.0127556057151282,-0.000698577801275246,0.0028));
#5041=CARTESIAN_POINT('',(0.0107009104719978,-0.00270501461954442,0.0028));
#5042=CARTESIAN_POINT('',(0.0107009104719978,-0.00270501461954442,0.003));
#5043=CARTESIAN_POINT('',(0.0107009104719978,-0.00208260467838537,0.0028));
#5044=CARTESIAN_POINT('',(0.0107009104719978,-0.00208260467838537,0.003));
#5045=CARTESIAN_POINT('',(0.0108790954253316,-0.00159259605671742,0.0028));
#5046=CARTESIAN_POINT('',(0.0108790954253316,-0.00159259605671742,0.003));
#5047=CARTESIAN_POINT('',(0.0112354653319992,-0.00123498875454055,0.0028));
#5048=CARTESIAN_POINT('',(0.0112354653319992,-0.00123498875454055,0.003));
#5049=CARTESIAN_POINT('',(0.0107009104719978,-0.00270501461954442,0.0028));
#5050=CARTESIAN_POINT('',(0.0107009104719978,-0.00270501461954442,0.0028));
#5051=CARTESIAN_POINT('',(0.0107009104719978,-0.00270501461954442,0.0028));
#5052=CARTESIAN_POINT('',(0.0107009104719978,-0.00177139970780585,0.0028));
#5053=CARTESIAN_POINT('',(0.0112354653319992,-0.00123498875454055,0.0028));
#5054=CARTESIAN_POINT('',(0.0109190014305053,-0.00393746054676988,0.0028));
#5055=CARTESIAN_POINT('',(0.0109190014305053,-0.00393746054676988,0.003));
#5056=CARTESIAN_POINT('',(0.010773607458167,-0.00362192469190794,0.0028));
#5057=CARTESIAN_POINT('',(0.010773607458167,-0.00362192469190794,0.003));
#5058=CARTESIAN_POINT('',(0.0107009104719978,-0.00321110938283279,0.0028));
#5059=CARTESIAN_POINT('',(0.0107009104719978,-0.00321110938283279,0.003));
#5060=CARTESIAN_POINT('',(0.0107009104719978,-0.00270501461954442,0.0028));
#5061=CARTESIAN_POINT('',(0.0107009104719978,-0.00270501461954442,0.003));
#5062=CARTESIAN_POINT('',(0.0109190014305053,-0.00393746054676988,0.0028));
#5063=CARTESIAN_POINT('',(0.0109190014305053,-0.00393746054676988,0.0028));
#5064=CARTESIAN_POINT('',(0.0109190014305053,-0.00393746054676988,0.0028));
#5065=CARTESIAN_POINT('',(0.0107009104719978,-0.00346415676447698,0.0028));
#5066=CARTESIAN_POINT('',(0.0107009104719978,-0.00270501461954442,0.0028));
#5067=CARTESIAN_POINT('',(0.0116994886479727,-0.0048562267123973,0.0028));
#5068=CARTESIAN_POINT('',(0.0116994886479727,-0.0048562267123973,0.003));
#5069=CARTESIAN_POINT('',(0.0113245578086661,-0.0045592517901743,0.0028));
#5070=CARTESIAN_POINT('',(0.0113245578086661,-0.0045592517901743,0.003));
#5071=CARTESIAN_POINT('',(0.0110643954028437,-0.00425299640163182,0.0028));
#5072=CARTESIAN_POINT('',(0.0110643954028437,-0.00425299640163182,0.003));
#5073=CARTESIAN_POINT('',(0.0109190014305053,-0.00393746054676988,0.0028));
#5074=CARTESIAN_POINT('',(0.0109190014305053,-0.00393746054676988,0.003));
#5075=CARTESIAN_POINT('',(0.0116994886479727,-0.0048562267123973,0.0028));
#5076=CARTESIAN_POINT('',(0.0116994886479727,-0.0048562267123973,0.0028));
#5077=CARTESIAN_POINT('',(0.0116994886479727,-0.0048562267123973,0.0028));
#5078=CARTESIAN_POINT('',(0.0111370923890129,-0.00441076432906279,0.0028));
#5079=CARTESIAN_POINT('',(0.0109190014305053,-0.00393746054676988,0.0028));
#5080=CARTESIAN_POINT('',(0.0116994886479727,-0.00487942787819598,0.0028));
#5081=CARTESIAN_POINT('',(0.0116994886479727,-0.00487942787819598,0.0028));
#5082=CARTESIAN_POINT('',(0.0101306435965582,-0.0159545522928238,0.0028));
#5083=CARTESIAN_POINT('',(0.0107009104719978,-0.025340071972729,0.0028));
#5084=CARTESIAN_POINT('',(0.0107009104719978,-0.025340071972729,0.003));
#5085=CARTESIAN_POINT('',(0.0107009104719978,-0.0245778363390233,0.0028));
#5086=CARTESIAN_POINT('',(0.0107009104719978,-0.0245778363390233,0.003));
#5087=CARTESIAN_POINT('',(0.010977468368318,-0.0239801743080495,0.0028));
#5088=CARTESIAN_POINT('',(0.010977468368318,-0.0239801743080495,0.003));
#5089=CARTESIAN_POINT('',(0.0115305841609583,-0.0235470858798076,0.0028));
#5090=CARTESIAN_POINT('',(0.0115305841609583,-0.0235470858798076,0.003));
#5091=CARTESIAN_POINT('',(0.0107009104719978,-0.025340071972729,0.0028));
#5092=CARTESIAN_POINT('',(0.0107009104719978,-0.025340071972729,0.0028));
#5093=CARTESIAN_POINT('',(0.0107009104719978,-0.025340071972729,0.0028));
#5094=CARTESIAN_POINT('',(0.0107009104719978,-0.0241967185221704,0.0028));
#5095=CARTESIAN_POINT('',(0.0115305841609583,-0.0235470858798076,0.0028));
#5096=CARTESIAN_POINT('',(0.0115305841609583,-0.0235470858798076,0.0028));
#5097=CARTESIAN_POINT('',(0.0115305841609583,-0.0235470858798076,0.0028));
#5098=CARTESIAN_POINT('',(0.0111018266169989,-0.0266616103766214,0.0028));
#5099=CARTESIAN_POINT('',(0.0111018266169989,-0.0266616103766214,0.003));
#5100=CARTESIAN_POINT('',(0.0108345491869982,-0.0262866795373148,0.0028));
#5101=CARTESIAN_POINT('',(0.0108345491869982,-0.0262866795373148,0.003));
#5102=CARTESIAN_POINT('',(0.0107009104719978,-0.0258461667360174,0.0028));
#5103=CARTESIAN_POINT('',(0.0107009104719978,-0.0258461667360174,0.003));
#5104=CARTESIAN_POINT('',(0.0107009104719978,-0.025340071972729,0.0028));
#5105=CARTESIAN_POINT('',(0.0107009104719978,-0.025340071972729,0.003));
#5106=CARTESIAN_POINT('',(0.0111018266169989,-0.0266616103766214,0.0028));
#5107=CARTESIAN_POINT('',(0.0111018266169989,-0.0266616103766214,0.0028));
#5108=CARTESIAN_POINT('',(0.0111018266169989,-0.0266616103766214,0.0028));
#5109=CARTESIAN_POINT('',(0.0107009104719978,-0.0260992141176615,0.0028));
#5110=CARTESIAN_POINT('',(0.0107009104719978,-0.025340071972729,0.0028));
#5111=CARTESIAN_POINT('',(0.0122683812333561,-0.0275293339774917,0.0028));
#5112=CARTESIAN_POINT('',(0.0122683812333561,-0.0275293339774917,0.003));
#5113=CARTESIAN_POINT('',(0.0117579555857853,-0.027325782416218,0.0028));
#5114=CARTESIAN_POINT('',(0.0117579555857853,-0.027325782416218,0.003));
#5115=CARTESIAN_POINT('',(0.0113691040469996,-0.0270365412159279,0.0028));
#5116=CARTESIAN_POINT('',(0.0113691040469996,-0.0270365412159279,0.003));
#5117=CARTESIAN_POINT('',(0.0111018266169989,-0.0266616103766214,0.0028));
#5118=CARTESIAN_POINT('',(0.0111018266169989,-0.0266616103766214,0.003));
#5119=CARTESIAN_POINT('',(0.0122683812333561,-0.0275293339774917,0.0028));
#5120=CARTESIAN_POINT('',(0.0122683812333561,-0.0275293339774917,0.0028));
#5121=CARTESIAN_POINT('',(0.0122683812333561,-0.0275293339774917,0.0028));
#5122=CARTESIAN_POINT('',(0.0115027427619999,-0.0272240066355812,0.0028));
#5123=CARTESIAN_POINT('',(0.0111018266169989,-0.0266616103766214,0.0028));
#5124=CARTESIAN_POINT('',(0.0140715758392289,-0.0278346613194023,0.0028));
#5125=CARTESIAN_POINT('',(0.0140715758392289,-0.0278346613194023,0.003));
#5126=CARTESIAN_POINT('',(0.0133798717495512,-0.0278346613194023,0.0028));
#5127=CARTESIAN_POINT('',(0.0133798717495512,-0.0278346613194023,0.003));
#5128=CARTESIAN_POINT('',(0.0127788068809269,-0.0277328855387654,0.0028));
#5129=CARTESIAN_POINT('',(0.0127788068809269,-0.0277328855387654,0.003));
#5130=CARTESIAN_POINT('',(0.0122683812333561,-0.0275293339774917,0.0028));
#5131=CARTESIAN_POINT('',(0.0122683812333561,-0.0275293339774917,0.003));
#5132=CARTESIAN_POINT('',(0.0140715758392289,-0.0278346613194023,0.0028));
#5133=CARTESIAN_POINT('',(0.0140715758392289,-0.0278346613194023,0.0028));
#5134=CARTESIAN_POINT('',(0.0140715758392289,-0.0278346613194023,0.0028));
#5135=CARTESIAN_POINT('',(0.0130340197047123,-0.0278346613194023,0.0028));
#5136=CARTESIAN_POINT('',(0.0122683812333561,-0.0275293339774917,0.0028));
#5137=CARTESIAN_POINT('',(0.0165364676936799,-0.0271850286770395,0.0028));
#5138=CARTESIAN_POINT('',(0.0165364676936799,-0.0271850286770395,0.003));
#5139=CARTESIAN_POINT('',(0.0159449926402524,-0.0276181171052813,0.0028));
#5140=CARTESIAN_POINT('',(0.0159449926402524,-0.0276181171052813,0.003));
#5141=CARTESIAN_POINT('',(0.0151233620221021,-0.0278346613194023,0.0028));
#5142=CARTESIAN_POINT('',(0.0151233620221021,-0.0278346613194023,0.003));
#5143=CARTESIAN_POINT('',(0.0140715758392289,-0.0278346613194023,0.0028));
#5144=CARTESIAN_POINT('',(0.0140715758392289,-0.0278346613194023,0.003));
#5145=CARTESIAN_POINT('',(0.0165364676936799,-0.0271850286770395,0.0028));
#5146=CARTESIAN_POINT('',(0.0165364676936799,-0.0271850286770395,0.0028));
#5147=CARTESIAN_POINT('',(0.0165364676936799,-0.0271850286770395,0.0028));
#5148=CARTESIAN_POINT('',(0.0156492551135386,-0.0278346613194023,0.0028));
#5149=CARTESIAN_POINT('',(0.0140715758392289,-0.0278346613194023,0.0028));
#5150=CARTESIAN_POINT('',(0.0174236802738211,-0.0253864743043263,0.0028));
#5151=CARTESIAN_POINT('',(0.0174236802738211,-0.0253864743043263,0.003));
#5152=CARTESIAN_POINT('',(0.0174236802738211,-0.0261524221245598,0.0028));
#5153=CARTESIAN_POINT('',(0.0174236802738211,-0.0261524221245598,0.003));
#5154=CARTESIAN_POINT('',(0.0171279427471074,-0.0267519402487976,0.0028));
#5155=CARTESIAN_POINT('',(0.0171279427471074,-0.0267519402487976,0.003));
#5156=CARTESIAN_POINT('',(0.0165364676936799,-0.0271850286770395,0.0028));
#5157=CARTESIAN_POINT('',(0.0165364676936799,-0.0271850286770395,0.003));
#5158=CARTESIAN_POINT('',(0.0174236802738211,-0.0253864743043263,0.0028));
#5159=CARTESIAN_POINT('',(0.0174236802738211,-0.0253864743043263,0.0028));
#5160=CARTESIAN_POINT('',(0.0174236802738211,-0.0253864743043263,0.0028));
#5161=CARTESIAN_POINT('',(0.0174236802738211,-0.0265353960346766,0.0028));
#5162=CARTESIAN_POINT('',(0.0165364676936799,-0.0271850286770395,0.0028));
#5163=CARTESIAN_POINT('',(0.0164622239631241,-0.0235470858798076,0.0028));
#5164=CARTESIAN_POINT('',(0.0164622239631241,-0.0235470858798076,0.003));
#5165=CARTESIAN_POINT('',(0.0171031948369221,-0.0239616133754106,0.0028));
#5166=CARTESIAN_POINT('',(0.0171031948369221,-0.0239616133754106,0.003));
#5167=CARTESIAN_POINT('',(0.0174236802738211,-0.0245747428502501,0.0028));
#5168=CARTESIAN_POINT('',(0.0174236802738211,-0.0245747428502501,0.003));
#5169=CARTESIAN_POINT('',(0.0174236802738211,-0.0253864743043263,0.0028));
#5170=CARTESIAN_POINT('',(0.0174236802738211,-0.0253864743043263,0.003));
#5171=CARTESIAN_POINT('',(0.0164622239631241,-0.0235470858798076,0.0028));
#5172=CARTESIAN_POINT('',(0.0164622239631241,-0.0235470858798076,0.0028));
#5173=CARTESIAN_POINT('',(0.0164622239631241,-0.0235470858798076,0.0028));
#5174=CARTESIAN_POINT('',(0.0174236802738211,-0.0241688771232121,0.0028));
#5175=CARTESIAN_POINT('',(0.0174236802738211,-0.0253864743043263,0.0028));
#5176=CARTESIAN_POINT('',(0.0164622239631241,-0.023506251828002,0.0028));
#5177=CARTESIAN_POINT('',(0.0164622239631241,-0.0234654177761963,0.0028));
#5178=CARTESIAN_POINT('',(0.0164622239631241,-0.0234654177761963,0.0028));
#5179=CARTESIAN_POINT('',(0.0164622239631241,-0.023506251828002,0.0028));
#5180=CARTESIAN_POINT('',(0.016882629087396,-0.0233410595275154,0.0028));
#5181=CARTESIAN_POINT('',(0.017303034211668,-0.0232167012788345,0.0028));
#5182=CARTESIAN_POINT('',(0.017303034211668,-0.0232167012788345,0.0028));
#5183=CARTESIAN_POINT('',(0.016882629087396,-0.0233410595275154,0.0028));
#5184=CARTESIAN_POINT('',(0.017303034211668,-0.0224974651390757,0.0028));
#5185=CARTESIAN_POINT('',(0.017303034211668,-0.0217782289993168,0.0028));
#5186=CARTESIAN_POINT('',(0.017303034211668,-0.0217782289993168,0.0028));
#5187=CARTESIAN_POINT('',(0.017303034211668,-0.0224974651390757,0.0028));
#5188=CARTESIAN_POINT('',(0.0126331035597112,-0.0217782289993168,0.0028));
#5189=CARTESIAN_POINT('',(0.0079631729077545,-0.0217782289993168,0.0028));
#5190=CARTESIAN_POINT('',(0.0079631729077545,-0.0217782289993168,0.0028));
#5191=CARTESIAN_POINT('',(0.0126331035597112,-0.0217782289993168,0.0028));
#5192=CARTESIAN_POINT('',(0.0079631729077545,-0.0226626574395623,0.0028));
#5193=CARTESIAN_POINT('',(0.0079631729077545,-0.0235470858798076,0.0028));
#5194=CARTESIAN_POINT('',(0.0079631729077545,-0.0235470858798076,0.0028));
#5195=CARTESIAN_POINT('',(0.0079631729077545,-0.0226626574395623,0.0028));
#5196=CARTESIAN_POINT('',(0.00927728693859129,-0.0235470858798076,0.0028));
#5197=CARTESIAN_POINT('',(0.0105914009694281,-0.0235470858798076,0.0028));
#5198=CARTESIAN_POINT('',(0.0105914009694281,-0.0235470858798076,0.0028));
#5199=CARTESIAN_POINT('',(0.00927728693859129,-0.0235470858798076,0.0028));
#5200=CARTESIAN_POINT('',(0.0115305841609583,-0.023454281216613,0.0028));
#5201=CARTESIAN_POINT('',(0.0115305841609583,-0.023454281216613,0.003));
#5202=CARTESIAN_POINT('',(0.0109898423234106,-0.0235161509920761,0.0028));
#5203=CARTESIAN_POINT('',(0.0109898423234106,-0.0235161509920761,0.003));
#5204=CARTESIAN_POINT('',(0.0106767812595672,-0.0235470858798076,0.0028));
#5205=CARTESIAN_POINT('',(0.0106767812595672,-0.0235470858798076,0.003));
#5206=CARTESIAN_POINT('',(0.0105914009694281,-0.0235470858798076,0.0028));
#5207=CARTESIAN_POINT('',(0.0105914009694281,-0.0235470858798076,0.003));
#5208=CARTESIAN_POINT('',(0.0115305841609583,-0.023454281216613,0.0028));
#5209=CARTESIAN_POINT('',(0.0115305841609583,-0.023454281216613,0.0028));
#5210=CARTESIAN_POINT('',(0.0115305841609583,-0.023454281216613,0.0028));
#5211=CARTESIAN_POINT('',(0.0107194714046368,-0.0235470858798076,0.0028));
#5212=CARTESIAN_POINT('',(0.0105914009694281,-0.0235470858798076,0.0028));
#5213=CARTESIAN_POINT('',(0.0115305841609583,-0.0235006835482103,0.0028));
#5214=CARTESIAN_POINT('',(0.0115305841609583,-0.0235006835482103,0.0028));
#5215=CARTESIAN_POINT('',(0.0101306435965582,-0.0159545522928238,0.0028));
#5216=CARTESIAN_POINT('',(0.0112586664977979,-0.0332423890437567,0.0028));
#5217=CARTESIAN_POINT('',(0.0108178443476231,-0.033414077670667,0.0028));
#5218=CARTESIAN_POINT('',(0.0108178443476231,-0.033414077670667,0.0028));
#5219=CARTESIAN_POINT('',(0.0112586664977979,-0.0332423890437567,0.0028));
#5220=CARTESIAN_POINT('',(0.0116994886479727,-0.0330707004168466,0.0028));
#5221=CARTESIAN_POINT('',(0.0116994886479727,-0.0330707004168466,0.0028));
#5222=CARTESIAN_POINT('',(0.0108178443476231,-0.0340312286809116,0.0028));
#5223=CARTESIAN_POINT('',(0.0108178443476231,-0.0346483796911563,0.0028));
#5224=CARTESIAN_POINT('',(0.0108178443476231,-0.0346483796911563,0.0028));
#5225=CARTESIAN_POINT('',(0.0108178443476231,-0.0340312286809116,0.0028));
#5226=CARTESIAN_POINT('',(0.0129783369067955,-0.0346483796911563,0.0028));
#5227=CARTESIAN_POINT('',(0.0151388294659678,-0.0346483796911563,0.0028));
#5228=CARTESIAN_POINT('',(0.0151388294659678,-0.0346483796911563,0.0028));
#5229=CARTESIAN_POINT('',(0.0129783369067955,-0.0346483796911563,0.0028));
#5230=CARTESIAN_POINT('',(0.0168677803412849,-0.0339523447171961,0.0028));
#5231=CARTESIAN_POINT('',(0.0168677803412849,-0.0339523447171961,0.003));
#5232=CARTESIAN_POINT('',(0.0164885186176959,-0.0344163680331696,0.0028));
#5233=CARTESIAN_POINT('',(0.0164885186176959,-0.0344163680331696,0.003));
#5234=CARTESIAN_POINT('',(0.0159122016592569,-0.0346483796911563,0.0028));
#5235=CARTESIAN_POINT('',(0.0159122016592569,-0.0346483796911563,0.003));
#5236=CARTESIAN_POINT('',(0.0151388294659678,-0.0346483796911563,0.0028));
#5237=CARTESIAN_POINT('',(0.0151388294659678,-0.0346483796911563,0.003));
#5238=CARTESIAN_POINT('',(0.0168677803412849,-0.0339523447171961,0.0028));
#5239=CARTESIAN_POINT('',(0.0168677803412849,-0.0339523447171961,0.0028));
#5240=CARTESIAN_POINT('',(0.0168677803412849,-0.0339523447171961,0.0028));
#5241=CARTESIAN_POINT('',(0.0162988877559015,-0.0346483796911563,0.0028));
#5242=CARTESIAN_POINT('',(0.0151388294659678,-0.0346483796911563,0.0028));
#5243=CARTESIAN_POINT('',(0.0174366729266683,-0.0319514761787187,0.0028));
#5244=CARTESIAN_POINT('',(0.0174366729266683,-0.0319514761787187,0.003));
#5245=CARTESIAN_POINT('',(0.0174366729266683,-0.0328213652217302,0.0028));
#5246=CARTESIAN_POINT('',(0.0174366729266683,-0.0328213652217302,0.003));
#5247=CARTESIAN_POINT('',(0.0172470420648739,-0.0334883214012227,0.0028));
#5248=CARTESIAN_POINT('',(0.0172470420648739,-0.0334883214012227,0.003));
#5249=CARTESIAN_POINT('',(0.0168677803412849,-0.0339523447171961,0.0028));
#5250=CARTESIAN_POINT('',(0.0168677803412849,-0.0339523447171961,0.003));
#5251=CARTESIAN_POINT('',(0.0174366729266683,-0.0319514761787187,0.0028));
#5252=CARTESIAN_POINT('',(0.0174366729266683,-0.0319514761787187,0.0028));
#5253=CARTESIAN_POINT('',(0.0174366729266683,-0.0319514761787187,0.0028));
#5254=CARTESIAN_POINT('',(0.0174366729266683,-0.0332563097432359,0.0028));
#5255=CARTESIAN_POINT('',(0.0168677803412849,-0.0339523447171961,0.0028));
#5256=CARTESIAN_POINT('',(0.0168501474552779,-0.0294698794848926,0.0028));
#5257=CARTESIAN_POINT('',(0.0168501474552779,-0.0294698794848926,0.003));
#5258=CARTESIAN_POINT('',(0.0172411644362049,-0.0302160289769779,0.0028));
#5259=CARTESIAN_POINT('',(0.0172411644362049,-0.0302160289769779,0.003));
#5260=CARTESIAN_POINT('',(0.0174366729266683,-0.0310432278749199,0.0028));
#5261=CARTESIAN_POINT('',(0.0174366729266683,-0.0310432278749199,0.003));
#5262=CARTESIAN_POINT('',(0.0174366729266683,-0.0319514761787187,0.0028));
#5263=CARTESIAN_POINT('',(0.0174366729266683,-0.0319514761787187,0.003));
#5264=CARTESIAN_POINT('',(0.0168501474552779,-0.0294698794848926,0.0028));
#5265=CARTESIAN_POINT('',(0.0168501474552779,-0.0294698794848926,0.0028));
#5266=CARTESIAN_POINT('',(0.0168501474552779,-0.0294698794848926,0.0028));
#5267=CARTESIAN_POINT('',(0.0174366729266683,-0.0305891037230206,0.0028));
#5268=CARTESIAN_POINT('',(0.0174366729266683,-0.0319514761787187,0.0028));
#5269=CARTESIAN_POINT('',(0.0162524854243041,-0.0297622141739559,0.0028));
#5270=CARTESIAN_POINT('',(0.0156548233933303,-0.0300545488630192,0.0028));
#5271=CARTESIAN_POINT('',(0.0156548233933303,-0.0300545488630192,0.0028));
#5272=CARTESIAN_POINT('',(0.0162524854243041,-0.0297622141739559,0.0028));
#5273=CARTESIAN_POINT('',(0.0161244149890955,-0.0318828007279545,0.0028));
#5274=CARTESIAN_POINT('',(0.0161244149890955,-0.0318828007279545,0.003));
#5275=CARTESIAN_POINT('',(0.0161244149890955,-0.0313643320095736,0.0028));
#5276=CARTESIAN_POINT('',(0.0161244149890955,-0.0313643320095736,0.003));
#5277=CARTESIAN_POINT('',(0.0159678844571737,-0.0307549147212618,0.0028));
#5278=CARTESIAN_POINT('',(0.0159678844571737,-0.0307549147212618,0.003));
#5279=CARTESIAN_POINT('',(0.0156548233933303,-0.0300545488630192,0.0028));
#5280=CARTESIAN_POINT('',(0.0156548233933303,-0.0300545488630192,0.003));
#5281=CARTESIAN_POINT('',(0.0161244149890955,-0.0318828007279545,0.0028));
#5282=CARTESIAN_POINT('',(0.0161244149890955,-0.0318828007279545,0.0028));
#5283=CARTESIAN_POINT('',(0.0161244149890955,-0.0318828007279545,0.0028));
#5284=CARTESIAN_POINT('',(0.0161244149890955,-0.031105097650383,0.0028));
#5285=CARTESIAN_POINT('',(0.0156548233933303,-0.0300545488630192,0.0028));
#5286=CARTESIAN_POINT('',(0.0151388294659678,-0.0328925154635128,0.0028));
#5287=CARTESIAN_POINT('',(0.0151388294659678,-0.0328925154635128,0.003));
#5288=CARTESIAN_POINT('',(0.0157958864813862,-0.0328925154635128,0.0028));
#5289=CARTESIAN_POINT('',(0.0157958864813862,-0.0328925154635128,0.003));
#5290=CARTESIAN_POINT('',(0.0161244149890955,-0.0325559438849934,0.0028));
#5291=CARTESIAN_POINT('',(0.0161244149890955,-0.0325559438849934,0.003));
#5292=CARTESIAN_POINT('',(0.0161244149890955,-0.0318828007279545,0.0028));
#5293=CARTESIAN_POINT('',(0.0161244149890955,-0.0318828007279545,0.003));
#5294=CARTESIAN_POINT('',(0.0151388294659678,-0.0328925154635128,0.0028));
#5295=CARTESIAN_POINT('',(0.0151388294659678,-0.0328925154635128,0.0028));
#5296=CARTESIAN_POINT('',(0.0151388294659678,-0.0328925154635128,0.0028));
#5297=CARTESIAN_POINT('',(0.0161244149890955,-0.0328925154635128,0.0028));
#5298=CARTESIAN_POINT('',(0.0161244149890955,-0.0318828007279545,0.0028));
#5299=CARTESIAN_POINT('',(0.01499683833128,-0.0328925154635128,0.0028));
#5300=CARTESIAN_POINT('',(0.0148548471965921,-0.0328925154635128,0.0028));
#5301=CARTESIAN_POINT('',(0.0148548471965921,-0.0328925154635128,0.0028));
#5302=CARTESIAN_POINT('',(0.01499683833128,-0.0328925154635128,0.0028));
#5303=CARTESIAN_POINT('',(0.0148372143105851,-0.032329191157921,0.0028));
#5304=CARTESIAN_POINT('',(0.0148195814245781,-0.0317658668523293,0.0028));
#5305=CARTESIAN_POINT('',(0.0148195814245781,-0.0317658668523293,0.0028));
#5306=CARTESIAN_POINT('',(0.0148372143105851,-0.032329191157921,0.0028));
#5307=CARTESIAN_POINT('',(0.0142776021915211,-0.0295886694537819,0.0028));
#5308=CARTESIAN_POINT('',(0.0142776021915211,-0.0295886694537819,0.003));
#5309=CARTESIAN_POINT('',(0.0146042746059664,-0.030070016306885,0.0028));
#5310=CARTESIAN_POINT('',(0.0146042746059664,-0.030070016306885,0.003));
#5311=CARTESIAN_POINT('',(0.0147849343503188,-0.0307957487730675,0.0028));
#5312=CARTESIAN_POINT('',(0.0147849343503188,-0.0307957487730675,0.003));
#5313=CARTESIAN_POINT('',(0.0148195814245781,-0.0317658668523293,0.0028));
#5314=CARTESIAN_POINT('',(0.0148195814245781,-0.0317658668523293,0.003));
#5315=CARTESIAN_POINT('',(0.0142776021915211,-0.0295886694537819,0.0028));
#5316=CARTESIAN_POINT('',(0.0142776021915211,-0.0295886694537819,0.0028));
#5317=CARTESIAN_POINT('',(0.0142776021915211,-0.0295886694537819,0.0028));
#5318=CARTESIAN_POINT('',(0.0147676108131891,-0.0303106897334365,0.0028));
#5319=CARTESIAN_POINT('',(0.0148195814245781,-0.0317658668523293,0.0028));
#5320=CARTESIAN_POINT('',(0.0127556057151282,-0.0288666491741272,0.0028));
#5321=CARTESIAN_POINT('',(0.0127556057151282,-0.0288666491741272,0.003));
#5322=CARTESIAN_POINT('',(0.0134435976182782,-0.0288666491741272,0.0028));
#5323=CARTESIAN_POINT('',(0.0134435976182782,-0.0288666491741272,0.003));
#5324=CARTESIAN_POINT('',(0.0139509297770758,-0.0291073226006787,0.0028));
#5325=CARTESIAN_POINT('',(0.0139509297770758,-0.0291073226006787,0.003));
#5326=CARTESIAN_POINT('',(0.0142776021915211,-0.0295886694537819,0.0028));
#5327=CARTESIAN_POINT('',(0.0142776021915211,-0.0295886694537819,0.003));
#5328=CARTESIAN_POINT('',(0.0127556057151282,-0.0288666491741272,0.0028));
#5329=CARTESIAN_POINT('',(0.0127556057151282,-0.0288666491741272,0.0028));
#5330=CARTESIAN_POINT('',(0.0127556057151282,-0.0288666491741272,0.0028));
#5331=CARTESIAN_POINT('',(0.0137875935698532,-0.0288666491741272,0.0028));
#5332=CARTESIAN_POINT('',(0.0142776021915211,-0.0295886694537819,0.0028));
#5333=CARTESIAN_POINT('',(0.0112354653319992,-0.0294030601273925,0.0028));
#5334=CARTESIAN_POINT('',(0.0112354653319992,-0.0294030601273925,0.003));
#5335=CARTESIAN_POINT('',(0.0115918352386668,-0.0290454528252156,0.0028));
#5336=CARTESIAN_POINT('',(0.0115918352386668,-0.0290454528252156,0.003));
#5337=CARTESIAN_POINT('',(0.0120985486997098,-0.0288666491741272,0.0028));
#5338=CARTESIAN_POINT('',(0.0120985486997098,-0.0288666491741272,0.003));
#5339=CARTESIAN_POINT('',(0.0127556057151282,-0.0288666491741272,0.0028));
#5340=CARTESIAN_POINT('',(0.0127556057151282,-0.0288666491741272,0.003));
#5341=CARTESIAN_POINT('',(0.0112354653319992,-0.0294030601273925,0.0028));
#5342=CARTESIAN_POINT('',(0.0112354653319992,-0.0294030601273925,0.0028));
#5343=CARTESIAN_POINT('',(0.0112354653319992,-0.0294030601273925,0.0028));
#5344=CARTESIAN_POINT('',(0.0117700201920006,-0.0288666491741272,0.0028));
#5345=CARTESIAN_POINT('',(0.0127556057151282,-0.0288666491741272,0.0028));
#5346=CARTESIAN_POINT('',(0.0107009104719978,-0.0308730859923964,0.0028));
#5347=CARTESIAN_POINT('',(0.0107009104719978,-0.0308730859923964,0.003));
#5348=CARTESIAN_POINT('',(0.0107009104719978,-0.0302506760512373,0.0028));
#5349=CARTESIAN_POINT('',(0.0107009104719978,-0.0302506760512373,0.003));
#5350=CARTESIAN_POINT('',(0.0108790954253316,-0.0297606674295694,0.0028));
#5351=CARTESIAN_POINT('',(0.0108790954253316,-0.0297606674295694,0.003));
#5352=CARTESIAN_POINT('',(0.0112354653319992,-0.0294030601273925,0.0028));
#5353=CARTESIAN_POINT('',(0.0112354653319992,-0.0294030601273925,0.003));
#5354=CARTESIAN_POINT('',(0.0107009104719978,-0.0308730859923964,0.0028));
#5355=CARTESIAN_POINT('',(0.0107009104719978,-0.0308730859923964,0.0028));
#5356=CARTESIAN_POINT('',(0.0107009104719978,-0.0308730859923964,0.0028));
#5357=CARTESIAN_POINT('',(0.0107009104719978,-0.0299394710806578,0.0028));
#5358=CARTESIAN_POINT('',(0.0112354653319992,-0.0294030601273925,0.0028));
#5359=CARTESIAN_POINT('',(0.0109190014305053,-0.0321055319196219,0.0028));
#5360=CARTESIAN_POINT('',(0.0109190014305053,-0.0321055319196219,0.003));
#5361=CARTESIAN_POINT('',(0.010773607458167,-0.0317899960647599,0.0028));
#5362=CARTESIAN_POINT('',(0.010773607458167,-0.0317899960647599,0.003));
#5363=CARTESIAN_POINT('',(0.0107009104719978,-0.0313791807556847,0.0028));
#5364=CARTESIAN_POINT('',(0.0107009104719978,-0.0313791807556847,0.003));
#5365=CARTESIAN_POINT('',(0.0107009104719978,-0.0308730859923964,0.0028));
#5366=CARTESIAN_POINT('',(0.0107009104719978,-0.0308730859923964,0.003));
#5367=CARTESIAN_POINT('',(0.0109190014305053,-0.0321055319196219,0.0028));
#5368=CARTESIAN_POINT('',(0.0109190014305053,-0.0321055319196219,0.0028));
#5369=CARTESIAN_POINT('',(0.0109190014305053,-0.0321055319196219,0.0028));
#5370=CARTESIAN_POINT('',(0.0107009104719978,-0.0316322281373289,0.0028));
#5371=CARTESIAN_POINT('',(0.0107009104719978,-0.0308730859923964,0.0028));
#5372=CARTESIAN_POINT('',(0.0116994886479727,-0.0330242980852493,0.0028));
#5373=CARTESIAN_POINT('',(0.0116994886479727,-0.0330242980852493,0.003));
#5374=CARTESIAN_POINT('',(0.0113245578086661,-0.0327273231630263,0.0028));
#5375=CARTESIAN_POINT('',(0.0113245578086661,-0.0327273231630263,0.003));
#5376=CARTESIAN_POINT('',(0.0110643954028437,-0.0324210677744838,0.0028));
#5377=CARTESIAN_POINT('',(0.0110643954028437,-0.0324210677744838,0.003));
#5378=CARTESIAN_POINT('',(0.0109190014305053,-0.0321055319196219,0.0028));
#5379=CARTESIAN_POINT('',(0.0109190014305053,-0.0321055319196219,0.003));
#5380=CARTESIAN_POINT('',(0.0116994886479727,-0.0330242980852493,0.0028));
#5381=CARTESIAN_POINT('',(0.0116994886479727,-0.0330242980852493,0.0028));
#5382=CARTESIAN_POINT('',(0.0116994886479727,-0.0330242980852493,0.0028));
#5383=CARTESIAN_POINT('',(0.0111370923890129,-0.0325788357019148,0.0028));
#5384=CARTESIAN_POINT('',(0.0109190014305053,-0.0321055319196219,0.0028));
#5385=CARTESIAN_POINT('',(0.0116994886479727,-0.0330474992510479,0.0028));
#5386=CARTESIAN_POINT('',(0.0116994886479727,-0.0330474992510479,0.0028));
#5387=CARTESIAN_POINT('',(0.0101306435965582,-0.0159545522928238,0.0028));
#5388=CARTESIAN_POINT('',(0.0140604392796456,-0.0476827946368503,0.0028));
#5389=CARTESIAN_POINT('',(0.0108178443476231,-0.0489180247039716,0.0028));
#5390=CARTESIAN_POINT('',(0.0108178443476231,-0.0489180247039716,0.0028));
#5391=CARTESIAN_POINT('',(0.0140604392796456,-0.0476827946368503,0.0028));
#5392=CARTESIAN_POINT('',(0.017303034211668,-0.046447564569729,0.0028));
#5393=CARTESIAN_POINT('',(0.017303034211668,-0.046447564569729,0.0028));
#5394=CARTESIAN_POINT('',(0.0108178443476231,-0.0498256543100157,0.0028));
#5395=CARTESIAN_POINT('',(0.0108178443476231,-0.0507332839160598,0.0028));
#5396=CARTESIAN_POINT('',(0.0108178443476231,-0.0507332839160598,0.0028));
#5397=CARTESIAN_POINT('',(0.0108178443476231,-0.0498256543100157,0.0028));
#5398=CARTESIAN_POINT('',(0.0140604392796456,-0.051969442029813,0.0028));
#5399=CARTESIAN_POINT('',(0.017303034211668,-0.0532056001435663,0.0028));
#5400=CARTESIAN_POINT('',(0.017303034211668,-0.0532056001435663,0.0028));
#5401=CARTESIAN_POINT('',(0.0140604392796456,-0.051969442029813,0.0028));
#5402=CARTESIAN_POINT('',(0.017303034211668,-0.0522803376515152,0.0028));
#5403=CARTESIAN_POINT('',(0.017303034211668,-0.0513550751594642,0.0028));
#5404=CARTESIAN_POINT('',(0.017303034211668,-0.0513550751594642,0.0028));
#5405=CARTESIAN_POINT('',(0.017303034211668,-0.0522803376515152,0.0028));
#5406=CARTESIAN_POINT('',(0.0154552933674618,-0.0507314278227959,0.0028));
#5407=CARTESIAN_POINT('',(0.0136075525232555,-0.0501077804861276,0.0028));
#5408=CARTESIAN_POINT('',(0.0136075525232555,-0.0501077804861276,0.0028));
#5409=CARTESIAN_POINT('',(0.0154552933674618,-0.0507314278227959,0.0028));
#5410=CARTESIAN_POINT('',(0.0122804458395714,-0.0498460713359185,0.0028));
#5411=CARTESIAN_POINT('',(0.0122804458395714,-0.0498460713359185,0.003));
#5412=CARTESIAN_POINT('',(0.0126516644923502,-0.0498658696640667,0.0028));
#5413=CARTESIAN_POINT('',(0.0126516644923502,-0.0498658696640667,0.003));
#5414=CARTESIAN_POINT('',(0.0130940333869115,-0.0499531060474697,0.0028));
#5415=CARTESIAN_POINT('',(0.0130940333869115,-0.0499531060474697,0.003));
#5416=CARTESIAN_POINT('',(0.0136075525232555,-0.0501077804861276,0.0028));
#5417=CARTESIAN_POINT('',(0.0136075525232555,-0.0501077804861276,0.003));
#5418=CARTESIAN_POINT('',(0.0122804458395714,-0.0498460713359185,0.0028));
#5419=CARTESIAN_POINT('',(0.0122804458395714,-0.0498460713359185,0.0028));
#5420=CARTESIAN_POINT('',(0.0122804458395714,-0.0498460713359185,0.0028));
#5421=CARTESIAN_POINT('',(0.0128372738187396,-0.0498757688281408,0.0028));
#5422=CARTESIAN_POINT('',(0.0136075525232555,-0.0501077804861276,0.0028));
#5423=CARTESIAN_POINT('',(0.0122804458395714,-0.0498293664965435,0.0028));
#5424=CARTESIAN_POINT('',(0.0122804458395714,-0.0498135695834015,0.0028));
#5425=CARTESIAN_POINT('',(0.0122804458395714,-0.0498135695834015,0.0028));
#5426=CARTESIAN_POINT('',(0.0122804458395714,-0.0498293664965435,0.0028));
#5427=CARTESIAN_POINT('',(0.0116399276619375,-0.043114763486968,0.0028));
#5428=CARTESIAN_POINT('',(0.0136075525232555,-0.0495509525069594,0.0028));
#5429=CARTESIAN_POINT('',(0.0136074242602264,-0.0495505329528484,0.00280000029999996));
#5430=CARTESIAN_POINT('',(0.0116399276619375,-0.043114763486968,0.0028));
#5431=CARTESIAN_POINT('',(0.0154552933674618,-0.0489245210303953,0.0028));
#5432=CARTESIAN_POINT('',(0.017303034211668,-0.0482980895538311,0.0028));
#5433=CARTESIAN_POINT('',(0.017303034211668,-0.0482980895538311,0.0028));
#5434=CARTESIAN_POINT('',(0.0154552933674618,-0.0489245210303953,0.0028));
#5435=CARTESIAN_POINT('',(0.017303034211668,-0.0473728270617801,0.0028));
#5436=CARTESIAN_POINT('',(0.017303034211668,-0.0473728270617801,0.0028));
#5437=CARTESIAN_POINT('',(0.0101306435965582,-0.0159545522928238,0.0028));
#5438=CARTESIAN_POINT('',(0.0116475180365836,-0.043739524497708,0.0028));
#5439=CARTESIAN_POINT('',(0.0116475180365836,-0.043739524497708,0.003));
#5440=CARTESIAN_POINT('',(0.0119717156600104,-0.043739524497708,0.0028));
#5441=CARTESIAN_POINT('',(0.0119717156600104,-0.043739524497708,0.003));
#5442=CARTESIAN_POINT('',(0.0122170293197217,-0.0438264515322337,0.0028));
#5443=CARTESIAN_POINT('',(0.0122170293197217,-0.0438264515322337,0.003));
#5444=CARTESIAN_POINT('',(0.0123834590157175,-0.0440003056012851,0.0028));
#5445=CARTESIAN_POINT('',(0.0123834590157175,-0.0440003056012851,0.003));
#5446=CARTESIAN_POINT('',(0.0116475180365836,-0.043739524497708,0.0028));
#5447=CARTESIAN_POINT('',(0.0116475180365836,-0.043739524497708,0.0028));
#5448=CARTESIAN_POINT('',(0.0116475180365836,-0.043739524497708,0.0028));
#5449=CARTESIAN_POINT('',(0.0121338144717238,-0.043739524497708,0.0028));
#5450=CARTESIAN_POINT('',(0.0123834590157175,-0.0440003056012851,0.0028));
#5451=CARTESIAN_POINT('',(0.0123834590157175,-0.0440003056012851,0.0028));
#5452=CARTESIAN_POINT('',(0.0123834590157175,-0.0440003056012851,0.0028));
#5453=CARTESIAN_POINT('',(0.0109199294771373,-0.0440058738810767,0.0028));
#5454=CARTESIAN_POINT('',(0.0109199294771373,-0.0440058738810767,0.003));
#5455=CARTESIAN_POINT('',(0.0110919274529248,-0.0438283076254976,0.0028));
#5456=CARTESIAN_POINT('',(0.0110919274529248,-0.0438283076254976,0.003));
#5457=CARTESIAN_POINT('',(0.0113344569727402,-0.043739524497708,0.0028));
#5458=CARTESIAN_POINT('',(0.0113344569727402,-0.043739524497708,0.003));
#5459=CARTESIAN_POINT('',(0.0116475180365836,-0.043739524497708,0.0028));
#5460=CARTESIAN_POINT('',(0.0116475180365836,-0.043739524497708,0.003));
#5461=CARTESIAN_POINT('',(0.0109199294771373,-0.0440058738810767,0.0028));
#5462=CARTESIAN_POINT('',(0.0109199294771373,-0.0440058738810767,0.0028));
#5463=CARTESIAN_POINT('',(0.0109199294771373,-0.0440058738810767,0.0028));
#5464=CARTESIAN_POINT('',(0.0111779264408185,-0.043739524497708,0.0028));
#5465=CARTESIAN_POINT('',(0.0116475180365836,-0.043739524497708,0.0028));
#5466=CARTESIAN_POINT('',(0.010661932513456,-0.0447603757928496,0.0028));
#5467=CARTESIAN_POINT('',(0.010661932513456,-0.0447603757928496,0.003));
#5468=CARTESIAN_POINT('',(0.010661932513456,-0.0444349407739135,0.0028));
#5469=CARTESIAN_POINT('',(0.010661932513456,-0.0444349407739135,0.003));
#5470=CARTESIAN_POINT('',(0.0107479315013498,-0.0441834401366559,0.0028));
#5471=CARTESIAN_POINT('',(0.0107479315013498,-0.0441834401366559,0.003));
#5472=CARTESIAN_POINT('',(0.0109199294771373,-0.0440058738810767,0.0028));
#5473=CARTESIAN_POINT('',(0.0109199294771373,-0.0440058738810767,0.003));
#5474=CARTESIAN_POINT('',(0.010661932513456,-0.0447603757928496,0.0028));
#5475=CARTESIAN_POINT('',(0.010661932513456,-0.0447603757928496,0.0028));
#5476=CARTESIAN_POINT('',(0.010661932513456,-0.0447603757928496,0.0028));
#5477=CARTESIAN_POINT('',(0.010661932513456,-0.0442722232644455,0.0028));
#5478=CARTESIAN_POINT('',(0.0109199294771373,-0.0440058738810767,0.0028));
#5479=CARTESIAN_POINT('',(0.010925497756929,-0.0455018850517752,0.0028));
#5480=CARTESIAN_POINT('',(0.010925497756929,-0.0455018850517752,0.003));
#5481=CARTESIAN_POINT('',(0.0107497875946137,-0.045324318796196,0.0028));
#5482=CARTESIAN_POINT('',(0.0107497875946137,-0.045324318796196,0.003));
#5483=CARTESIAN_POINT('',(0.010661932513456,-0.0450771490432208,0.0028));
#5484=CARTESIAN_POINT('',(0.010661932513456,-0.0450771490432208,0.003));
#5485=CARTESIAN_POINT('',(0.010661932513456,-0.0447603757928496,0.0028));
#5486=CARTESIAN_POINT('',(0.010661932513456,-0.0447603757928496,0.003));
#5487=CARTESIAN_POINT('',(0.010925497756929,-0.0455018850517752,0.0028));
#5488=CARTESIAN_POINT('',(0.010925497756929,-0.0455018850517752,0.0028));
#5489=CARTESIAN_POINT('',(0.010925497756929,-0.0455018850517752,0.0028));
#5490=CARTESIAN_POINT('',(0.010661932513456,-0.0452355356684064,0.0028));
#5491=CARTESIAN_POINT('',(0.010661932513456,-0.0447603757928496,0.0028));
#5492=CARTESIAN_POINT('',(0.0116475180365836,-0.0457682344351439,0.0028));
#5493=CARTESIAN_POINT('',(0.0116475180365836,-0.0457682344351439,0.003));
#5494=CARTESIAN_POINT('',(0.0113418813457958,-0.0457682344351439,0.0028));
#5495=CARTESIAN_POINT('',(0.0113418813457958,-0.0457682344351439,0.003));
#5496=CARTESIAN_POINT('',(0.0111012079192442,-0.0456794513073543,0.0028));
#5497=CARTESIAN_POINT('',(0.0111012079192442,-0.0456794513073543,0.003));
#5498=CARTESIAN_POINT('',(0.010925497756929,-0.0455018850517752,0.0028));
#5499=CARTESIAN_POINT('',(0.010925497756929,-0.0455018850517752,0.003));
#5500=CARTESIAN_POINT('',(0.0116475180365836,-0.0457682344351439,0.0028));
#5501=CARTESIAN_POINT('',(0.0116475180365836,-0.0457682344351439,0.0028));
#5502=CARTESIAN_POINT('',(0.0116475180365836,-0.0457682344351439,0.0028));
#5503=CARTESIAN_POINT('',(0.0111890630004019,-0.0457682344351439,0.0028));
#5504=CARTESIAN_POINT('',(0.010925497756929,-0.0455018850517752,0.0028));
#5505=CARTESIAN_POINT('',(0.0123778907359258,-0.045504669191671,0.0028));
#5506=CARTESIAN_POINT('',(0.0123778907359258,-0.045504669191671,0.003));
#5507=CARTESIAN_POINT('',(0.0122077488534022,-0.0456803793539863,0.0028));
#5508=CARTESIAN_POINT('',(0.0122077488534022,-0.0456803793539863,0.003));
#5509=CARTESIAN_POINT('',(0.0119642912869548,-0.0457682344351439,0.0028));
#5510=CARTESIAN_POINT('',(0.0119642912869548,-0.0457682344351439,0.003));
#5511=CARTESIAN_POINT('',(0.0116475180365836,-0.0457682344351439,0.0028));
#5512=CARTESIAN_POINT('',(0.0116475180365836,-0.0457682344351439,0.003));
#5513=CARTESIAN_POINT('',(0.0123778907359258,-0.045504669191671,0.0028));
#5514=CARTESIAN_POINT('',(0.0123778907359258,-0.045504669191671,0.0028));
#5515=CARTESIAN_POINT('',(0.0123778907359258,-0.045504669191671,0.0028));
#5516=CARTESIAN_POINT('',(0.0121226779121404,-0.0457682344351439,0.0028));
#5517=CARTESIAN_POINT('',(0.0116475180365836,-0.0457682344351439,0.0028));
#5518=CARTESIAN_POINT('',(0.0126331035597112,-0.0447603757928496,0.0028));
#5519=CARTESIAN_POINT('',(0.0126331035597112,-0.0447603757928496,0.003));
#5520=CARTESIAN_POINT('',(0.0126331035597112,-0.0450808612297486,0.0028));
#5521=CARTESIAN_POINT('',(0.0126331035597112,-0.0450808612297486,0.003));
#5522=CARTESIAN_POINT('',(0.0125480326184494,-0.0453289590293557,0.0028));
#5523=CARTESIAN_POINT('',(0.0125480326184494,-0.0453289590293557,0.003));
#5524=CARTESIAN_POINT('',(0.0123778907359258,-0.045504669191671,0.0028));
#5525=CARTESIAN_POINT('',(0.0123778907359258,-0.045504669191671,0.003));
#5526=CARTESIAN_POINT('',(0.0126331035597112,-0.0447603757928496,0.0028));
#5527=CARTESIAN_POINT('',(0.0126331035597112,-0.0447603757928496,0.0028));
#5528=CARTESIAN_POINT('',(0.0126331035597112,-0.0447603757928496,0.0028));
#5529=CARTESIAN_POINT('',(0.0126331035597112,-0.0452411039481981,0.0028));
#5530=CARTESIAN_POINT('',(0.0123778907359258,-0.045504669191671,0.0028));
#5531=CARTESIAN_POINT('',(0.0123834590157175,-0.0440003056012851,0.0028));
#5532=CARTESIAN_POINT('',(0.0123834590157175,-0.0440003056012851,0.003));
#5533=CARTESIAN_POINT('',(0.0125498887117133,-0.0441741596703365,0.0028));
#5534=CARTESIAN_POINT('',(0.0125498887117133,-0.0441741596703365,0.003));
#5535=CARTESIAN_POINT('',(0.0126331035597112,-0.044427516400858,0.0028));
#5536=CARTESIAN_POINT('',(0.0126331035597112,-0.044427516400858,0.003));
#5537=CARTESIAN_POINT('',(0.0126331035597112,-0.0447603757928496,0.0028));
#5538=CARTESIAN_POINT('',(0.0126331035597112,-0.0447603757928496,0.003));
#5539=CARTESIAN_POINT('',(0.0123834590157175,-0.0440003056012851,0.0028));
#5540=CARTESIAN_POINT('',(0.0126331035597112,-0.0442610867048622,0.0028));
#5541=CARTESIAN_POINT('',(0.0126331035597112,-0.0447603757928496,0.0028));
#5542=CARTESIAN_POINT('',(0.0101306435965582,-0.0159545522928238,0.0028));
#5543=CARTESIAN_POINT('',(0.0107009104719978,-0.0109367882449133,0.0028));
#5544=CARTESIAN_POINT('',(0.0107009104719978,-0.0109367882449133,0.003));
#5545=CARTESIAN_POINT('',(0.0107009104719978,-0.00891859616930614,0.0028));
#5546=CARTESIAN_POINT('',(0.0107009104719978,-0.00891859616930614,0.003));
#5547=CARTESIAN_POINT('',(0.0118089981505424,-0.00790950013150256,0.0028));
#5548=CARTESIAN_POINT('',(0.0118089981505424,-0.00790950013150256,0.003));
#5549=CARTESIAN_POINT('',(0.0140251735076316,-0.00790950013150256,0.0028));
#5550=CARTESIAN_POINT('',(0.0140251735076316,-0.00790950013150256,0.003));
#5551=CARTESIAN_POINT('',(0.0107009104719978,-0.0109367882449133,0.0028));
#5552=CARTESIAN_POINT('',(0.0107009104719978,-0.0109367882449133,0.0028));
#5553=CARTESIAN_POINT('',(0.0107009104719978,-0.0109367882449133,0.0028));
#5554=CARTESIAN_POINT('',(0.0107009104719978,-0.00790950013150256,0.0028));
#5555=CARTESIAN_POINT('',(0.0140251735076316,-0.00790950013150256,0.0028));
#5556=CARTESIAN_POINT('',(0.0140251735076316,-0.00790950013150256,0.0028));
#5557=CARTESIAN_POINT('',(0.0140251735076316,-0.00790950013150256,0.0028));
#5558=CARTESIAN_POINT('',(0.0108057797414078,-0.0120411637369301,0.0028));
#5559=CARTESIAN_POINT('',(0.0108057797414078,-0.0120411637369301,0.003));
#5560=CARTESIAN_POINT('',(0.0107358668951345,-0.0117491383967442,0.0028));
#5561=CARTESIAN_POINT('',(0.0107358668951345,-0.0117491383967442,0.003));
#5562=CARTESIAN_POINT('',(0.0107009104719978,-0.0113810132327386,0.0028));
#5563=CARTESIAN_POINT('',(0.0107009104719978,-0.0113810132327386,0.003));
#5564=CARTESIAN_POINT('',(0.0107009104719978,-0.0109367882449133,0.0028));
#5565=CARTESIAN_POINT('',(0.0107009104719978,-0.0109367882449133,0.003));
#5566=CARTESIAN_POINT('',(0.0108057797414078,-0.0120411637369301,0.0028));
#5567=CARTESIAN_POINT('',(0.0108057797414078,-0.0120411637369301,0.0028));
#5568=CARTESIAN_POINT('',(0.0108057797414078,-0.0120411637369301,0.0028));
#5569=CARTESIAN_POINT('',(0.0107009104719978,-0.0116031257266512,0.0028));
#5570=CARTESIAN_POINT('',(0.0107009104719978,-0.0109367882449133,0.0028));
#5571=CARTESIAN_POINT('',(0.0135738204269976,-0.011345235779185,0.0028));
#5572=CARTESIAN_POINT('',(0.0111834947206102,-0.0129079592911685,0.0028));
#5573=CARTESIAN_POINT('',(0.0111838492428893,-0.0129077275150973,0.00280000025));
#5574=CARTESIAN_POINT('',(0.0135738204269976,-0.011345235779185,0.0028));
#5575=CARTESIAN_POINT('',(0.0119407807722789,-0.0129079592911685,0.0028));
#5576=CARTESIAN_POINT('',(0.0126990705513941,-0.0129079592911685,0.0028));
#5577=CARTESIAN_POINT('',(0.0126980668239475,-0.0129079592911685,0.0028));
#5578=CARTESIAN_POINT('',(0.0119407807722789,-0.0129079592911685,0.0028));
#5579=CARTESIAN_POINT('',(0.0154888006501293,-0.0109885067101523,0.0028));
#5580=CARTESIAN_POINT('',(0.01227023732662,-0.0120383795970343,0.0028));
#5581=CARTESIAN_POINT('',(0.0122698504860649,-0.0120385054998311,0.0028));
#5582=CARTESIAN_POINT('',(0.0154888006501293,-0.0109885067101523,0.0028));
#5583=CARTESIAN_POINT('',(0.0152849566404799,-0.0111255046928973,0.0028));
#5584=CARTESIAN_POINT('',(0.0121338144717238,-0.0110927000790804,0.0028));
#5585=CARTESIAN_POINT('',(0.0121338144717238,-0.0110927000790804,0.0028));
#5586=CARTESIAN_POINT('',(0.0152849566404799,-0.0111255046928973,0.0028));
#5587=CARTESIAN_POINT('',(0.0140363100672149,-0.00971176669074342,0.0028));
#5588=CARTESIAN_POINT('',(0.0140363100672149,-0.00971176669074342,0.003));
#5589=CARTESIAN_POINT('',(0.0127679796702208,-0.00971176669074342,0.0028));
#5590=CARTESIAN_POINT('',(0.0127679796702208,-0.00971176669074342,0.003));
#5591=CARTESIAN_POINT('',(0.0121338144717238,-0.0101720778201891,0.0028));
#5592=CARTESIAN_POINT('',(0.0121338144717238,-0.0101720778201891,0.003));
#5593=CARTESIAN_POINT('',(0.0121338144717238,-0.0110927000790804,0.0028));
#5594=CARTESIAN_POINT('',(0.0121338144717238,-0.0110927000790804,0.003));
#5595=CARTESIAN_POINT('',(0.0140363100672149,-0.00971176669074342,0.0028));
#5596=CARTESIAN_POINT('',(0.0140363100672149,-0.00971176669074342,0.0028));
#5597=CARTESIAN_POINT('',(0.0140363100672149,-0.00971176669074342,0.0028));
#5598=CARTESIAN_POINT('',(0.0121338144717238,-0.00971176669074342,0.0028));
#5599=CARTESIAN_POINT('',(0.0121338144717238,-0.0110927000790804,0.0028));
#5600=CARTESIAN_POINT('',(0.0159982006471507,-0.0110927000790804,0.0028));
#5601=CARTESIAN_POINT('',(0.0159982006471507,-0.0110927000790804,0.003));
#5602=CARTESIAN_POINT('',(0.0159982006471507,-0.0101720778201891,0.0028));
#5603=CARTESIAN_POINT('',(0.0159982006471507,-0.0101720778201891,0.003));
#5604=CARTESIAN_POINT('',(0.0153442371205054,-0.00971176669074342,0.0028));
#5605=CARTESIAN_POINT('',(0.0153442371205054,-0.00971176669074342,0.003));
#5606=CARTESIAN_POINT('',(0.0140363100672149,-0.00971176669074342,0.0028));
#5607=CARTESIAN_POINT('',(0.0140363100672149,-0.00971176669074342,0.003));
#5608=CARTESIAN_POINT('',(0.0159982006471507,-0.0110927000790804,0.0028));
#5609=CARTESIAN_POINT('',(0.0159982006471507,-0.0110927000790804,0.0028));
#5610=CARTESIAN_POINT('',(0.0159982006471507,-0.0110927000790804,0.0028));
#5611=CARTESIAN_POINT('',(0.0159982006471507,-0.00971176669074342,0.0028));
#5612=CARTESIAN_POINT('',(0.0140363100672149,-0.00971176669074342,0.0028));
#5613=CARTESIAN_POINT('',(0.0135050637934757,-0.0110859212512888,0.0028));
#5614=CARTESIAN_POINT('',(0.0158905472378448,-0.0118119362188392,0.0028));
#5615=CARTESIAN_POINT('',(0.0158905942642251,-0.0118119507870141,0.0028));
#5616=CARTESIAN_POINT('',(0.0135050637934757,-0.0110859212512888,0.0028));
#5617=CARTESIAN_POINT('',(0.00733933974517474,-0.00919822844896083,0.0028));
#5618=CARTESIAN_POINT('',(0.0156137222318124,-0.0125886091846603,0.0028));
#5619=CARTESIAN_POINT('',(0.0156137222315028,-0.0125886091839448,0.0028));
#5620=CARTESIAN_POINT('',(0.00733933974517474,-0.00919822844896083,0.0028));
#5621=CARTESIAN_POINT('',(0.0162988877559015,-0.0128504203999878,0.0028));
#5622=CARTESIAN_POINT('',(0.0169837861702783,-0.0131121295501968,0.0028));
#5623=CARTESIAN_POINT('',(0.0169837861702783,-0.0131121295501968,0.0028));
#5624=CARTESIAN_POINT('',(0.0162988877559015,-0.0128504203999878,0.0028));
#5625=CARTESIAN_POINT('',(0.0174236802738211,-0.0110927000790804,0.0028));
#5626=CARTESIAN_POINT('',(0.0174236802738211,-0.0110927000790804,0.003));
#5627=CARTESIAN_POINT('',(0.0174236802738211,-0.0118425617576935,0.0028));
#5628=CARTESIAN_POINT('',(0.0174236802738211,-0.0118425617576935,0.003));
#5629=CARTESIAN_POINT('',(0.0172770489059735,-0.0125157049147323,0.0028));
#5630=CARTESIAN_POINT('',(0.0172770489059735,-0.0125157049147323,0.003));
#5631=CARTESIAN_POINT('',(0.0169837861702783,-0.0131121295501968,0.0028));
#5632=CARTESIAN_POINT('',(0.0169837861702783,-0.0131121295501968,0.003));
#5633=CARTESIAN_POINT('',(0.0174236802738211,-0.0110927000790804,0.0028));
#5634=CARTESIAN_POINT('',(0.0174236802738211,-0.0110927000790804,0.0028));
#5635=CARTESIAN_POINT('',(0.0174236802738211,-0.0110927000790804,0.0028));
#5636=CARTESIAN_POINT('',(0.0174236802738211,-0.012217492597,0.0028));
#5637=CARTESIAN_POINT('',(0.0169837861702783,-0.0131121295501968,0.0028));
#5638=CARTESIAN_POINT('',(0.016551316439791,-0.00873267749403946,0.0028));
#5639=CARTESIAN_POINT('',(0.016551316439791,-0.00873267749403946,0.003));
#5640=CARTESIAN_POINT('',(0.0171328923291444,-0.00928146240239738,0.0028));
#5641=CARTESIAN_POINT('',(0.0171328923291444,-0.00928146240239738,0.003));
#5642=CARTESIAN_POINT('',(0.0174236802738211,-0.010068136597411,0.0028));
#5643=CARTESIAN_POINT('',(0.0174236802738211,-0.010068136597411,0.003));
#5644=CARTESIAN_POINT('',(0.0174236802738211,-0.0110927000790804,0.0028));
#5645=CARTESIAN_POINT('',(0.0174236802738211,-0.0110927000790804,0.003));
#5646=CARTESIAN_POINT('',(0.016551316439791,-0.00873267749403946,0.0028));
#5647=CARTESIAN_POINT('',(0.016551316439791,-0.00873267749403946,0.0028));
#5648=CARTESIAN_POINT('',(0.016551316439791,-0.00873267749403946,0.0028));
#5649=CARTESIAN_POINT('',(0.0174236802738211,-0.00955585485657634,0.0028));
#5650=CARTESIAN_POINT('',(0.0174236802738211,-0.0110927000790804,0.0028));
#5651=CARTESIAN_POINT('',(0.0140251735076316,-0.00790950013150256,0.0028));
#5652=CARTESIAN_POINT('',(0.0140251735076316,-0.00790950013150256,0.003));
#5653=CARTESIAN_POINT('',(0.0151276929063845,-0.00790950013150256,0.0028));
#5654=CARTESIAN_POINT('',(0.0151276929063845,-0.00790950013150256,0.003));
#5655=CARTESIAN_POINT('',(0.0159697405504376,-0.00818389258568153,0.0028));
#5656=CARTESIAN_POINT('',(0.0159697405504376,-0.00818389258568153,0.003));
#5657=CARTESIAN_POINT('',(0.016551316439791,-0.00873267749403946,0.0028));
#5658=CARTESIAN_POINT('',(0.016551316439791,-0.00873267749403946,0.003));
#5659=CARTESIAN_POINT('',(0.0140251735076316,-0.00790950013150256,0.0028));
#5660=CARTESIAN_POINT('',(0.0156789526057609,-0.00790950013150256,0.0028));
#5661=CARTESIAN_POINT('',(0.016551316439791,-0.00873267749403946,0.0028));
#5662=CARTESIAN_POINT('',(0.0101306435965582,-0.0159545522928238,0.0028));
#5663=CARTESIAN_POINT('',(0.0107009104719978,-0.0385239024261665,0.0028));
#5664=CARTESIAN_POINT('',(0.0107009104719978,-0.0385239024261665,0.003));
#5665=CARTESIAN_POINT('',(0.0107009104719978,-0.0377629041879701,0.0028));
#5666=CARTESIAN_POINT('',(0.0107009104719978,-0.0377629041879701,0.003));
#5667=CARTESIAN_POINT('',(0.0109969573475889,-0.037164932808119,0.0028));
#5668=CARTESIAN_POINT('',(0.0109969573475889,-0.037164932808119,0.003));
#5669=CARTESIAN_POINT('',(0.011589051098771,-0.0367299882866131,0.0028));
#5670=CARTESIAN_POINT('',(0.011589051098771,-0.0367299882866131,0.003));
#5671=CARTESIAN_POINT('',(0.0107009104719978,-0.0385239024261665,0.0028));
#5672=CARTESIAN_POINT('',(0.0107009104719978,-0.0385239024261665,0.0028));
#5673=CARTESIAN_POINT('',(0.0107009104719978,-0.0385239024261665,0.0028));
#5674=CARTESIAN_POINT('',(0.0107009104719978,-0.0373824050688719,0.0028));
#5675=CARTESIAN_POINT('',(0.011589051098771,-0.0367299882866131,0.0028));
#5676=CARTESIAN_POINT('',(0.011589051098771,-0.0367299882866131,0.0028));
#5677=CARTESIAN_POINT('',(0.011589051098771,-0.0367299882866131,0.0028));
#5678=CARTESIAN_POINT('',(0.011658654596167,-0.0403632908506852,0.0028));
#5679=CARTESIAN_POINT('',(0.011658654596167,-0.0403632908506852,0.003));
#5680=CARTESIAN_POINT('',(0.0110201585133875,-0.0399611373101749,0.0028));
#5681=CARTESIAN_POINT('',(0.0110201585133875,-0.0399611373101749,0.003));
#5682=CARTESIAN_POINT('',(0.0107009104719978,-0.0393480078353353,0.0028));
#5683=CARTESIAN_POINT('',(0.0107009104719978,-0.0393480078353353,0.003));
#5684=CARTESIAN_POINT('',(0.0107009104719978,-0.0385239024261665,0.0028));
#5685=CARTESIAN_POINT('',(0.0107009104719978,-0.0385239024261665,0.003));
#5686=CARTESIAN_POINT('',(0.011658654596167,-0.0403632908506852,0.0028));
#5687=CARTESIAN_POINT('',(0.011658654596167,-0.0403632908506852,0.0028));
#5688=CARTESIAN_POINT('',(0.011658654596167,-0.0403632908506852,0.0028));
#5689=CARTESIAN_POINT('',(0.0107009104719978,-0.0397600605399197,0.0028));
#5690=CARTESIAN_POINT('',(0.0107009104719978,-0.0385239024261665,0.0028));
#5691=CARTESIAN_POINT('',(0.011658654596167,-0.0404013407625951,0.0028));
#5692=CARTESIAN_POINT('',(0.011658654596167,-0.0404393906745049,0.0028));
#5693=CARTESIAN_POINT('',(0.011658654596167,-0.0404393906745049,0.0028));
#5694=CARTESIAN_POINT('',(0.011658654596167,-0.0404013407625951,0.0028));
#5695=CARTESIAN_POINT('',(0.0112382494718951,-0.0406101512547831,0.0028));
#5696=CARTESIAN_POINT('',(0.0108178443476231,-0.0407809118350613,0.0028));
#5697=CARTESIAN_POINT('',(0.0108178443476231,-0.0407809118350613,0.0028));
#5698=CARTESIAN_POINT('',(0.0112382494718951,-0.0406101512547831,0.0028));
#5699=CARTESIAN_POINT('',(0.0108178443476231,-0.0414593139230145,0.0028));
#5700=CARTESIAN_POINT('',(0.0108178443476231,-0.0421377160109677,0.0028));
#5701=CARTESIAN_POINT('',(0.0108178443476231,-0.0421377160109677,0.0028));
#5702=CARTESIAN_POINT('',(0.0108178443476231,-0.0414593139230145,0.0028));
#5703=CARTESIAN_POINT('',(0.0153309351187809,-0.0421377160109677,0.0028));
#5704=CARTESIAN_POINT('',(0.0198440258899386,-0.0421377160109677,0.0028));
#5705=CARTESIAN_POINT('',(0.0198440258899386,-0.0421377160109677,0.0028));
#5706=CARTESIAN_POINT('',(0.0153309351187809,-0.0421377160109677,0.0028));
#5707=CARTESIAN_POINT('',(0.0198440258899386,-0.0412505034308265,0.0028));
#5708=CARTESIAN_POINT('',(0.0198440258899386,-0.0403632908506852,0.0028));
#5709=CARTESIAN_POINT('',(0.0198440258899386,-0.0403632908506852,0.0028));
#5710=CARTESIAN_POINT('',(0.0198440258899386,-0.0412505034308265,0.0028));
#5711=CARTESIAN_POINT('',(0.01880554170879,-0.0403632908506852,0.0028));
#5712=CARTESIAN_POINT('',(0.0177670575276414,-0.0403632908506852,0.0028));
#5713=CARTESIAN_POINT('',(0.0177670575276414,-0.0403632908506852,0.0028));
#5714=CARTESIAN_POINT('',(0.01880554170879,-0.0403632908506852,0.0028));
#5715=CARTESIAN_POINT('',(0.0164733605227074,-0.0404969295656856,0.0028));
#5716=CARTESIAN_POINT('',(0.0164733605227074,-0.0404969295656856,0.003));
#5717=CARTESIAN_POINT('',(0.0169571821668291,-0.0404078370890187,0.0028));
#5718=CARTESIAN_POINT('',(0.0169571821668291,-0.0404078370890187,0.003));
#5719=CARTESIAN_POINT('',(0.0173884145018071,-0.0403632908506852,0.0028));
#5720=CARTESIAN_POINT('',(0.0173884145018071,-0.0403632908506852,0.003));
#5721=CARTESIAN_POINT('',(0.0177670575276414,-0.0403632908506852,0.0028));
#5722=CARTESIAN_POINT('',(0.0177670575276414,-0.0403632908506852,0.003));
#5723=CARTESIAN_POINT('',(0.0164733605227074,-0.0404969295656856,0.0028));
#5724=CARTESIAN_POINT('',(0.0164733605227074,-0.0404969295656856,0.0028));
#5725=CARTESIAN_POINT('',(0.0164733605227074,-0.0404969295656856,0.0028));
#5726=CARTESIAN_POINT('',(0.01719909298889,-0.0403632908506852,0.0028));
#5727=CARTESIAN_POINT('',(0.0177670575276414,-0.0403632908506852,0.0028));
#5728=CARTESIAN_POINT('',(0.0164733605227074,-0.0404681601200952,0.0028));
#5729=CARTESIAN_POINT('',(0.0164733605227074,-0.0404393906745049,0.0028));
#5730=CARTESIAN_POINT('',(0.0164733605227074,-0.0404393906745049,0.0028));
#5731=CARTESIAN_POINT('',(0.0164733605227074,-0.0404681601200952,0.0028));
#5732=CARTESIAN_POINT('',(0.0174236802738211,-0.0385703047577639,0.0028));
#5733=CARTESIAN_POINT('',(0.0174236802738211,-0.0385703047577639,0.003));
#5734=CARTESIAN_POINT('',(0.0174236802738211,-0.0393869857938771,0.0028));
#5735=CARTESIAN_POINT('',(0.0174236802738211,-0.0393869857938771,0.003));
#5736=CARTESIAN_POINT('',(0.0171069070234499,-0.0400100144327908,0.0028));
#5737=CARTESIAN_POINT('',(0.0171069070234499,-0.0400100144327908,0.003));
#5738=CARTESIAN_POINT('',(0.0164733605227074,-0.0404393906745049,0.0028));
#5739=CARTESIAN_POINT('',(0.0164733605227074,-0.0404393906745049,0.003));
#5740=CARTESIAN_POINT('',(0.0174236802738211,-0.0385703047577639,0.0028));
#5741=CARTESIAN_POINT('',(0.0174236802738211,-0.0385703047577639,0.0028));
#5742=CARTESIAN_POINT('',(0.0174236802738211,-0.0385703047577639,0.0028));
#5743=CARTESIAN_POINT('',(0.0174236802738211,-0.0397953263119338,0.0028));
#5744=CARTESIAN_POINT('',(0.0164733605227074,-0.0404393906745049,0.0028));
#5745=CARTESIAN_POINT('',(0.016533683553784,-0.0367411248461965,0.0028));
#5746=CARTESIAN_POINT('',(0.016533683553784,-0.0367411248461965,0.003));
#5747=CARTESIAN_POINT('',(0.0171270147004754,-0.0371834937407579,0.0028));
#5748=CARTESIAN_POINT('',(0.0171270147004754,-0.0371834937407579,0.003));
#5749=CARTESIAN_POINT('',(0.0174236802738211,-0.037793220377947,0.0028));
#5750=CARTESIAN_POINT('',(0.0174236802738211,-0.037793220377947,0.003));
#5751=CARTESIAN_POINT('',(0.0174236802738211,-0.0385703047577639,0.0028));
#5752=CARTESIAN_POINT('',(0.0174236802738211,-0.0385703047577639,0.003));
#5753=CARTESIAN_POINT('',(0.016533683553784,-0.0367411248461965,0.0028));
#5754=CARTESIAN_POINT('',(0.016533683553784,-0.0367411248461965,0.0028));
#5755=CARTESIAN_POINT('',(0.016533683553784,-0.0367411248461965,0.0028));
#5756=CARTESIAN_POINT('',(0.0174236802738211,-0.0374046781880385,0.0028));
#5757=CARTESIAN_POINT('',(0.0174236802738211,-0.0385703047577639,0.0028));
#5758=CARTESIAN_POINT('',(0.0140493027200622,-0.0360775715043545,0.0028));
#5759=CARTESIAN_POINT('',(0.0140493027200622,-0.0360775715043545,0.003));
#5760=CARTESIAN_POINT('',(0.0151122254625187,-0.0360775715043545,0.0028));
#5761=CARTESIAN_POINT('',(0.0151122254625187,-0.0360775715043545,0.003));
#5762=CARTESIAN_POINT('',(0.0159403524070926,-0.0362987559516352,0.0028));
#5763=CARTESIAN_POINT('',(0.0159403524070926,-0.0362987559516352,0.003));
#5764=CARTESIAN_POINT('',(0.016533683553784,-0.0367411248461965,0.0028));
#5765=CARTESIAN_POINT('',(0.016533683553784,-0.0367411248461965,0.003));
#5766=CARTESIAN_POINT('',(0.0140493027200622,-0.0360775715043545,0.0028));
#5767=CARTESIAN_POINT('',(0.0140493027200622,-0.0360775715043545,0.0028));
#5768=CARTESIAN_POINT('',(0.0140493027200622,-0.0360775715043545,0.0028));
#5769=CARTESIAN_POINT('',(0.015643686833747,-0.0360775715043545,0.0028));
#5770=CARTESIAN_POINT('',(0.016533683553784,-0.0367411248461965,0.0028));
#5771=CARTESIAN_POINT('',(0.011589051098771,-0.0367299882866131,0.0028));
#5772=CARTESIAN_POINT('',(0.011589051098771,-0.0367299882866131,0.003));
#5773=CARTESIAN_POINT('',(0.0121811448499531,-0.0362950437651074,0.0028));
#5774=CARTESIAN_POINT('',(0.0121811448499531,-0.0362950437651074,0.003));
#5775=CARTESIAN_POINT('',(0.0130012287237168,-0.0360775715043545,0.0028));
#5776=CARTESIAN_POINT('',(0.0130012287237168,-0.0360775715043545,0.003));
#5777=CARTESIAN_POINT('',(0.0140493027200622,-0.0360775715043545,0.0028));
#5778=CARTESIAN_POINT('',(0.0140493027200622,-0.0360775715043545,0.003));
#5779=CARTESIAN_POINT('',(0.011589051098771,-0.0367299882866131,0.0028));
#5780=CARTESIAN_POINT('',(0.0124771917255442,-0.0360775715043545,0.0028));
#5781=CARTESIAN_POINT('',(0.0140493027200622,-0.0360775715043545,0.0028));
#5782=CARTESIAN_POINT('',(0.0101306435965582,-0.0159545522928238,0.0028));
#5783=CARTESIAN_POINT('',(0.0108178443476231,0.00177002623970348,0.0028));
#5784=CARTESIAN_POINT('',(0.0108178443476231,0.00087353319324278,0.0028));
#5785=CARTESIAN_POINT('',(0.0108178443476231,0.00087353319324278,0.0028));
#5786=CARTESIAN_POINT('',(0.0108178443476231,0.00177002623970348,0.0028));
#5787=CARTESIAN_POINT('',(0.0108178443476231,0.00266651928616417,0.0028));
#5788=CARTESIAN_POINT('',(0.0108178443476231,0.00266651928616417,0.0028));
#5789=CARTESIAN_POINT('',(0.0150580894089885,0.00087353319324278,0.0028));
#5790=CARTESIAN_POINT('',(0.0192983344703538,0.000873533193242781,0.0028));
#5791=CARTESIAN_POINT('',(0.0192983344703538,0.000873533193242781,0.0028));
#5792=CARTESIAN_POINT('',(0.0150580894089885,0.00087353319324278,0.0028));
#5793=CARTESIAN_POINT('',(0.0192983344703538,0.00177002623970348,0.0028));
#5794=CARTESIAN_POINT('',(0.0192983344703538,0.00266651928616417,0.0028));
#5795=CARTESIAN_POINT('',(0.0192983344703538,0.00266651928616417,0.0028));
#5796=CARTESIAN_POINT('',(0.0192983344703538,0.00177002623970348,0.0028));
#5797=CARTESIAN_POINT('',(0.0176362029525369,0.00266651928616417,0.0028));
#5798=CARTESIAN_POINT('',(0.0159740714347201,0.00266651928616417,0.0028));
#5799=CARTESIAN_POINT('',(0.0159740714347201,0.00266651928616417,0.0028));
#5800=CARTESIAN_POINT('',(0.0176362029525369,0.00266651928616417,0.0028));
#5801=CARTESIAN_POINT('',(0.0159740714347201,0.00434535564335609,0.0028));
#5802=CARTESIAN_POINT('',(0.0159740714347201,0.00602419200054801,0.0028));
#5803=CARTESIAN_POINT('',(0.0159740714347201,0.00602419200054801,0.0028));
#5804=CARTESIAN_POINT('',(0.0159740714347201,0.00434535564335609,0.0028));
#5805=CARTESIAN_POINT('',(0.0176362029525369,0.00602419200054801,0.0028));
#5806=CARTESIAN_POINT('',(0.0192983344703538,0.00602419200054801,0.0028));
#5807=CARTESIAN_POINT('',(0.0192983344703538,0.00602419200054801,0.0028));
#5808=CARTESIAN_POINT('',(0.0176362029525369,0.00602419200054801,0.0028));
#5809=CARTESIAN_POINT('',(0.0192983344703538,0.00692346918690454,0.0028));
#5810=CARTESIAN_POINT('',(0.0192983344703538,0.00782274637326108,0.0028));
#5811=CARTESIAN_POINT('',(0.0192983344703538,0.00782274637326108,0.0028));
#5812=CARTESIAN_POINT('',(0.0192983344703538,0.00692346918690454,0.0028));
#5813=CARTESIAN_POINT('',(0.0150580894089885,0.00782274637326108,0.0028));
#5814=CARTESIAN_POINT('',(0.0108178443476231,0.00782274637326108,0.0028));
#5815=CARTESIAN_POINT('',(0.0108178443476231,0.00782274637326108,0.0028));
#5816=CARTESIAN_POINT('',(0.0150580894089885,0.00782274637326108,0.0028));
#5817=CARTESIAN_POINT('',(0.0108178443476231,0.00692346918690454,0.0028));
#5818=CARTESIAN_POINT('',(0.0108178443476231,0.00602419200054801,0.0028));
#5819=CARTESIAN_POINT('',(0.0108178443476231,0.00602419200054801,0.0028));
#5820=CARTESIAN_POINT('',(0.0108178443476231,0.00692346918690454,0.0028));
#5821=CARTESIAN_POINT('',(0.0126479523058224,0.00602419200054801,0.0028));
#5822=CARTESIAN_POINT('',(0.0144780602640216,0.00602419200054801,0.0028));
#5823=CARTESIAN_POINT('',(0.0144780602640216,0.00602419200054801,0.0028));
#5824=CARTESIAN_POINT('',(0.0126479523058224,0.00602419200054801,0.0028));
#5825=CARTESIAN_POINT('',(0.0144780602640216,0.00434535564335609,0.0028));
#5826=CARTESIAN_POINT('',(0.0144780602640216,0.00266651928616417,0.0028));
#5827=CARTESIAN_POINT('',(0.0144780602640216,0.00266651928616417,0.0028));
#5828=CARTESIAN_POINT('',(0.0144780602640216,0.00434535564335609,0.0028));
#5829=CARTESIAN_POINT('',(0.0126479523058224,0.00266651928616417,0.0028));
#5830=CARTESIAN_POINT('',(0.0126479523058224,0.00266651928616417,0.0028));
#5831=CARTESIAN_POINT('',(0.0101306435965582,-0.0159545522928238,0.0028));
#5832=CARTESIAN_POINT('',(0.,0.,0.));
#5833=CARTESIAN_POINT('',(-0.0257293564034418,-0.0647045522928238,0.013));
#5834=CARTESIAN_POINT('',(-0.0257293564034418,-0.0647045522928238,0.013));
#5835=CARTESIAN_POINT('',(-0.0240293564034418,-0.0647045522928238,0.013));
#5836=CARTESIAN_POINT('',(-0.0257293564034418,-0.0647045522928238,0.0031));
#5837=CARTESIAN_POINT('',(-0.0240293564034418,-0.0647045522928238,0.0031));
#5838=CARTESIAN_POINT('',(-0.0257293564034418,-0.0647045522928238,0.013));
#5839=CARTESIAN_POINT('',(-0.0257293564034418,-0.0647045522928238,0.013));
#5840=CARTESIAN_POINT('',(-0.0227293564034418,-0.0647045522928238,0.013));
#5841=CARTESIAN_POINT('',(-0.0257293564034418,-0.0647045522928238,0.0031));
#5842=CARTESIAN_POINT('',(-0.0227293564034418,-0.0647045522928238,0.0031));
#5843=CARTESIAN_POINT('',(0.0101306435965582,-0.0159545522928238,0.013));
#5844=CARTESIAN_POINT('',(0.0101306435965582,-0.0159545522928238,0.0031));
#5845=CARTESIAN_POINT('',(0.,0.,0.));
#5846=CARTESIAN_POINT('',(0.0459906435965582,0.0327954477071763,0.013));
#5847=CARTESIAN_POINT('',(0.0459906435965582,0.0327954477071763,0.013));
#5848=CARTESIAN_POINT('',(0.0476906435965582,0.0327954477071763,0.013));
#5849=CARTESIAN_POINT('',(0.0459906435965582,0.0327954477071763,0.0031));
#5850=CARTESIAN_POINT('',(0.0476906435965582,0.0327954477071763,0.0031));
#5851=CARTESIAN_POINT('',(0.0459906435965582,0.0327954477071763,0.013));
#5852=CARTESIAN_POINT('',(0.0459906435965582,0.0327954477071763,0.013));
#5853=CARTESIAN_POINT('',(0.0489906435965582,0.0327954477071763,0.013));
#5854=CARTESIAN_POINT('',(0.0459906435965582,0.0327954477071763,0.0031));
#5855=CARTESIAN_POINT('',(0.0489906435965582,0.0327954477071763,0.0031));
#5856=CARTESIAN_POINT('',(0.0101306435965582,-0.0159545522928238,0.013));
#5857=CARTESIAN_POINT('',(0.0101306435965582,-0.0159545522928238,0.0031));
#5858=MECHANICAL_DESIGN_GEOMETRIC_PRESENTATION_REPRESENTATION('',(#3371),
#5863);
#5859=MECHANICAL_DESIGN_GEOMETRIC_PRESENTATION_REPRESENTATION('',(#3372),
#5864);
#5860=MECHANICAL_DESIGN_GEOMETRIC_PRESENTATION_REPRESENTATION('',(#3373),
#5865);
#5861=MECHANICAL_DESIGN_GEOMETRIC_PRESENTATION_REPRESENTATION('',(#3374),
#5866);
#5862=MECHANICAL_DESIGN_GEOMETRIC_PRESENTATION_REPRESENTATION('',(#3375),
#5867);
#5863=(
GEOMETRIC_REPRESENTATION_CONTEXT(3)
GLOBAL_UNCERTAINTY_ASSIGNED_CONTEXT((#5868))
GLOBAL_UNIT_ASSIGNED_CONTEXT((#5883,#5878,#5873))
REPRESENTATION_CONTEXT('Part 4','TOP_LEVEL_ASSEMBLY_PART')
);
#5864=(
GEOMETRIC_REPRESENTATION_CONTEXT(3)
GLOBAL_UNCERTAINTY_ASSIGNED_CONTEXT((#5869))
GLOBAL_UNIT_ASSIGNED_CONTEXT((#5884,#5879,#5874))
REPRESENTATION_CONTEXT('Part 2','TOP_LEVEL_ASSEMBLY_PART')
);
#5865=(
GEOMETRIC_REPRESENTATION_CONTEXT(3)
GLOBAL_UNCERTAINTY_ASSIGNED_CONTEXT((#5870))
GLOBAL_UNIT_ASSIGNED_CONTEXT((#5885,#5880,#5875))
REPRESENTATION_CONTEXT('Part 5','TOP_LEVEL_ASSEMBLY_PART')
);
#5866=(
GEOMETRIC_REPRESENTATION_CONTEXT(3)
GLOBAL_UNCERTAINTY_ASSIGNED_CONTEXT((#5871))
GLOBAL_UNIT_ASSIGNED_CONTEXT((#5886,#5881,#5876))
REPRESENTATION_CONTEXT('Part 1','TOP_LEVEL_ASSEMBLY_PART')
);
#5867=(
GEOMETRIC_REPRESENTATION_CONTEXT(3)
GLOBAL_UNCERTAINTY_ASSIGNED_CONTEXT((#5872))
GLOBAL_UNIT_ASSIGNED_CONTEXT((#5887,#5882,#5877))
REPRESENTATION_CONTEXT('Part 3','TOP_LEVEL_ASSEMBLY_PART')
);
#5868=UNCERTAINTY_MEASURE_WITH_UNIT(LENGTH_MEASURE(1.E-8),#5883,
'DISTANCE_ACCURACY_VALUE','Maximum Tolerance applied to model');
#5869=UNCERTAINTY_MEASURE_WITH_UNIT(LENGTH_MEASURE(1.E-8),#5884,
'DISTANCE_ACCURACY_VALUE','Maximum Tolerance applied to model');
#5870=UNCERTAINTY_MEASURE_WITH_UNIT(LENGTH_MEASURE(2.E-5),#5885,
'DISTANCE_ACCURACY_VALUE','Maximum Tolerance applied to model');
#5871=UNCERTAINTY_MEASURE_WITH_UNIT(LENGTH_MEASURE(1.E-8),#5886,
'DISTANCE_ACCURACY_VALUE','Maximum Tolerance applied to model');
#5872=UNCERTAINTY_MEASURE_WITH_UNIT(LENGTH_MEASURE(1.E-8),#5887,
'DISTANCE_ACCURACY_VALUE','Maximum Tolerance applied to model');
#5873=(
NAMED_UNIT(*)
SI_UNIT($,.STERADIAN.)
SOLID_ANGLE_UNIT()
);
#5874=(
NAMED_UNIT(*)
SI_UNIT($,.STERADIAN.)
SOLID_ANGLE_UNIT()
);
#5875=(
NAMED_UNIT(*)
SI_UNIT($,.STERADIAN.)
SOLID_ANGLE_UNIT()
);
#5876=(
NAMED_UNIT(*)
SI_UNIT($,.STERADIAN.)
SOLID_ANGLE_UNIT()
);
#5877=(
NAMED_UNIT(*)
SI_UNIT($,.STERADIAN.)
SOLID_ANGLE_UNIT()
);
#5878=(
NAMED_UNIT(*)
PLANE_ANGLE_UNIT()
SI_UNIT($,.RADIAN.)
);
#5879=(
NAMED_UNIT(*)
PLANE_ANGLE_UNIT()
SI_UNIT($,.RADIAN.)
);
#5880=(
NAMED_UNIT(*)
PLANE_ANGLE_UNIT()
SI_UNIT($,.RADIAN.)
);
#5881=(
NAMED_UNIT(*)
PLANE_ANGLE_UNIT()
SI_UNIT($,.RADIAN.)
);
#5882=(
NAMED_UNIT(*)
PLANE_ANGLE_UNIT()
SI_UNIT($,.RADIAN.)
);
#5883=(
LENGTH_UNIT()
NAMED_UNIT(*)
SI_UNIT($,.METRE.)
);
#5884=(
LENGTH_UNIT()
NAMED_UNIT(*)
SI_UNIT($,.METRE.)
);
#5885=(
LENGTH_UNIT()
NAMED_UNIT(*)
SI_UNIT($,.METRE.)
);
#5886=(
LENGTH_UNIT()
NAMED_UNIT(*)
SI_UNIT($,.METRE.)
);
#5887=(
LENGTH_UNIT()
NAMED_UNIT(*)
SI_UNIT($,.METRE.)
);
#5888=PRODUCT_DEFINITION_SHAPE('','',#5893);
#5889=PRODUCT_DEFINITION_SHAPE('','',#5894);
#5890=PRODUCT_DEFINITION_SHAPE('','',#5895);
#5891=PRODUCT_DEFINITION_SHAPE('','',#5896);
#5892=PRODUCT_DEFINITION_SHAPE('','',#5897);
#5893=PRODUCT_DEFINITION('','',#5903,#5898);
#5894=PRODUCT_DEFINITION('','',#5904,#5899);
#5895=PRODUCT_DEFINITION('','',#5905,#5900);
#5896=PRODUCT_DEFINITION('','',#5906,#5901);
#5897=PRODUCT_DEFINITION('','',#5907,#5902);
#5898=PRODUCT_DEFINITION_CONTEXT('',#5933,'design');
#5899=PRODUCT_DEFINITION_CONTEXT('',#5934,'design');
#5900=PRODUCT_DEFINITION_CONTEXT('',#5935,'design');
#5901=PRODUCT_DEFINITION_CONTEXT('',#5936,'design');
#5902=PRODUCT_DEFINITION_CONTEXT('',#5937,'design');
#5903=PRODUCT_DEFINITION_FORMATION_WITH_SPECIFIED_SOURCE('','',#5913,
 .NOT_KNOWN.);
#5904=PRODUCT_DEFINITION_FORMATION_WITH_SPECIFIED_SOURCE('','',#5914,
 .NOT_KNOWN.);
#5905=PRODUCT_DEFINITION_FORMATION_WITH_SPECIFIED_SOURCE('','',#5915,
 .NOT_KNOWN.);
#5906=PRODUCT_DEFINITION_FORMATION_WITH_SPECIFIED_SOURCE('','',#5916,
 .NOT_KNOWN.);
#5907=PRODUCT_DEFINITION_FORMATION_WITH_SPECIFIED_SOURCE('','',#5917,
 .NOT_KNOWN.);
#5908=PRODUCT_RELATED_PRODUCT_CATEGORY('','',(#5913));
#5909=PRODUCT_RELATED_PRODUCT_CATEGORY('','',(#5914));
#5910=PRODUCT_RELATED_PRODUCT_CATEGORY('','',(#5915));
#5911=PRODUCT_RELATED_PRODUCT_CATEGORY('','',(#5916));
#5912=PRODUCT_RELATED_PRODUCT_CATEGORY('','',(#5917));
#5913=PRODUCT('Part 4','Part 4','Part 4',(#5923));
#5914=PRODUCT('Part 2','Part 2','Part 2',(#5924));
#5915=PRODUCT('Part 5','Part 5','Part 5',(#5925));
#5916=PRODUCT('Part 1','Part 1','Part 1',(#5926));
#5917=PRODUCT('Part 3','Part 3','Part 3',(#5927));
#5918=PRODUCT_CATEGORY('','');
#5919=PRODUCT_CATEGORY('','');
#5920=PRODUCT_CATEGORY('','');
#5921=PRODUCT_CATEGORY('','');
#5922=PRODUCT_CATEGORY('','');
#5923=PRODUCT_CONTEXT('',#5933,'mechanical');
#5924=PRODUCT_CONTEXT('',#5934,'mechanical');
#5925=PRODUCT_CONTEXT('',#5935,'mechanical');
#5926=PRODUCT_CONTEXT('',#5936,'mechanical');
#5927=PRODUCT_CONTEXT('',#5937,'mechanical');
#5928=APPLICATION_PROTOCOL_DEFINITION('international standard',
'ap242_managed_model_based_3d_engineering',2020,#5933);
#5929=APPLICATION_PROTOCOL_DEFINITION('international standard',
'ap242_managed_model_based_3d_engineering',2020,#5934);
#5930=APPLICATION_PROTOCOL_DEFINITION('international standard',
'ap242_managed_model_based_3d_engineering',2020,#5935);
#5931=APPLICATION_PROTOCOL_DEFINITION('international standard',
'ap242_managed_model_based_3d_engineering',2020,#5936);
#5932=APPLICATION_PROTOCOL_DEFINITION('international standard',
'ap242_managed_model_based_3d_engineering',2020,#5937);
#5933=APPLICATION_CONTEXT('managed model based 3d engineering');
#5934=APPLICATION_CONTEXT('managed model based 3d engineering');
#5935=APPLICATION_CONTEXT('managed model based 3d engineering');
#5936=APPLICATION_CONTEXT('managed model based 3d engineering');
#5937=APPLICATION_CONTEXT('managed model based 3d engineering');
ENDSEC;
END-ISO-10303-21;
