ISO-10303-21;
HEADER;
/* Generated by software containing ST-Developer
 * from STEP Tools, Inc. (www.steptools.com) 
 */
/* OPTION: using custom renumber hook */

FILE_DESCRIPTION(
/* description */ ('STEP AP242 Edition 2',
'CAx-IF Rec.Pracs.---Representation and Presentation of Product Manufa
cturing Information (PMI)---4.0---2014-10-13',
'CAx-IF Rec.Pracs.---3D Tessellated Geometry---0.4---2014-09-14','2;1',
'CAx-IF Rec.Pracs.---User Defined Attributes---1.5---2016-08-15'),
/* implementation_level */ '2;1');

FILE_NAME(
/* name */ 'Part Studio 1',
/* time_stamp */ '2026-08-28T05:24:01Z',
/* author */ (''),
/* organization */ (''),
/* preprocessor_version */ 'ST-DEVELOPER v20',
/* originating_system */ 'ONSHAPE BY PTC INC, 1.219',
/* authorisation */ '  ');

FILE_SCHEMA (('AP242_MANAGED_MODEL_BASED_3D_ENGINEERING_MIM_LF { 1 0 10303 442 3 1 4 }'));
ENDSEC;

DATA;
#10=SHAPE_REPRESENTATION_RELATIONSHIP('','',#1831,#11);
#11=ADVANCED_BREP_SHAPE_REPRESENTATION('',(#1829),#3069);
#12=CIRCLE('',#1841,0.0005);
#13=CIRCLE('',#1842,0.0005);
#14=CIRCLE('',#1845,0.0005);
#15=CIRCLE('',#1846,0.0005);
#16=CIRCLE('',#1849,0.0005);
#17=CIRCLE('',#1850,0.0005);
#18=CIRCLE('',#1853,0.0005);
#19=CIRCLE('',#1854,0.0005);
#20=CIRCLE('',#1856,0.0005);
#21=CIRCLE('',#1857,0.0005);
#22=CIRCLE('',#1860,0.0005);
#23=CIRCLE('',#1861,0.0005);
#24=CIRCLE('',#1864,0.0005);
#25=CIRCLE('',#1865,0.0005);
#26=CIRCLE('',#1868,0.0005);
#27=CIRCLE('',#1869,0.0005);
#28=CIRCLE('',#1871,0.0005);
#29=CIRCLE('',#1872,0.0005);
#30=CIRCLE('',#1875,0.0005);
#31=CIRCLE('',#1876,0.0005);
#32=CIRCLE('',#1879,0.0005);
#33=CIRCLE('',#1880,0.0005);
#34=CIRCLE('',#1883,0.0005);
#35=CIRCLE('',#1884,0.0005);
#36=CIRCLE('',#1886,0.0005);
#37=CIRCLE('',#1887,0.0005);
#38=CIRCLE('',#1890,0.0005);
#39=CIRCLE('',#1891,0.0005);
#40=CIRCLE('',#1894,0.0005);
#41=CIRCLE('',#1895,0.0005);
#42=CIRCLE('',#1898,0.0005);
#43=CIRCLE('',#1899,0.0005);
#44=CIRCLE('',#1901,0.0005);
#45=CIRCLE('',#1902,0.0005);
#46=CIRCLE('',#1905,0.0005);
#47=CIRCLE('',#1906,0.0005);
#48=CIRCLE('',#1909,0.0005);
#49=CIRCLE('',#1910,0.0005);
#50=CIRCLE('',#1913,0.0005);
#51=CIRCLE('',#1914,0.0005);
#52=CIRCLE('',#1916,0.0005);
#53=CIRCLE('',#1917,0.0005);
#54=CIRCLE('',#1920,0.0005);
#55=CIRCLE('',#1921,0.0005);
#56=CIRCLE('',#1924,0.0005);
#57=CIRCLE('',#1925,0.0005);
#58=CIRCLE('',#1928,0.0005);
#59=CIRCLE('',#1929,0.0005);
#60=CIRCLE('',#1931,0.0005);
#61=CIRCLE('',#1932,0.0005);
#62=CIRCLE('',#1935,0.0005);
#63=CIRCLE('',#1936,0.0005);
#64=CIRCLE('',#1939,0.0005);
#65=CIRCLE('',#1940,0.0005);
#66=CIRCLE('',#1943,0.0005);
#67=CIRCLE('',#1944,0.0005);
#68=CIRCLE('',#1946,0.0005);
#69=CIRCLE('',#1947,0.0005);
#70=CIRCLE('',#1950,0.0005);
#71=CIRCLE('',#1951,0.0005);
#72=CIRCLE('',#1954,0.0005);
#73=CIRCLE('',#1955,0.0005);
#74=CIRCLE('',#1958,0.0005);
#75=CIRCLE('',#1959,0.0005);
#76=CIRCLE('',#1961,0.0005);
#77=CIRCLE('',#1962,0.0005);
#78=CIRCLE('',#1965,0.0005);
#79=CIRCLE('',#1966,0.0005);
#80=CIRCLE('',#1969,0.0005);
#81=CIRCLE('',#1970,0.0005);
#82=CIRCLE('',#1973,0.0005);
#83=CIRCLE('',#1974,0.0005);
#84=CIRCLE('',#1976,0.0017);
#85=CIRCLE('',#1977,0.0017);
#86=CIRCLE('',#1979,0.0017);
#87=CIRCLE('',#1980,0.0017);
#88=CIRCLE('',#1982,0.0017);
#89=CIRCLE('',#1983,0.0017);
#90=CIRCLE('',#1995,0.0017);
#91=CIRCLE('',#1996,0.0017);
#92=CIRCLE('',#1998,0.002);
#93=CIRCLE('',#1999,0.002);
#94=CIRCLE('',#2000,0.002);
#95=CIRCLE('',#2001,0.002);
#96=CIRCLE('',#2003,0.002);
#97=CIRCLE('',#2004,0.002);
#98=CIRCLE('',#2005,0.002);
#99=CIRCLE('',#2006,0.002);
#100=CYLINDRICAL_SURFACE('',#1840,0.0005);
#101=CYLINDRICAL_SURFACE('',#1844,0.0005);
#102=CYLINDRICAL_SURFACE('',#1848,0.0005);
#103=CYLINDRICAL_SURFACE('',#1852,0.0005);
#104=CYLINDRICAL_SURFACE('',#1855,0.0005);
#105=CYLINDRICAL_SURFACE('',#1859,0.0005);
#106=CYLINDRICAL_SURFACE('',#1863,0.0005);
#107=CYLINDRICAL_SURFACE('',#1867,0.0005);
#108=CYLINDRICAL_SURFACE('',#1870,0.0005);
#109=CYLINDRICAL_SURFACE('',#1874,0.0005);
#110=CYLINDRICAL_SURFACE('',#1878,0.0005);
#111=CYLINDRICAL_SURFACE('',#1882,0.0005);
#112=CYLINDRICAL_SURFACE('',#1885,0.0005);
#113=CYLINDRICAL_SURFACE('',#1889,0.0005);
#114=CYLINDRICAL_SURFACE('',#1893,0.0005);
#115=CYLINDRICAL_SURFACE('',#1897,0.0005);
#116=CYLINDRICAL_SURFACE('',#1900,0.0005);
#117=CYLINDRICAL_SURFACE('',#1904,0.0005);
#118=CYLINDRICAL_SURFACE('',#1908,0.0005);
#119=CYLINDRICAL_SURFACE('',#1912,0.0005);
#120=CYLINDRICAL_SURFACE('',#1915,0.0005);
#121=CYLINDRICAL_SURFACE('',#1919,0.0005);
#122=CYLINDRICAL_SURFACE('',#1923,0.0005);
#123=CYLINDRICAL_SURFACE('',#1927,0.0005);
#124=CYLINDRICAL_SURFACE('',#1930,0.0005);
#125=CYLINDRICAL_SURFACE('',#1934,0.0005);
#126=CYLINDRICAL_SURFACE('',#1938,0.0005);
#127=CYLINDRICAL_SURFACE('',#1942,0.0005);
#128=CYLINDRICAL_SURFACE('',#1945,0.0005);
#129=CYLINDRICAL_SURFACE('',#1949,0.0005);
#130=CYLINDRICAL_SURFACE('',#1953,0.0005);
#131=CYLINDRICAL_SURFACE('',#1957,0.0005);
#132=CYLINDRICAL_SURFACE('',#1960,0.0005);
#133=CYLINDRICAL_SURFACE('',#1964,0.0005);
#134=CYLINDRICAL_SURFACE('',#1968,0.0005);
#135=CYLINDRICAL_SURFACE('',#1972,0.0005);
#136=CYLINDRICAL_SURFACE('',#1975,0.0017);
#137=CYLINDRICAL_SURFACE('',#1978,0.0017);
#138=CYLINDRICAL_SURFACE('',#1981,0.0017);
#139=CYLINDRICAL_SURFACE('',#1994,0.0017);
#140=CYLINDRICAL_SURFACE('',#2007,0.002);
#141=CYLINDRICAL_SURFACE('',#2008,0.002);
#142=CYLINDRICAL_SURFACE('',#2009,0.002);
#143=CYLINDRICAL_SURFACE('',#2010,0.002);
#144=ORIENTED_EDGE('',*,*,#664,.T.);
#145=ORIENTED_EDGE('',*,*,#665,.T.);
#146=ORIENTED_EDGE('',*,*,#666,.F.);
#147=ORIENTED_EDGE('',*,*,#667,.F.);
#148=ORIENTED_EDGE('',*,*,#668,.T.);
#149=ORIENTED_EDGE('',*,*,#669,.F.);
#150=ORIENTED_EDGE('',*,*,#670,.F.);
#151=ORIENTED_EDGE('',*,*,#667,.T.);
#152=ORIENTED_EDGE('',*,*,#671,.F.);
#153=ORIENTED_EDGE('',*,*,#672,.F.);
#154=ORIENTED_EDGE('',*,*,#673,.T.);
#155=ORIENTED_EDGE('',*,*,#669,.T.);
#156=ORIENTED_EDGE('',*,*,#674,.F.);
#157=ORIENTED_EDGE('',*,*,#675,.F.);
#158=ORIENTED_EDGE('',*,*,#676,.T.);
#159=ORIENTED_EDGE('',*,*,#672,.T.);
#160=ORIENTED_EDGE('',*,*,#677,.F.);
#161=ORIENTED_EDGE('',*,*,#678,.T.);
#162=ORIENTED_EDGE('',*,*,#679,.T.);
#163=ORIENTED_EDGE('',*,*,#675,.T.);
#164=ORIENTED_EDGE('',*,*,#680,.F.);
#165=ORIENTED_EDGE('',*,*,#681,.T.);
#166=ORIENTED_EDGE('',*,*,#682,.T.);
#167=ORIENTED_EDGE('',*,*,#683,.T.);
#168=ORIENTED_EDGE('',*,*,#684,.F.);
#169=ORIENTED_EDGE('',*,*,#685,.T.);
#170=ORIENTED_EDGE('',*,*,#686,.T.);
#171=ORIENTED_EDGE('',*,*,#687,.T.);
#172=ORIENTED_EDGE('',*,*,#688,.F.);
#173=ORIENTED_EDGE('',*,*,#689,.F.);
#174=ORIENTED_EDGE('',*,*,#690,.T.);
#175=ORIENTED_EDGE('',*,*,#691,.T.);
#176=ORIENTED_EDGE('',*,*,#692,.T.);
#177=ORIENTED_EDGE('',*,*,#693,.F.);
#178=ORIENTED_EDGE('',*,*,#694,.F.);
#179=ORIENTED_EDGE('',*,*,#689,.T.);
#180=ORIENTED_EDGE('',*,*,#695,.F.);
#181=ORIENTED_EDGE('',*,*,#696,.F.);
#182=ORIENTED_EDGE('',*,*,#697,.T.);
#183=ORIENTED_EDGE('',*,*,#693,.T.);
#184=ORIENTED_EDGE('',*,*,#698,.T.);
#185=ORIENTED_EDGE('',*,*,#699,.F.);
#186=ORIENTED_EDGE('',*,*,#700,.F.);
#187=ORIENTED_EDGE('',*,*,#696,.T.);
#188=ORIENTED_EDGE('',*,*,#701,.F.);
#189=ORIENTED_EDGE('',*,*,#702,.F.);
#190=ORIENTED_EDGE('',*,*,#703,.T.);
#191=ORIENTED_EDGE('',*,*,#699,.T.);
#192=ORIENTED_EDGE('',*,*,#704,.F.);
#193=ORIENTED_EDGE('',*,*,#705,.F.);
#194=ORIENTED_EDGE('',*,*,#706,.T.);
#195=ORIENTED_EDGE('',*,*,#702,.T.);
#196=ORIENTED_EDGE('',*,*,#707,.F.);
#197=ORIENTED_EDGE('',*,*,#708,.F.);
#198=ORIENTED_EDGE('',*,*,#709,.T.);
#199=ORIENTED_EDGE('',*,*,#705,.T.);
#200=ORIENTED_EDGE('',*,*,#710,.F.);
#201=ORIENTED_EDGE('',*,*,#711,.F.);
#202=ORIENTED_EDGE('',*,*,#712,.T.);
#203=ORIENTED_EDGE('',*,*,#713,.T.);
#204=ORIENTED_EDGE('',*,*,#714,.T.);
#205=ORIENTED_EDGE('',*,*,#715,.F.);
#206=ORIENTED_EDGE('',*,*,#716,.F.);
#207=ORIENTED_EDGE('',*,*,#711,.T.);
#208=ORIENTED_EDGE('',*,*,#717,.F.);
#209=ORIENTED_EDGE('',*,*,#718,.F.);
#210=ORIENTED_EDGE('',*,*,#719,.T.);
#211=ORIENTED_EDGE('',*,*,#715,.T.);
#212=ORIENTED_EDGE('',*,*,#720,.T.);
#213=ORIENTED_EDGE('',*,*,#721,.F.);
#214=ORIENTED_EDGE('',*,*,#722,.F.);
#215=ORIENTED_EDGE('',*,*,#718,.T.);
#216=ORIENTED_EDGE('',*,*,#723,.F.);
#217=ORIENTED_EDGE('',*,*,#724,.F.);
#218=ORIENTED_EDGE('',*,*,#725,.T.);
#219=ORIENTED_EDGE('',*,*,#721,.T.);
#220=ORIENTED_EDGE('',*,*,#726,.F.);
#221=ORIENTED_EDGE('',*,*,#727,.F.);
#222=ORIENTED_EDGE('',*,*,#728,.T.);
#223=ORIENTED_EDGE('',*,*,#724,.T.);
#224=ORIENTED_EDGE('',*,*,#729,.F.);
#225=ORIENTED_EDGE('',*,*,#730,.F.);
#226=ORIENTED_EDGE('',*,*,#731,.T.);
#227=ORIENTED_EDGE('',*,*,#727,.T.);
#228=ORIENTED_EDGE('',*,*,#732,.F.);
#229=ORIENTED_EDGE('',*,*,#733,.F.);
#230=ORIENTED_EDGE('',*,*,#734,.T.);
#231=ORIENTED_EDGE('',*,*,#735,.T.);
#232=ORIENTED_EDGE('',*,*,#736,.T.);
#233=ORIENTED_EDGE('',*,*,#737,.F.);
#234=ORIENTED_EDGE('',*,*,#738,.F.);
#235=ORIENTED_EDGE('',*,*,#733,.T.);
#236=ORIENTED_EDGE('',*,*,#739,.F.);
#237=ORIENTED_EDGE('',*,*,#740,.F.);
#238=ORIENTED_EDGE('',*,*,#741,.T.);
#239=ORIENTED_EDGE('',*,*,#737,.T.);
#240=ORIENTED_EDGE('',*,*,#742,.T.);
#241=ORIENTED_EDGE('',*,*,#743,.F.);
#242=ORIENTED_EDGE('',*,*,#744,.F.);
#243=ORIENTED_EDGE('',*,*,#740,.T.);
#244=ORIENTED_EDGE('',*,*,#745,.F.);
#245=ORIENTED_EDGE('',*,*,#746,.F.);
#246=ORIENTED_EDGE('',*,*,#747,.T.);
#247=ORIENTED_EDGE('',*,*,#743,.T.);
#248=ORIENTED_EDGE('',*,*,#748,.F.);
#249=ORIENTED_EDGE('',*,*,#749,.F.);
#250=ORIENTED_EDGE('',*,*,#750,.T.);
#251=ORIENTED_EDGE('',*,*,#746,.T.);
#252=ORIENTED_EDGE('',*,*,#751,.F.);
#253=ORIENTED_EDGE('',*,*,#752,.F.);
#254=ORIENTED_EDGE('',*,*,#753,.T.);
#255=ORIENTED_EDGE('',*,*,#749,.T.);
#256=ORIENTED_EDGE('',*,*,#754,.F.);
#257=ORIENTED_EDGE('',*,*,#755,.F.);
#258=ORIENTED_EDGE('',*,*,#756,.T.);
#259=ORIENTED_EDGE('',*,*,#757,.T.);
#260=ORIENTED_EDGE('',*,*,#758,.T.);
#261=ORIENTED_EDGE('',*,*,#759,.F.);
#262=ORIENTED_EDGE('',*,*,#760,.F.);
#263=ORIENTED_EDGE('',*,*,#755,.T.);
#264=ORIENTED_EDGE('',*,*,#761,.F.);
#265=ORIENTED_EDGE('',*,*,#762,.F.);
#266=ORIENTED_EDGE('',*,*,#763,.T.);
#267=ORIENTED_EDGE('',*,*,#759,.T.);
#268=ORIENTED_EDGE('',*,*,#764,.T.);
#269=ORIENTED_EDGE('',*,*,#765,.F.);
#270=ORIENTED_EDGE('',*,*,#766,.F.);
#271=ORIENTED_EDGE('',*,*,#762,.T.);
#272=ORIENTED_EDGE('',*,*,#767,.F.);
#273=ORIENTED_EDGE('',*,*,#768,.F.);
#274=ORIENTED_EDGE('',*,*,#769,.T.);
#275=ORIENTED_EDGE('',*,*,#765,.T.);
#276=ORIENTED_EDGE('',*,*,#770,.F.);
#277=ORIENTED_EDGE('',*,*,#771,.F.);
#278=ORIENTED_EDGE('',*,*,#772,.T.);
#279=ORIENTED_EDGE('',*,*,#768,.T.);
#280=ORIENTED_EDGE('',*,*,#773,.F.);
#281=ORIENTED_EDGE('',*,*,#774,.F.);
#282=ORIENTED_EDGE('',*,*,#775,.T.);
#283=ORIENTED_EDGE('',*,*,#771,.T.);
#284=ORIENTED_EDGE('',*,*,#776,.F.);
#285=ORIENTED_EDGE('',*,*,#777,.F.);
#286=ORIENTED_EDGE('',*,*,#778,.T.);
#287=ORIENTED_EDGE('',*,*,#779,.T.);
#288=ORIENTED_EDGE('',*,*,#780,.T.);
#289=ORIENTED_EDGE('',*,*,#781,.F.);
#290=ORIENTED_EDGE('',*,*,#782,.F.);
#291=ORIENTED_EDGE('',*,*,#777,.T.);
#292=ORIENTED_EDGE('',*,*,#783,.F.);
#293=ORIENTED_EDGE('',*,*,#784,.F.);
#294=ORIENTED_EDGE('',*,*,#785,.T.);
#295=ORIENTED_EDGE('',*,*,#781,.T.);
#296=ORIENTED_EDGE('',*,*,#786,.T.);
#297=ORIENTED_EDGE('',*,*,#787,.F.);
#298=ORIENTED_EDGE('',*,*,#788,.F.);
#299=ORIENTED_EDGE('',*,*,#784,.T.);
#300=ORIENTED_EDGE('',*,*,#789,.F.);
#301=ORIENTED_EDGE('',*,*,#790,.F.);
#302=ORIENTED_EDGE('',*,*,#791,.T.);
#303=ORIENTED_EDGE('',*,*,#787,.T.);
#304=ORIENTED_EDGE('',*,*,#792,.F.);
#305=ORIENTED_EDGE('',*,*,#793,.F.);
#306=ORIENTED_EDGE('',*,*,#794,.T.);
#307=ORIENTED_EDGE('',*,*,#790,.T.);
#308=ORIENTED_EDGE('',*,*,#795,.F.);
#309=ORIENTED_EDGE('',*,*,#796,.F.);
#310=ORIENTED_EDGE('',*,*,#797,.T.);
#311=ORIENTED_EDGE('',*,*,#793,.T.);
#312=ORIENTED_EDGE('',*,*,#798,.F.);
#313=ORIENTED_EDGE('',*,*,#799,.F.);
#314=ORIENTED_EDGE('',*,*,#800,.T.);
#315=ORIENTED_EDGE('',*,*,#801,.T.);
#316=ORIENTED_EDGE('',*,*,#802,.T.);
#317=ORIENTED_EDGE('',*,*,#803,.F.);
#318=ORIENTED_EDGE('',*,*,#804,.F.);
#319=ORIENTED_EDGE('',*,*,#799,.T.);
#320=ORIENTED_EDGE('',*,*,#805,.F.);
#321=ORIENTED_EDGE('',*,*,#806,.F.);
#322=ORIENTED_EDGE('',*,*,#807,.T.);
#323=ORIENTED_EDGE('',*,*,#803,.T.);
#324=ORIENTED_EDGE('',*,*,#808,.T.);
#325=ORIENTED_EDGE('',*,*,#809,.F.);
#326=ORIENTED_EDGE('',*,*,#810,.F.);
#327=ORIENTED_EDGE('',*,*,#806,.T.);
#328=ORIENTED_EDGE('',*,*,#811,.F.);
#329=ORIENTED_EDGE('',*,*,#812,.F.);
#330=ORIENTED_EDGE('',*,*,#813,.T.);
#331=ORIENTED_EDGE('',*,*,#809,.T.);
#332=ORIENTED_EDGE('',*,*,#814,.F.);
#333=ORIENTED_EDGE('',*,*,#815,.F.);
#334=ORIENTED_EDGE('',*,*,#816,.T.);
#335=ORIENTED_EDGE('',*,*,#812,.T.);
#336=ORIENTED_EDGE('',*,*,#817,.F.);
#337=ORIENTED_EDGE('',*,*,#818,.F.);
#338=ORIENTED_EDGE('',*,*,#819,.T.);
#339=ORIENTED_EDGE('',*,*,#815,.T.);
#340=ORIENTED_EDGE('',*,*,#820,.F.);
#341=ORIENTED_EDGE('',*,*,#821,.F.);
#342=ORIENTED_EDGE('',*,*,#822,.T.);
#343=ORIENTED_EDGE('',*,*,#823,.T.);
#344=ORIENTED_EDGE('',*,*,#824,.T.);
#345=ORIENTED_EDGE('',*,*,#825,.F.);
#346=ORIENTED_EDGE('',*,*,#826,.F.);
#347=ORIENTED_EDGE('',*,*,#821,.T.);
#348=ORIENTED_EDGE('',*,*,#827,.F.);
#349=ORIENTED_EDGE('',*,*,#828,.F.);
#350=ORIENTED_EDGE('',*,*,#829,.T.);
#351=ORIENTED_EDGE('',*,*,#825,.T.);
#352=ORIENTED_EDGE('',*,*,#830,.T.);
#353=ORIENTED_EDGE('',*,*,#831,.F.);
#354=ORIENTED_EDGE('',*,*,#832,.F.);
#355=ORIENTED_EDGE('',*,*,#828,.T.);
#356=ORIENTED_EDGE('',*,*,#833,.F.);
#357=ORIENTED_EDGE('',*,*,#834,.F.);
#358=ORIENTED_EDGE('',*,*,#835,.T.);
#359=ORIENTED_EDGE('',*,*,#831,.T.);
#360=ORIENTED_EDGE('',*,*,#836,.F.);
#361=ORIENTED_EDGE('',*,*,#837,.F.);
#362=ORIENTED_EDGE('',*,*,#838,.T.);
#363=ORIENTED_EDGE('',*,*,#834,.T.);
#364=ORIENTED_EDGE('',*,*,#839,.F.);
#365=ORIENTED_EDGE('',*,*,#840,.F.);
#366=ORIENTED_EDGE('',*,*,#841,.T.);
#367=ORIENTED_EDGE('',*,*,#837,.T.);
#368=ORIENTED_EDGE('',*,*,#842,.F.);
#369=ORIENTED_EDGE('',*,*,#843,.F.);
#370=ORIENTED_EDGE('',*,*,#844,.T.);
#371=ORIENTED_EDGE('',*,*,#845,.T.);
#372=ORIENTED_EDGE('',*,*,#846,.T.);
#373=ORIENTED_EDGE('',*,*,#847,.F.);
#374=ORIENTED_EDGE('',*,*,#848,.F.);
#375=ORIENTED_EDGE('',*,*,#843,.T.);
#376=ORIENTED_EDGE('',*,*,#849,.F.);
#377=ORIENTED_EDGE('',*,*,#850,.F.);
#378=ORIENTED_EDGE('',*,*,#851,.T.);
#379=ORIENTED_EDGE('',*,*,#847,.T.);
#380=ORIENTED_EDGE('',*,*,#852,.T.);
#381=ORIENTED_EDGE('',*,*,#853,.F.);
#382=ORIENTED_EDGE('',*,*,#854,.F.);
#383=ORIENTED_EDGE('',*,*,#850,.T.);
#384=ORIENTED_EDGE('',*,*,#855,.F.);
#385=ORIENTED_EDGE('',*,*,#856,.F.);
#386=ORIENTED_EDGE('',*,*,#857,.T.);
#387=ORIENTED_EDGE('',*,*,#853,.T.);
#388=ORIENTED_EDGE('',*,*,#858,.F.);
#389=ORIENTED_EDGE('',*,*,#859,.F.);
#390=ORIENTED_EDGE('',*,*,#860,.T.);
#391=ORIENTED_EDGE('',*,*,#856,.T.);
#392=ORIENTED_EDGE('',*,*,#861,.F.);
#393=ORIENTED_EDGE('',*,*,#862,.F.);
#394=ORIENTED_EDGE('',*,*,#863,.T.);
#395=ORIENTED_EDGE('',*,*,#859,.T.);
#396=ORIENTED_EDGE('',*,*,#864,.F.);
#397=ORIENTED_EDGE('',*,*,#865,.F.);
#398=ORIENTED_EDGE('',*,*,#866,.T.);
#399=ORIENTED_EDGE('',*,*,#867,.T.);
#400=ORIENTED_EDGE('',*,*,#868,.T.);
#401=ORIENTED_EDGE('',*,*,#869,.F.);
#402=ORIENTED_EDGE('',*,*,#870,.F.);
#403=ORIENTED_EDGE('',*,*,#865,.T.);
#404=ORIENTED_EDGE('',*,*,#871,.F.);
#405=ORIENTED_EDGE('',*,*,#872,.F.);
#406=ORIENTED_EDGE('',*,*,#873,.T.);
#407=ORIENTED_EDGE('',*,*,#869,.T.);
#408=ORIENTED_EDGE('',*,*,#874,.T.);
#409=ORIENTED_EDGE('',*,*,#875,.F.);
#410=ORIENTED_EDGE('',*,*,#876,.F.);
#411=ORIENTED_EDGE('',*,*,#872,.T.);
#412=ORIENTED_EDGE('',*,*,#877,.F.);
#413=ORIENTED_EDGE('',*,*,#878,.F.);
#414=ORIENTED_EDGE('',*,*,#879,.T.);
#415=ORIENTED_EDGE('',*,*,#875,.T.);
#416=ORIENTED_EDGE('',*,*,#880,.F.);
#417=ORIENTED_EDGE('',*,*,#881,.F.);
#418=ORIENTED_EDGE('',*,*,#882,.T.);
#419=ORIENTED_EDGE('',*,*,#878,.T.);
#420=ORIENTED_EDGE('',*,*,#883,.F.);
#421=ORIENTED_EDGE('',*,*,#884,.F.);
#422=ORIENTED_EDGE('',*,*,#885,.T.);
#423=ORIENTED_EDGE('',*,*,#881,.T.);
#424=ORIENTED_EDGE('',*,*,#886,.T.);
#425=ORIENTED_EDGE('',*,*,#887,.F.);
#426=ORIENTED_EDGE('',*,*,#888,.T.);
#427=ORIENTED_EDGE('',*,*,#889,.F.);
#428=ORIENTED_EDGE('',*,*,#890,.T.);
#429=ORIENTED_EDGE('',*,*,#891,.F.);
#430=ORIENTED_EDGE('',*,*,#892,.F.);
#431=ORIENTED_EDGE('',*,*,#893,.T.);
#432=ORIENTED_EDGE('',*,*,#894,.T.);
#433=ORIENTED_EDGE('',*,*,#895,.T.);
#434=ORIENTED_EDGE('',*,*,#896,.F.);
#435=ORIENTED_EDGE('',*,*,#691,.F.);
#436=ORIENTED_EDGE('',*,*,#897,.T.);
#437=ORIENTED_EDGE('',*,*,#708,.T.);
#438=ORIENTED_EDGE('',*,*,#898,.F.);
#439=ORIENTED_EDGE('',*,*,#713,.F.);
#440=ORIENTED_EDGE('',*,*,#899,.T.);
#441=ORIENTED_EDGE('',*,*,#730,.T.);
#442=ORIENTED_EDGE('',*,*,#900,.F.);
#443=ORIENTED_EDGE('',*,*,#735,.F.);
#444=ORIENTED_EDGE('',*,*,#901,.T.);
#445=ORIENTED_EDGE('',*,*,#752,.T.);
#446=ORIENTED_EDGE('',*,*,#902,.F.);
#447=ORIENTED_EDGE('',*,*,#757,.F.);
#448=ORIENTED_EDGE('',*,*,#903,.T.);
#449=ORIENTED_EDGE('',*,*,#774,.T.);
#450=ORIENTED_EDGE('',*,*,#904,.F.);
#451=ORIENTED_EDGE('',*,*,#779,.F.);
#452=ORIENTED_EDGE('',*,*,#905,.T.);
#453=ORIENTED_EDGE('',*,*,#796,.T.);
#454=ORIENTED_EDGE('',*,*,#906,.F.);
#455=ORIENTED_EDGE('',*,*,#801,.F.);
#456=ORIENTED_EDGE('',*,*,#907,.T.);
#457=ORIENTED_EDGE('',*,*,#818,.T.);
#458=ORIENTED_EDGE('',*,*,#908,.F.);
#459=ORIENTED_EDGE('',*,*,#823,.F.);
#460=ORIENTED_EDGE('',*,*,#909,.T.);
#461=ORIENTED_EDGE('',*,*,#840,.T.);
#462=ORIENTED_EDGE('',*,*,#910,.F.);
#463=ORIENTED_EDGE('',*,*,#845,.F.);
#464=ORIENTED_EDGE('',*,*,#911,.T.);
#465=ORIENTED_EDGE('',*,*,#862,.T.);
#466=ORIENTED_EDGE('',*,*,#912,.F.);
#467=ORIENTED_EDGE('',*,*,#867,.F.);
#468=ORIENTED_EDGE('',*,*,#913,.T.);
#469=ORIENTED_EDGE('',*,*,#884,.T.);
#470=ORIENTED_EDGE('',*,*,#914,.T.);
#471=ORIENTED_EDGE('',*,*,#915,.F.);
#472=ORIENTED_EDGE('',*,*,#866,.F.);
#473=ORIENTED_EDGE('',*,*,#870,.T.);
#474=ORIENTED_EDGE('',*,*,#873,.F.);
#475=ORIENTED_EDGE('',*,*,#876,.T.);
#476=ORIENTED_EDGE('',*,*,#879,.F.);
#477=ORIENTED_EDGE('',*,*,#882,.F.);
#478=ORIENTED_EDGE('',*,*,#885,.F.);
#479=ORIENTED_EDGE('',*,*,#913,.F.);
#480=ORIENTED_EDGE('',*,*,#844,.F.);
#481=ORIENTED_EDGE('',*,*,#848,.T.);
#482=ORIENTED_EDGE('',*,*,#851,.F.);
#483=ORIENTED_EDGE('',*,*,#854,.T.);
#484=ORIENTED_EDGE('',*,*,#857,.F.);
#485=ORIENTED_EDGE('',*,*,#860,.F.);
#486=ORIENTED_EDGE('',*,*,#863,.F.);
#487=ORIENTED_EDGE('',*,*,#911,.F.);
#488=ORIENTED_EDGE('',*,*,#822,.F.);
#489=ORIENTED_EDGE('',*,*,#826,.T.);
#490=ORIENTED_EDGE('',*,*,#829,.F.);
#491=ORIENTED_EDGE('',*,*,#832,.T.);
#492=ORIENTED_EDGE('',*,*,#835,.F.);
#493=ORIENTED_EDGE('',*,*,#838,.F.);
#494=ORIENTED_EDGE('',*,*,#841,.F.);
#495=ORIENTED_EDGE('',*,*,#909,.F.);
#496=ORIENTED_EDGE('',*,*,#800,.F.);
#497=ORIENTED_EDGE('',*,*,#804,.T.);
#498=ORIENTED_EDGE('',*,*,#807,.F.);
#499=ORIENTED_EDGE('',*,*,#810,.T.);
#500=ORIENTED_EDGE('',*,*,#813,.F.);
#501=ORIENTED_EDGE('',*,*,#816,.F.);
#502=ORIENTED_EDGE('',*,*,#819,.F.);
#503=ORIENTED_EDGE('',*,*,#907,.F.);
#504=ORIENTED_EDGE('',*,*,#778,.F.);
#505=ORIENTED_EDGE('',*,*,#782,.T.);
#506=ORIENTED_EDGE('',*,*,#785,.F.);
#507=ORIENTED_EDGE('',*,*,#788,.T.);
#508=ORIENTED_EDGE('',*,*,#791,.F.);
#509=ORIENTED_EDGE('',*,*,#794,.F.);
#510=ORIENTED_EDGE('',*,*,#797,.F.);
#511=ORIENTED_EDGE('',*,*,#905,.F.);
#512=ORIENTED_EDGE('',*,*,#756,.F.);
#513=ORIENTED_EDGE('',*,*,#760,.T.);
#514=ORIENTED_EDGE('',*,*,#763,.F.);
#515=ORIENTED_EDGE('',*,*,#766,.T.);
#516=ORIENTED_EDGE('',*,*,#769,.F.);
#517=ORIENTED_EDGE('',*,*,#772,.F.);
#518=ORIENTED_EDGE('',*,*,#775,.F.);
#519=ORIENTED_EDGE('',*,*,#903,.F.);
#520=ORIENTED_EDGE('',*,*,#734,.F.);
#521=ORIENTED_EDGE('',*,*,#738,.T.);
#522=ORIENTED_EDGE('',*,*,#741,.F.);
#523=ORIENTED_EDGE('',*,*,#744,.T.);
#524=ORIENTED_EDGE('',*,*,#747,.F.);
#525=ORIENTED_EDGE('',*,*,#750,.F.);
#526=ORIENTED_EDGE('',*,*,#753,.F.);
#527=ORIENTED_EDGE('',*,*,#901,.F.);
#528=ORIENTED_EDGE('',*,*,#712,.F.);
#529=ORIENTED_EDGE('',*,*,#716,.T.);
#530=ORIENTED_EDGE('',*,*,#719,.F.);
#531=ORIENTED_EDGE('',*,*,#722,.T.);
#532=ORIENTED_EDGE('',*,*,#725,.F.);
#533=ORIENTED_EDGE('',*,*,#728,.F.);
#534=ORIENTED_EDGE('',*,*,#731,.F.);
#535=ORIENTED_EDGE('',*,*,#899,.F.);
#536=ORIENTED_EDGE('',*,*,#690,.F.);
#537=ORIENTED_EDGE('',*,*,#694,.T.);
#538=ORIENTED_EDGE('',*,*,#697,.F.);
#539=ORIENTED_EDGE('',*,*,#700,.T.);
#540=ORIENTED_EDGE('',*,*,#703,.F.);
#541=ORIENTED_EDGE('',*,*,#706,.F.);
#542=ORIENTED_EDGE('',*,*,#709,.F.);
#543=ORIENTED_EDGE('',*,*,#897,.F.);
#544=ORIENTED_EDGE('',*,*,#894,.F.);
#545=ORIENTED_EDGE('',*,*,#916,.T.);
#546=ORIENTED_EDGE('',*,*,#664,.F.);
#547=ORIENTED_EDGE('',*,*,#670,.T.);
#548=ORIENTED_EDGE('',*,*,#673,.F.);
#549=ORIENTED_EDGE('',*,*,#676,.F.);
#550=ORIENTED_EDGE('',*,*,#679,.F.);
#551=ORIENTED_EDGE('',*,*,#917,.T.);
#552=ORIENTED_EDGE('',*,*,#680,.T.);
#553=ORIENTED_EDGE('',*,*,#918,.T.);
#554=ORIENTED_EDGE('',*,*,#684,.T.);
#555=ORIENTED_EDGE('',*,*,#919,.T.);
#556=ORIENTED_EDGE('',*,*,#890,.F.);
#557=ORIENTED_EDGE('',*,*,#888,.F.);
#558=ORIENTED_EDGE('',*,*,#886,.F.);
#559=ORIENTED_EDGE('',*,*,#914,.F.);
#560=ORIENTED_EDGE('',*,*,#864,.T.);
#561=ORIENTED_EDGE('',*,*,#912,.T.);
#562=ORIENTED_EDGE('',*,*,#883,.T.);
#563=ORIENTED_EDGE('',*,*,#880,.T.);
#564=ORIENTED_EDGE('',*,*,#877,.T.);
#565=ORIENTED_EDGE('',*,*,#874,.F.);
#566=ORIENTED_EDGE('',*,*,#871,.T.);
#567=ORIENTED_EDGE('',*,*,#868,.F.);
#568=ORIENTED_EDGE('',*,*,#842,.T.);
#569=ORIENTED_EDGE('',*,*,#910,.T.);
#570=ORIENTED_EDGE('',*,*,#861,.T.);
#571=ORIENTED_EDGE('',*,*,#858,.T.);
#572=ORIENTED_EDGE('',*,*,#855,.T.);
#573=ORIENTED_EDGE('',*,*,#852,.F.);
#574=ORIENTED_EDGE('',*,*,#849,.T.);
#575=ORIENTED_EDGE('',*,*,#846,.F.);
#576=ORIENTED_EDGE('',*,*,#820,.T.);
#577=ORIENTED_EDGE('',*,*,#908,.T.);
#578=ORIENTED_EDGE('',*,*,#839,.T.);
#579=ORIENTED_EDGE('',*,*,#836,.T.);
#580=ORIENTED_EDGE('',*,*,#833,.T.);
#581=ORIENTED_EDGE('',*,*,#830,.F.);
#582=ORIENTED_EDGE('',*,*,#827,.T.);
#583=ORIENTED_EDGE('',*,*,#824,.F.);
#584=ORIENTED_EDGE('',*,*,#798,.T.);
#585=ORIENTED_EDGE('',*,*,#906,.T.);
#586=ORIENTED_EDGE('',*,*,#817,.T.);
#587=ORIENTED_EDGE('',*,*,#814,.T.);
#588=ORIENTED_EDGE('',*,*,#811,.T.);
#589=ORIENTED_EDGE('',*,*,#808,.F.);
#590=ORIENTED_EDGE('',*,*,#805,.T.);
#591=ORIENTED_EDGE('',*,*,#802,.F.);
#592=ORIENTED_EDGE('',*,*,#776,.T.);
#593=ORIENTED_EDGE('',*,*,#904,.T.);
#594=ORIENTED_EDGE('',*,*,#795,.T.);
#595=ORIENTED_EDGE('',*,*,#792,.T.);
#596=ORIENTED_EDGE('',*,*,#789,.T.);
#597=ORIENTED_EDGE('',*,*,#786,.F.);
#598=ORIENTED_EDGE('',*,*,#783,.T.);
#599=ORIENTED_EDGE('',*,*,#780,.F.);
#600=ORIENTED_EDGE('',*,*,#754,.T.);
#601=ORIENTED_EDGE('',*,*,#902,.T.);
#602=ORIENTED_EDGE('',*,*,#773,.T.);
#603=ORIENTED_EDGE('',*,*,#770,.T.);
#604=ORIENTED_EDGE('',*,*,#767,.T.);
#605=ORIENTED_EDGE('',*,*,#764,.F.);
#606=ORIENTED_EDGE('',*,*,#761,.T.);
#607=ORIENTED_EDGE('',*,*,#758,.F.);
#608=ORIENTED_EDGE('',*,*,#732,.T.);
#609=ORIENTED_EDGE('',*,*,#900,.T.);
#610=ORIENTED_EDGE('',*,*,#751,.T.);
#611=ORIENTED_EDGE('',*,*,#748,.T.);
#612=ORIENTED_EDGE('',*,*,#745,.T.);
#613=ORIENTED_EDGE('',*,*,#742,.F.);
#614=ORIENTED_EDGE('',*,*,#739,.T.);
#615=ORIENTED_EDGE('',*,*,#736,.F.);
#616=ORIENTED_EDGE('',*,*,#710,.T.);
#617=ORIENTED_EDGE('',*,*,#898,.T.);
#618=ORIENTED_EDGE('',*,*,#729,.T.);
#619=ORIENTED_EDGE('',*,*,#726,.T.);
#620=ORIENTED_EDGE('',*,*,#723,.T.);
#621=ORIENTED_EDGE('',*,*,#720,.F.);
#622=ORIENTED_EDGE('',*,*,#717,.T.);
#623=ORIENTED_EDGE('',*,*,#714,.F.);
#624=ORIENTED_EDGE('',*,*,#688,.T.);
#625=ORIENTED_EDGE('',*,*,#896,.T.);
#626=ORIENTED_EDGE('',*,*,#707,.T.);
#627=ORIENTED_EDGE('',*,*,#704,.T.);
#628=ORIENTED_EDGE('',*,*,#701,.T.);
#629=ORIENTED_EDGE('',*,*,#698,.F.);
#630=ORIENTED_EDGE('',*,*,#695,.T.);
#631=ORIENTED_EDGE('',*,*,#692,.F.);
#632=ORIENTED_EDGE('',*,*,#666,.T.);
#633=ORIENTED_EDGE('',*,*,#920,.T.);
#634=ORIENTED_EDGE('',*,*,#892,.T.);
#635=ORIENTED_EDGE('',*,*,#921,.T.);
#636=ORIENTED_EDGE('',*,*,#686,.F.);
#637=ORIENTED_EDGE('',*,*,#922,.T.);
#638=ORIENTED_EDGE('',*,*,#682,.F.);
#639=ORIENTED_EDGE('',*,*,#923,.T.);
#640=ORIENTED_EDGE('',*,*,#677,.T.);
#641=ORIENTED_EDGE('',*,*,#674,.T.);
#642=ORIENTED_EDGE('',*,*,#671,.T.);
#643=ORIENTED_EDGE('',*,*,#668,.F.);
#644=ORIENTED_EDGE('',*,*,#891,.T.);
#645=ORIENTED_EDGE('',*,*,#889,.T.);
#646=ORIENTED_EDGE('',*,*,#887,.T.);
#647=ORIENTED_EDGE('',*,*,#915,.T.);
#648=ORIENTED_EDGE('',*,*,#916,.F.);
#649=ORIENTED_EDGE('',*,*,#893,.F.);
#650=ORIENTED_EDGE('',*,*,#920,.F.);
#651=ORIENTED_EDGE('',*,*,#665,.F.);
#652=ORIENTED_EDGE('',*,*,#917,.F.);
#653=ORIENTED_EDGE('',*,*,#678,.F.);
#654=ORIENTED_EDGE('',*,*,#923,.F.);
#655=ORIENTED_EDGE('',*,*,#681,.F.);
#656=ORIENTED_EDGE('',*,*,#918,.F.);
#657=ORIENTED_EDGE('',*,*,#683,.F.);
#658=ORIENTED_EDGE('',*,*,#922,.F.);
#659=ORIENTED_EDGE('',*,*,#685,.F.);
#660=ORIENTED_EDGE('',*,*,#919,.F.);
#661=ORIENTED_EDGE('',*,*,#687,.F.);
#662=ORIENTED_EDGE('',*,*,#921,.F.);
#663=ORIENTED_EDGE('',*,*,#895,.F.);
#664=EDGE_CURVE('',#924,#925,#1100,.T.);
#665=EDGE_CURVE('',#925,#926,#1101,.T.);
#666=EDGE_CURVE('',#927,#926,#1102,.T.);
#667=EDGE_CURVE('',#924,#927,#1103,.T.);
#668=EDGE_CURVE('',#927,#928,#1104,.T.);
#669=EDGE_CURVE('',#929,#928,#1105,.T.);
#670=EDGE_CURVE('',#924,#929,#1106,.T.);
#671=EDGE_CURVE('',#930,#928,#1107,.T.);
#672=EDGE_CURVE('',#931,#930,#1108,.T.);
#673=EDGE_CURVE('',#931,#929,#1109,.T.);
#674=EDGE_CURVE('',#932,#930,#1110,.T.);
#675=EDGE_CURVE('',#933,#932,#1111,.T.);
#676=EDGE_CURVE('',#933,#931,#1112,.T.);
#677=EDGE_CURVE('',#934,#932,#1113,.T.);
#678=EDGE_CURVE('',#934,#935,#1114,.F.);
#679=EDGE_CURVE('',#935,#933,#1115,.T.);
#680=EDGE_CURVE('',#936,#937,#1116,.T.);
#681=EDGE_CURVE('',#936,#938,#1117,.T.);
#682=EDGE_CURVE('',#938,#939,#1118,.T.);
#683=EDGE_CURVE('',#939,#937,#1119,.F.);
#684=EDGE_CURVE('',#940,#941,#1120,.T.);
#685=EDGE_CURVE('',#940,#942,#1121,.T.);
#686=EDGE_CURVE('',#942,#943,#1122,.T.);
#687=EDGE_CURVE('',#943,#941,#1123,.F.);
#688=EDGE_CURVE('',#944,#945,#12,.T.);
#689=EDGE_CURVE('',#946,#944,#1124,.T.);
#690=EDGE_CURVE('',#946,#947,#13,.T.);
#691=EDGE_CURVE('',#947,#945,#1125,.T.);
#692=EDGE_CURVE('',#944,#948,#1126,.T.);
#693=EDGE_CURVE('',#949,#948,#1127,.T.);
#694=EDGE_CURVE('',#946,#949,#1128,.T.);
#695=EDGE_CURVE('',#950,#948,#14,.T.);
#696=EDGE_CURVE('',#951,#950,#1129,.T.);
#697=EDGE_CURVE('',#951,#949,#15,.T.);
#698=EDGE_CURVE('',#950,#952,#1130,.T.);
#699=EDGE_CURVE('',#953,#952,#1131,.T.);
#700=EDGE_CURVE('',#951,#953,#1132,.T.);
#701=EDGE_CURVE('',#954,#952,#16,.T.);
#702=EDGE_CURVE('',#955,#954,#1133,.T.);
#703=EDGE_CURVE('',#955,#953,#17,.T.);
#704=EDGE_CURVE('',#956,#954,#1134,.T.);
#705=EDGE_CURVE('',#957,#956,#1135,.T.);
#706=EDGE_CURVE('',#957,#955,#1136,.T.);
#707=EDGE_CURVE('',#958,#956,#18,.T.);
#708=EDGE_CURVE('',#959,#958,#1137,.T.);
#709=EDGE_CURVE('',#959,#957,#19,.T.);
#710=EDGE_CURVE('',#960,#961,#20,.T.);
#711=EDGE_CURVE('',#962,#960,#1138,.T.);
#712=EDGE_CURVE('',#962,#963,#21,.T.);
#713=EDGE_CURVE('',#963,#961,#1139,.T.);
#714=EDGE_CURVE('',#960,#964,#1140,.T.);
#715=EDGE_CURVE('',#965,#964,#1141,.T.);
#716=EDGE_CURVE('',#962,#965,#1142,.T.);
#717=EDGE_CURVE('',#966,#964,#22,.T.);
#718=EDGE_CURVE('',#967,#966,#1143,.T.);
#719=EDGE_CURVE('',#967,#965,#23,.T.);
#720=EDGE_CURVE('',#966,#968,#1144,.T.);
#721=EDGE_CURVE('',#969,#968,#1145,.T.);
#722=EDGE_CURVE('',#967,#969,#1146,.T.);
#723=EDGE_CURVE('',#970,#968,#24,.T.);
#724=EDGE_CURVE('',#971,#970,#1147,.T.);
#725=EDGE_CURVE('',#971,#969,#25,.T.);
#726=EDGE_CURVE('',#972,#970,#1148,.T.);
#727=EDGE_CURVE('',#973,#972,#1149,.T.);
#728=EDGE_CURVE('',#973,#971,#1150,.T.);
#729=EDGE_CURVE('',#974,#972,#26,.T.);
#730=EDGE_CURVE('',#975,#974,#1151,.T.);
#731=EDGE_CURVE('',#975,#973,#27,.T.);
#732=EDGE_CURVE('',#976,#977,#28,.T.);
#733=EDGE_CURVE('',#978,#976,#1152,.T.);
#734=EDGE_CURVE('',#978,#979,#29,.T.);
#735=EDGE_CURVE('',#979,#977,#1153,.T.);
#736=EDGE_CURVE('',#976,#980,#1154,.T.);
#737=EDGE_CURVE('',#981,#980,#1155,.T.);
#738=EDGE_CURVE('',#978,#981,#1156,.T.);
#739=EDGE_CURVE('',#982,#980,#30,.T.);
#740=EDGE_CURVE('',#983,#982,#1157,.T.);
#741=EDGE_CURVE('',#983,#981,#31,.T.);
#742=EDGE_CURVE('',#982,#984,#1158,.T.);
#743=EDGE_CURVE('',#985,#984,#1159,.T.);
#744=EDGE_CURVE('',#983,#985,#1160,.T.);
#745=EDGE_CURVE('',#986,#984,#32,.T.);
#746=EDGE_CURVE('',#987,#986,#1161,.T.);
#747=EDGE_CURVE('',#987,#985,#33,.T.);
#748=EDGE_CURVE('',#988,#986,#1162,.T.);
#749=EDGE_CURVE('',#989,#988,#1163,.T.);
#750=EDGE_CURVE('',#989,#987,#1164,.T.);
#751=EDGE_CURVE('',#990,#988,#34,.T.);
#752=EDGE_CURVE('',#991,#990,#1165,.T.);
#753=EDGE_CURVE('',#991,#989,#35,.T.);
#754=EDGE_CURVE('',#992,#993,#36,.T.);
#755=EDGE_CURVE('',#994,#992,#1166,.T.);
#756=EDGE_CURVE('',#994,#995,#37,.T.);
#757=EDGE_CURVE('',#995,#993,#1167,.T.);
#758=EDGE_CURVE('',#992,#996,#1168,.T.);
#759=EDGE_CURVE('',#997,#996,#1169,.T.);
#760=EDGE_CURVE('',#994,#997,#1170,.T.);
#761=EDGE_CURVE('',#998,#996,#38,.T.);
#762=EDGE_CURVE('',#999,#998,#1171,.T.);
#763=EDGE_CURVE('',#999,#997,#39,.T.);
#764=EDGE_CURVE('',#998,#1000,#1172,.T.);
#765=EDGE_CURVE('',#1001,#1000,#1173,.T.);
#766=EDGE_CURVE('',#999,#1001,#1174,.T.);
#767=EDGE_CURVE('',#1002,#1000,#40,.T.);
#768=EDGE_CURVE('',#1003,#1002,#1175,.T.);
#769=EDGE_CURVE('',#1003,#1001,#41,.T.);
#770=EDGE_CURVE('',#1004,#1002,#1176,.T.);
#771=EDGE_CURVE('',#1005,#1004,#1177,.T.);
#772=EDGE_CURVE('',#1005,#1003,#1178,.T.);
#773=EDGE_CURVE('',#1006,#1004,#42,.T.);
#774=EDGE_CURVE('',#1007,#1006,#1179,.T.);
#775=EDGE_CURVE('',#1007,#1005,#43,.T.);
#776=EDGE_CURVE('',#1008,#1009,#44,.T.);
#777=EDGE_CURVE('',#1010,#1008,#1180,.T.);
#778=EDGE_CURVE('',#1010,#1011,#45,.T.);
#779=EDGE_CURVE('',#1011,#1009,#1181,.T.);
#780=EDGE_CURVE('',#1008,#1012,#1182,.T.);
#781=EDGE_CURVE('',#1013,#1012,#1183,.T.);
#782=EDGE_CURVE('',#1010,#1013,#1184,.T.);
#783=EDGE_CURVE('',#1014,#1012,#46,.T.);
#784=EDGE_CURVE('',#1015,#1014,#1185,.T.);
#785=EDGE_CURVE('',#1015,#1013,#47,.T.);
#786=EDGE_CURVE('',#1014,#1016,#1186,.T.);
#787=EDGE_CURVE('',#1017,#1016,#1187,.T.);
#788=EDGE_CURVE('',#1015,#1017,#1188,.T.);
#789=EDGE_CURVE('',#1018,#1016,#48,.T.);
#790=EDGE_CURVE('',#1019,#1018,#1189,.T.);
#791=EDGE_CURVE('',#1019,#1017,#49,.T.);
#792=EDGE_CURVE('',#1020,#1018,#1190,.T.);
#793=EDGE_CURVE('',#1021,#1020,#1191,.T.);
#794=EDGE_CURVE('',#1021,#1019,#1192,.T.);
#795=EDGE_CURVE('',#1022,#1020,#50,.T.);
#796=EDGE_CURVE('',#1023,#1022,#1193,.T.);
#797=EDGE_CURVE('',#1023,#1021,#51,.T.);
#798=EDGE_CURVE('',#1024,#1025,#52,.T.);
#799=EDGE_CURVE('',#1026,#1024,#1194,.T.);
#800=EDGE_CURVE('',#1026,#1027,#53,.T.);
#801=EDGE_CURVE('',#1027,#1025,#1195,.T.);
#802=EDGE_CURVE('',#1024,#1028,#1196,.T.);
#803=EDGE_CURVE('',#1029,#1028,#1197,.T.);
#804=EDGE_CURVE('',#1026,#1029,#1198,.T.);
#805=EDGE_CURVE('',#1030,#1028,#54,.T.);
#806=EDGE_CURVE('',#1031,#1030,#1199,.T.);
#807=EDGE_CURVE('',#1031,#1029,#55,.T.);
#808=EDGE_CURVE('',#1030,#1032,#1200,.T.);
#809=EDGE_CURVE('',#1033,#1032,#1201,.T.);
#810=EDGE_CURVE('',#1031,#1033,#1202,.T.);
#811=EDGE_CURVE('',#1034,#1032,#56,.T.);
#812=EDGE_CURVE('',#1035,#1034,#1203,.T.);
#813=EDGE_CURVE('',#1035,#1033,#57,.T.);
#814=EDGE_CURVE('',#1036,#1034,#1204,.T.);
#815=EDGE_CURVE('',#1037,#1036,#1205,.T.);
#816=EDGE_CURVE('',#1037,#1035,#1206,.T.);
#817=EDGE_CURVE('',#1038,#1036,#58,.T.);
#818=EDGE_CURVE('',#1039,#1038,#1207,.T.);
#819=EDGE_CURVE('',#1039,#1037,#59,.T.);
#820=EDGE_CURVE('',#1040,#1041,#60,.T.);
#821=EDGE_CURVE('',#1042,#1040,#1208,.T.);
#822=EDGE_CURVE('',#1042,#1043,#61,.T.);
#823=EDGE_CURVE('',#1043,#1041,#1209,.T.);
#824=EDGE_CURVE('',#1040,#1044,#1210,.T.);
#825=EDGE_CURVE('',#1045,#1044,#1211,.T.);
#826=EDGE_CURVE('',#1042,#1045,#1212,.T.);
#827=EDGE_CURVE('',#1046,#1044,#62,.T.);
#828=EDGE_CURVE('',#1047,#1046,#1213,.T.);
#829=EDGE_CURVE('',#1047,#1045,#63,.T.);
#830=EDGE_CURVE('',#1046,#1048,#1214,.T.);
#831=EDGE_CURVE('',#1049,#1048,#1215,.T.);
#832=EDGE_CURVE('',#1047,#1049,#1216,.T.);
#833=EDGE_CURVE('',#1050,#1048,#64,.T.);
#834=EDGE_CURVE('',#1051,#1050,#1217,.T.);
#835=EDGE_CURVE('',#1051,#1049,#65,.T.);
#836=EDGE_CURVE('',#1052,#1050,#1218,.T.);
#837=EDGE_CURVE('',#1053,#1052,#1219,.T.);
#838=EDGE_CURVE('',#1053,#1051,#1220,.T.);
#839=EDGE_CURVE('',#1054,#1052,#66,.T.);
#840=EDGE_CURVE('',#1055,#1054,#1221,.T.);
#841=EDGE_CURVE('',#1055,#1053,#67,.T.);
#842=EDGE_CURVE('',#1056,#1057,#68,.T.);
#843=EDGE_CURVE('',#1058,#1056,#1222,.T.);
#844=EDGE_CURVE('',#1058,#1059,#69,.T.);
#845=EDGE_CURVE('',#1059,#1057,#1223,.T.);
#846=EDGE_CURVE('',#1056,#1060,#1224,.T.);
#847=EDGE_CURVE('',#1061,#1060,#1225,.T.);
#848=EDGE_CURVE('',#1058,#1061,#1226,.T.);
#849=EDGE_CURVE('',#1062,#1060,#70,.T.);
#850=EDGE_CURVE('',#1063,#1062,#1227,.T.);
#851=EDGE_CURVE('',#1063,#1061,#71,.T.);
#852=EDGE_CURVE('',#1062,#1064,#1228,.T.);
#853=EDGE_CURVE('',#1065,#1064,#1229,.T.);
#854=EDGE_CURVE('',#1063,#1065,#1230,.T.);
#855=EDGE_CURVE('',#1066,#1064,#72,.T.);
#856=EDGE_CURVE('',#1067,#1066,#1231,.T.);
#857=EDGE_CURVE('',#1067,#1065,#73,.T.);
#858=EDGE_CURVE('',#1068,#1066,#1232,.T.);
#859=EDGE_CURVE('',#1069,#1068,#1233,.T.);
#860=EDGE_CURVE('',#1069,#1067,#1234,.T.);
#861=EDGE_CURVE('',#1070,#1068,#74,.T.);
#862=EDGE_CURVE('',#1071,#1070,#1235,.T.);
#863=EDGE_CURVE('',#1071,#1069,#75,.T.);
#864=EDGE_CURVE('',#1072,#1073,#76,.T.);
#865=EDGE_CURVE('',#1074,#1072,#1236,.T.);
#866=EDGE_CURVE('',#1074,#1075,#77,.T.);
#867=EDGE_CURVE('',#1075,#1073,#1237,.T.);
#868=EDGE_CURVE('',#1072,#1076,#1238,.T.);
#869=EDGE_CURVE('',#1077,#1076,#1239,.T.);
#870=EDGE_CURVE('',#1074,#1077,#1240,.T.);
#871=EDGE_CURVE('',#1078,#1076,#78,.T.);
#872=EDGE_CURVE('',#1079,#1078,#1241,.T.);
#873=EDGE_CURVE('',#1079,#1077,#79,.T.);
#874=EDGE_CURVE('',#1078,#1080,#1242,.T.);
#875=EDGE_CURVE('',#1081,#1080,#1243,.T.);
#876=EDGE_CURVE('',#1079,#1081,#1244,.T.);
#877=EDGE_CURVE('',#1082,#1080,#80,.T.);
#878=EDGE_CURVE('',#1083,#1082,#1245,.T.);
#879=EDGE_CURVE('',#1083,#1081,#81,.T.);
#880=EDGE_CURVE('',#1084,#1082,#1246,.T.);
#881=EDGE_CURVE('',#1085,#1084,#1247,.T.);
#882=EDGE_CURVE('',#1085,#1083,#1248,.T.);
#883=EDGE_CURVE('',#1086,#1084,#82,.T.);
#884=EDGE_CURVE('',#1087,#1086,#1249,.T.);
#885=EDGE_CURVE('',#1087,#1085,#83,.T.);
#886=EDGE_CURVE('',#1088,#1088,#84,.T.);
#887=EDGE_CURVE('',#1089,#1089,#85,.T.);
#888=EDGE_CURVE('',#1090,#1090,#86,.T.);
#889=EDGE_CURVE('',#1091,#1091,#87,.T.);
#890=EDGE_CURVE('',#1092,#1092,#88,.T.);
#891=EDGE_CURVE('',#1093,#1093,#89,.T.);
#892=EDGE_CURVE('',#1094,#1095,#1250,.T.);
#893=EDGE_CURVE('',#1094,#1096,#1251,.F.);
#894=EDGE_CURVE('',#1096,#1097,#1252,.T.);
#895=EDGE_CURVE('',#1097,#1095,#1253,.T.);
#896=EDGE_CURVE('',#945,#958,#1254,.T.);
#897=EDGE_CURVE('',#947,#959,#1255,.T.);
#898=EDGE_CURVE('',#961,#974,#1256,.T.);
#899=EDGE_CURVE('',#963,#975,#1257,.T.);
#900=EDGE_CURVE('',#977,#990,#1258,.T.);
#901=EDGE_CURVE('',#979,#991,#1259,.T.);
#902=EDGE_CURVE('',#993,#1006,#1260,.T.);
#903=EDGE_CURVE('',#995,#1007,#1261,.T.);
#904=EDGE_CURVE('',#1009,#1022,#1262,.T.);
#905=EDGE_CURVE('',#1011,#1023,#1263,.T.);
#906=EDGE_CURVE('',#1025,#1038,#1264,.T.);
#907=EDGE_CURVE('',#1027,#1039,#1265,.T.);
#908=EDGE_CURVE('',#1041,#1054,#1266,.T.);
#909=EDGE_CURVE('',#1043,#1055,#1267,.T.);
#910=EDGE_CURVE('',#1057,#1070,#1268,.T.);
#911=EDGE_CURVE('',#1059,#1071,#1269,.T.);
#912=EDGE_CURVE('',#1073,#1086,#1270,.T.);
#913=EDGE_CURVE('',#1075,#1087,#1271,.T.);
#914=EDGE_CURVE('',#1098,#1098,#90,.T.);
#915=EDGE_CURVE('',#1099,#1099,#91,.T.);
#916=EDGE_CURVE('',#1096,#925,#92,.T.);
#917=EDGE_CURVE('',#935,#936,#93,.T.);
#918=EDGE_CURVE('',#937,#940,#94,.T.);
#919=EDGE_CURVE('',#941,#1097,#95,.T.);
#920=EDGE_CURVE('',#926,#1094,#96,.F.);
#921=EDGE_CURVE('',#1095,#943,#97,.F.);
#922=EDGE_CURVE('',#942,#939,#98,.F.);
#923=EDGE_CURVE('',#938,#934,#99,.F.);
#924=VERTEX_POINT('',#2544);
#925=VERTEX_POINT('',#2545);
#926=VERTEX_POINT('',#2547);
#927=VERTEX_POINT('',#2549);
#928=VERTEX_POINT('',#2553);
#929=VERTEX_POINT('',#2555);
#930=VERTEX_POINT('',#2559);
#931=VERTEX_POINT('',#2561);
#932=VERTEX_POINT('',#2565);
#933=VERTEX_POINT('',#2567);
#934=VERTEX_POINT('',#2571);
#935=VERTEX_POINT('',#2573);
#936=VERTEX_POINT('',#2577);
#937=VERTEX_POINT('',#2578);
#938=VERTEX_POINT('',#2580);
#939=VERTEX_POINT('',#2582);
#940=VERTEX_POINT('',#2586);
#941=VERTEX_POINT('',#2587);
#942=VERTEX_POINT('',#2589);
#943=VERTEX_POINT('',#2591);
#944=VERTEX_POINT('',#2595);
#945=VERTEX_POINT('',#2596);
#946=VERTEX_POINT('',#2598);
#947=VERTEX_POINT('',#2600);
#948=VERTEX_POINT('',#2604);
#949=VERTEX_POINT('',#2606);
#950=VERTEX_POINT('',#2610);
#951=VERTEX_POINT('',#2612);
#952=VERTEX_POINT('',#2616);
#953=VERTEX_POINT('',#2618);
#954=VERTEX_POINT('',#2622);
#955=VERTEX_POINT('',#2624);
#956=VERTEX_POINT('',#2628);
#957=VERTEX_POINT('',#2630);
#958=VERTEX_POINT('',#2634);
#959=VERTEX_POINT('',#2636);
#960=VERTEX_POINT('',#2640);
#961=VERTEX_POINT('',#2641);
#962=VERTEX_POINT('',#2643);
#963=VERTEX_POINT('',#2645);
#964=VERTEX_POINT('',#2649);
#965=VERTEX_POINT('',#2651);
#966=VERTEX_POINT('',#2655);
#967=VERTEX_POINT('',#2657);
#968=VERTEX_POINT('',#2661);
#969=VERTEX_POINT('',#2663);
#970=VERTEX_POINT('',#2667);
#971=VERTEX_POINT('',#2669);
#972=VERTEX_POINT('',#2673);
#973=VERTEX_POINT('',#2675);
#974=VERTEX_POINT('',#2679);
#975=VERTEX_POINT('',#2681);
#976=VERTEX_POINT('',#2685);
#977=VERTEX_POINT('',#2686);
#978=VERTEX_POINT('',#2688);
#979=VERTEX_POINT('',#2690);
#980=VERTEX_POINT('',#2694);
#981=VERTEX_POINT('',#2696);
#982=VERTEX_POINT('',#2700);
#983=VERTEX_POINT('',#2702);
#984=VERTEX_POINT('',#2706);
#985=VERTEX_POINT('',#2708);
#986=VERTEX_POINT('',#2712);
#987=VERTEX_POINT('',#2714);
#988=VERTEX_POINT('',#2718);
#989=VERTEX_POINT('',#2720);
#990=VERTEX_POINT('',#2724);
#991=VERTEX_POINT('',#2726);
#992=VERTEX_POINT('',#2730);
#993=VERTEX_POINT('',#2731);
#994=VERTEX_POINT('',#2733);
#995=VERTEX_POINT('',#2735);
#996=VERTEX_POINT('',#2739);
#997=VERTEX_POINT('',#2741);
#998=VERTEX_POINT('',#2745);
#999=VERTEX_POINT('',#2747);
#1000=VERTEX_POINT('',#2751);
#1001=VERTEX_POINT('',#2753);
#1002=VERTEX_POINT('',#2757);
#1003=VERTEX_POINT('',#2759);
#1004=VERTEX_POINT('',#2763);
#1005=VERTEX_POINT('',#2765);
#1006=VERTEX_POINT('',#2769);
#1007=VERTEX_POINT('',#2771);
#1008=VERTEX_POINT('',#2775);
#1009=VERTEX_POINT('',#2776);
#1010=VERTEX_POINT('',#2778);
#1011=VERTEX_POINT('',#2780);
#1012=VERTEX_POINT('',#2784);
#1013=VERTEX_POINT('',#2786);
#1014=VERTEX_POINT('',#2790);
#1015=VERTEX_POINT('',#2792);
#1016=VERTEX_POINT('',#2796);
#1017=VERTEX_POINT('',#2798);
#1018=VERTEX_POINT('',#2802);
#1019=VERTEX_POINT('',#2804);
#1020=VERTEX_POINT('',#2808);
#1021=VERTEX_POINT('',#2810);
#1022=VERTEX_POINT('',#2814);
#1023=VERTEX_POINT('',#2816);
#1024=VERTEX_POINT('',#2820);
#1025=VERTEX_POINT('',#2821);
#1026=VERTEX_POINT('',#2823);
#1027=VERTEX_POINT('',#2825);
#1028=VERTEX_POINT('',#2829);
#1029=VERTEX_POINT('',#2831);
#1030=VERTEX_POINT('',#2835);
#1031=VERTEX_POINT('',#2837);
#1032=VERTEX_POINT('',#2841);
#1033=VERTEX_POINT('',#2843);
#1034=VERTEX_POINT('',#2847);
#1035=VERTEX_POINT('',#2849);
#1036=VERTEX_POINT('',#2853);
#1037=VERTEX_POINT('',#2855);
#1038=VERTEX_POINT('',#2859);
#1039=VERTEX_POINT('',#2861);
#1040=VERTEX_POINT('',#2865);
#1041=VERTEX_POINT('',#2866);
#1042=VERTEX_POINT('',#2868);
#1043=VERTEX_POINT('',#2870);
#1044=VERTEX_POINT('',#2874);
#1045=VERTEX_POINT('',#2876);
#1046=VERTEX_POINT('',#2880);
#1047=VERTEX_POINT('',#2882);
#1048=VERTEX_POINT('',#2886);
#1049=VERTEX_POINT('',#2888);
#1050=VERTEX_POINT('',#2892);
#1051=VERTEX_POINT('',#2894);
#1052=VERTEX_POINT('',#2898);
#1053=VERTEX_POINT('',#2900);
#1054=VERTEX_POINT('',#2904);
#1055=VERTEX_POINT('',#2906);
#1056=VERTEX_POINT('',#2910);
#1057=VERTEX_POINT('',#2911);
#1058=VERTEX_POINT('',#2913);
#1059=VERTEX_POINT('',#2915);
#1060=VERTEX_POINT('',#2919);
#1061=VERTEX_POINT('',#2921);
#1062=VERTEX_POINT('',#2925);
#1063=VERTEX_POINT('',#2927);
#1064=VERTEX_POINT('',#2931);
#1065=VERTEX_POINT('',#2933);
#1066=VERTEX_POINT('',#2937);
#1067=VERTEX_POINT('',#2939);
#1068=VERTEX_POINT('',#2943);
#1069=VERTEX_POINT('',#2945);
#1070=VERTEX_POINT('',#2949);
#1071=VERTEX_POINT('',#2951);
#1072=VERTEX_POINT('',#2955);
#1073=VERTEX_POINT('',#2956);
#1074=VERTEX_POINT('',#2958);
#1075=VERTEX_POINT('',#2960);
#1076=VERTEX_POINT('',#2964);
#1077=VERTEX_POINT('',#2966);
#1078=VERTEX_POINT('',#2970);
#1079=VERTEX_POINT('',#2972);
#1080=VERTEX_POINT('',#2976);
#1081=VERTEX_POINT('',#2978);
#1082=VERTEX_POINT('',#2982);
#1083=VERTEX_POINT('',#2984);
#1084=VERTEX_POINT('',#2988);
#1085=VERTEX_POINT('',#2990);
#1086=VERTEX_POINT('',#2994);
#1087=VERTEX_POINT('',#2996);
#1088=VERTEX_POINT('',#3000);
#1089=VERTEX_POINT('',#3002);
#1090=VERTEX_POINT('',#3005);
#1091=VERTEX_POINT('',#3007);
#1092=VERTEX_POINT('',#3010);
#1093=VERTEX_POINT('',#3012);
#1094=VERTEX_POINT('',#3015);
#1095=VERTEX_POINT('',#3016);
#1096=VERTEX_POINT('',#3018);
#1097=VERTEX_POINT('',#3020);
#1098=VERTEX_POINT('',#3051);
#1099=VERTEX_POINT('',#3053);
#1100=LINE('',#2543,#1272);
#1101=LINE('',#2546,#1273);
#1102=LINE('',#2548,#1274);
#1103=LINE('',#2550,#1275);
#1104=LINE('',#2552,#1276);
#1105=LINE('',#2554,#1277);
#1106=LINE('',#2556,#1278);
#1107=LINE('',#2558,#1279);
#1108=LINE('',#2560,#1280);
#1109=LINE('',#2562,#1281);
#1110=LINE('',#2564,#1282);
#1111=LINE('',#2566,#1283);
#1112=LINE('',#2568,#1284);
#1113=LINE('',#2570,#1285);
#1114=LINE('',#2572,#1286);
#1115=LINE('',#2574,#1287);
#1116=LINE('',#2576,#1288);
#1117=LINE('',#2579,#1289);
#1118=LINE('',#2581,#1290);
#1119=LINE('',#2583,#1291);
#1120=LINE('',#2585,#1292);
#1121=LINE('',#2588,#1293);
#1122=LINE('',#2590,#1294);
#1123=LINE('',#2592,#1295);
#1124=LINE('',#2597,#1296);
#1125=LINE('',#2601,#1297);
#1126=LINE('',#2603,#1298);
#1127=LINE('',#2605,#1299);
#1128=LINE('',#2607,#1300);
#1129=LINE('',#2611,#1301);
#1130=LINE('',#2615,#1302);
#1131=LINE('',#2617,#1303);
#1132=LINE('',#2619,#1304);
#1133=LINE('',#2623,#1305);
#1134=LINE('',#2627,#1306);
#1135=LINE('',#2629,#1307);
#1136=LINE('',#2631,#1308);
#1137=LINE('',#2635,#1309);
#1138=LINE('',#2642,#1310);
#1139=LINE('',#2646,#1311);
#1140=LINE('',#2648,#1312);
#1141=LINE('',#2650,#1313);
#1142=LINE('',#2652,#1314);
#1143=LINE('',#2656,#1315);
#1144=LINE('',#2660,#1316);
#1145=LINE('',#2662,#1317);
#1146=LINE('',#2664,#1318);
#1147=LINE('',#2668,#1319);
#1148=LINE('',#2672,#1320);
#1149=LINE('',#2674,#1321);
#1150=LINE('',#2676,#1322);
#1151=LINE('',#2680,#1323);
#1152=LINE('',#2687,#1324);
#1153=LINE('',#2691,#1325);
#1154=LINE('',#2693,#1326);
#1155=LINE('',#2695,#1327);
#1156=LINE('',#2697,#1328);
#1157=LINE('',#2701,#1329);
#1158=LINE('',#2705,#1330);
#1159=LINE('',#2707,#1331);
#1160=LINE('',#2709,#1332);
#1161=LINE('',#2713,#1333);
#1162=LINE('',#2717,#1334);
#1163=LINE('',#2719,#1335);
#1164=LINE('',#2721,#1336);
#1165=LINE('',#2725,#1337);
#1166=LINE('',#2732,#1338);
#1167=LINE('',#2736,#1339);
#1168=LINE('',#2738,#1340);
#1169=LINE('',#2740,#1341);
#1170=LINE('',#2742,#1342);
#1171=LINE('',#2746,#1343);
#1172=LINE('',#2750,#1344);
#1173=LINE('',#2752,#1345);
#1174=LINE('',#2754,#1346);
#1175=LINE('',#2758,#1347);
#1176=LINE('',#2762,#1348);
#1177=LINE('',#2764,#1349);
#1178=LINE('',#2766,#1350);
#1179=LINE('',#2770,#1351);
#1180=LINE('',#2777,#1352);
#1181=LINE('',#2781,#1353);
#1182=LINE('',#2783,#1354);
#1183=LINE('',#2785,#1355);
#1184=LINE('',#2787,#1356);
#1185=LINE('',#2791,#1357);
#1186=LINE('',#2795,#1358);
#1187=LINE('',#2797,#1359);
#1188=LINE('',#2799,#1360);
#1189=LINE('',#2803,#1361);
#1190=LINE('',#2807,#1362);
#1191=LINE('',#2809,#1363);
#1192=LINE('',#2811,#1364);
#1193=LINE('',#2815,#1365);
#1194=LINE('',#2822,#1366);
#1195=LINE('',#2826,#1367);
#1196=LINE('',#2828,#1368);
#1197=LINE('',#2830,#1369);
#1198=LINE('',#2832,#1370);
#1199=LINE('',#2836,#1371);
#1200=LINE('',#2840,#1372);
#1201=LINE('',#2842,#1373);
#1202=LINE('',#2844,#1374);
#1203=LINE('',#2848,#1375);
#1204=LINE('',#2852,#1376);
#1205=LINE('',#2854,#1377);
#1206=LINE('',#2856,#1378);
#1207=LINE('',#2860,#1379);
#1208=LINE('',#2867,#1380);
#1209=LINE('',#2871,#1381);
#1210=LINE('',#2873,#1382);
#1211=LINE('',#2875,#1383);
#1212=LINE('',#2877,#1384);
#1213=LINE('',#2881,#1385);
#1214=LINE('',#2885,#1386);
#1215=LINE('',#2887,#1387);
#1216=LINE('',#2889,#1388);
#1217=LINE('',#2893,#1389);
#1218=LINE('',#2897,#1390);
#1219=LINE('',#2899,#1391);
#1220=LINE('',#2901,#1392);
#1221=LINE('',#2905,#1393);
#1222=LINE('',#2912,#1394);
#1223=LINE('',#2916,#1395);
#1224=LINE('',#2918,#1396);
#1225=LINE('',#2920,#1397);
#1226=LINE('',#2922,#1398);
#1227=LINE('',#2926,#1399);
#1228=LINE('',#2930,#1400);
#1229=LINE('',#2932,#1401);
#1230=LINE('',#2934,#1402);
#1231=LINE('',#2938,#1403);
#1232=LINE('',#2942,#1404);
#1233=LINE('',#2944,#1405);
#1234=LINE('',#2946,#1406);
#1235=LINE('',#2950,#1407);
#1236=LINE('',#2957,#1408);
#1237=LINE('',#2961,#1409);
#1238=LINE('',#2963,#1410);
#1239=LINE('',#2965,#1411);
#1240=LINE('',#2967,#1412);
#1241=LINE('',#2971,#1413);
#1242=LINE('',#2975,#1414);
#1243=LINE('',#2977,#1415);
#1244=LINE('',#2979,#1416);
#1245=LINE('',#2983,#1417);
#1246=LINE('',#2987,#1418);
#1247=LINE('',#2989,#1419);
#1248=LINE('',#2991,#1420);
#1249=LINE('',#2995,#1421);
#1250=LINE('',#3014,#1422);
#1251=LINE('',#3017,#1423);
#1252=LINE('',#3019,#1424);
#1253=LINE('',#3021,#1425);
#1254=LINE('',#3023,#1426);
#1255=LINE('',#3024,#1427);
#1256=LINE('',#3026,#1428);
#1257=LINE('',#3027,#1429);
#1258=LINE('',#3029,#1430);
#1259=LINE('',#3030,#1431);
#1260=LINE('',#3032,#1432);
#1261=LINE('',#3033,#1433);
#1262=LINE('',#3035,#1434);
#1263=LINE('',#3036,#1435);
#1264=LINE('',#3038,#1436);
#1265=LINE('',#3039,#1437);
#1266=LINE('',#3041,#1438);
#1267=LINE('',#3042,#1439);
#1268=LINE('',#3044,#1440);
#1269=LINE('',#3045,#1441);
#1270=LINE('',#3047,#1442);
#1271=LINE('',#3048,#1443);
#1272=VECTOR('',#2015,1.);
#1273=VECTOR('',#2016,1.);
#1274=VECTOR('',#2017,1.);
#1275=VECTOR('',#2018,1.);
#1276=VECTOR('',#2021,1.);
#1277=VECTOR('',#2022,1.);
#1278=VECTOR('',#2023,1.);
#1279=VECTOR('',#2026,1.);
#1280=VECTOR('',#2027,1.);
#1281=VECTOR('',#2028,1.);
#1282=VECTOR('',#2031,1.);
#1283=VECTOR('',#2032,1.);
#1284=VECTOR('',#2033,1.);
#1285=VECTOR('',#2036,1.);
#1286=VECTOR('',#2037,1.);
#1287=VECTOR('',#2038,1.);
#1288=VECTOR('',#2041,1.);
#1289=VECTOR('',#2042,1.);
#1290=VECTOR('',#2043,1.);
#1291=VECTOR('',#2044,1.);
#1292=VECTOR('',#2047,1.);
#1293=VECTOR('',#2048,1.);
#1294=VECTOR('',#2049,1.);
#1295=VECTOR('',#2050,1.);
#1296=VECTOR('',#2055,1.);
#1297=VECTOR('',#2058,1.);
#1298=VECTOR('',#2061,1.);
#1299=VECTOR('',#2062,1.);
#1300=VECTOR('',#2063,1.);
#1301=VECTOR('',#2068,1.);
#1302=VECTOR('',#2073,1.);
#1303=VECTOR('',#2074,1.);
#1304=VECTOR('',#2075,1.);
#1305=VECTOR('',#2080,1.);
#1306=VECTOR('',#2085,1.);
#1307=VECTOR('',#2086,1.);
#1308=VECTOR('',#2087,1.);
#1309=VECTOR('',#2092,1.);
#1310=VECTOR('',#2099,1.);
#1311=VECTOR('',#2102,1.);
#1312=VECTOR('',#2105,1.);
#1313=VECTOR('',#2106,1.);
#1314=VECTOR('',#2107,1.);
#1315=VECTOR('',#2112,1.);
#1316=VECTOR('',#2117,1.);
#1317=VECTOR('',#2118,1.);
#1318=VECTOR('',#2119,1.);
#1319=VECTOR('',#2124,1.);
#1320=VECTOR('',#2129,1.);
#1321=VECTOR('',#2130,1.);
#1322=VECTOR('',#2131,1.);
#1323=VECTOR('',#2136,1.);
#1324=VECTOR('',#2143,1.);
#1325=VECTOR('',#2146,1.);
#1326=VECTOR('',#2149,1.);
#1327=VECTOR('',#2150,1.);
#1328=VECTOR('',#2151,1.);
#1329=VECTOR('',#2156,1.);
#1330=VECTOR('',#2161,1.);
#1331=VECTOR('',#2162,1.);
#1332=VECTOR('',#2163,1.);
#1333=VECTOR('',#2168,1.);
#1334=VECTOR('',#2173,1.);
#1335=VECTOR('',#2174,1.);
#1336=VECTOR('',#2175,1.);
#1337=VECTOR('',#2180,1.);
#1338=VECTOR('',#2187,1.);
#1339=VECTOR('',#2190,1.);
#1340=VECTOR('',#2193,1.);
#1341=VECTOR('',#2194,1.);
#1342=VECTOR('',#2195,1.);
#1343=VECTOR('',#2200,1.);
#1344=VECTOR('',#2205,1.);
#1345=VECTOR('',#2206,1.);
#1346=VECTOR('',#2207,1.);
#1347=VECTOR('',#2212,1.);
#1348=VECTOR('',#2217,1.);
#1349=VECTOR('',#2218,1.);
#1350=VECTOR('',#2219,1.);
#1351=VECTOR('',#2224,1.);
#1352=VECTOR('',#2231,1.);
#1353=VECTOR('',#2234,1.);
#1354=VECTOR('',#2237,1.);
#1355=VECTOR('',#2238,1.);
#1356=VECTOR('',#2239,1.);
#1357=VECTOR('',#2244,1.);
#1358=VECTOR('',#2249,1.);
#1359=VECTOR('',#2250,1.);
#1360=VECTOR('',#2251,1.);
#1361=VECTOR('',#2256,1.);
#1362=VECTOR('',#2261,1.);
#1363=VECTOR('',#2262,1.);
#1364=VECTOR('',#2263,1.);
#1365=VECTOR('',#2268,1.);
#1366=VECTOR('',#2275,1.);
#1367=VECTOR('',#2278,1.);
#1368=VECTOR('',#2281,1.);
#1369=VECTOR('',#2282,1.);
#1370=VECTOR('',#2283,1.);
#1371=VECTOR('',#2288,1.);
#1372=VECTOR('',#2293,1.);
#1373=VECTOR('',#2294,1.);
#1374=VECTOR('',#2295,1.);
#1375=VECTOR('',#2300,1.);
#1376=VECTOR('',#2305,1.);
#1377=VECTOR('',#2306,1.);
#1378=VECTOR('',#2307,1.);
#1379=VECTOR('',#2312,1.);
#1380=VECTOR('',#2319,1.);
#1381=VECTOR('',#2322,1.);
#1382=VECTOR('',#2325,1.);
#1383=VECTOR('',#2326,1.);
#1384=VECTOR('',#2327,1.);
#1385=VECTOR('',#2332,1.);
#1386=VECTOR('',#2337,1.);
#1387=VECTOR('',#2338,1.);
#1388=VECTOR('',#2339,1.);
#1389=VECTOR('',#2344,1.);
#1390=VECTOR('',#2349,1.);
#1391=VECTOR('',#2350,1.);
#1392=VECTOR('',#2351,1.);
#1393=VECTOR('',#2356,1.);
#1394=VECTOR('',#2363,1.);
#1395=VECTOR('',#2366,1.);
#1396=VECTOR('',#2369,1.);
#1397=VECTOR('',#2370,1.);
#1398=VECTOR('',#2371,1.);
#1399=VECTOR('',#2376,1.);
#1400=VECTOR('',#2381,1.);
#1401=VECTOR('',#2382,1.);
#1402=VECTOR('',#2383,1.);
#1403=VECTOR('',#2388,1.);
#1404=VECTOR('',#2393,1.);
#1405=VECTOR('',#2394,1.);
#1406=VECTOR('',#2395,1.);
#1407=VECTOR('',#2400,1.);
#1408=VECTOR('',#2407,1.);
#1409=VECTOR('',#2410,1.);
#1410=VECTOR('',#2413,1.);
#1411=VECTOR('',#2414,1.);
#1412=VECTOR('',#2415,1.);
#1413=VECTOR('',#2420,1.);
#1414=VECTOR('',#2425,1.);
#1415=VECTOR('',#2426,1.);
#1416=VECTOR('',#2427,1.);
#1417=VECTOR('',#2432,1.);
#1418=VECTOR('',#2437,1.);
#1419=VECTOR('',#2438,1.);
#1420=VECTOR('',#2439,1.);
#1421=VECTOR('',#2444,1.);
#1422=VECTOR('',#2467,1.);
#1423=VECTOR('',#2468,1.);
#1424=VECTOR('',#2469,1.);
#1425=VECTOR('',#2470,1.);
#1426=VECTOR('',#2473,1.);
#1427=VECTOR('',#2474,1.);
#1428=VECTOR('',#2477,1.);
#1429=VECTOR('',#2478,1.);
#1430=VECTOR('',#2481,1.);
#1431=VECTOR('',#2482,1.);
#1432=VECTOR('',#2485,1.);
#1433=VECTOR('',#2486,1.);
#1434=VECTOR('',#2489,1.);
#1435=VECTOR('',#2490,1.);
#1436=VECTOR('',#2493,1.);
#1437=VECTOR('',#2494,1.);
#1438=VECTOR('',#2497,1.);
#1439=VECTOR('',#2498,1.);
#1440=VECTOR('',#2501,1.);
#1441=VECTOR('',#2502,1.);
#1442=VECTOR('',#2505,1.);
#1443=VECTOR('',#2506,1.);
#1444=EDGE_LOOP('',(#144,#145,#146,#147));
#1445=EDGE_LOOP('',(#148,#149,#150,#151));
#1446=EDGE_LOOP('',(#152,#153,#154,#155));
#1447=EDGE_LOOP('',(#156,#157,#158,#159));
#1448=EDGE_LOOP('',(#160,#161,#162,#163));
#1449=EDGE_LOOP('',(#164,#165,#166,#167));
#1450=EDGE_LOOP('',(#168,#169,#170,#171));
#1451=EDGE_LOOP('',(#172,#173,#174,#175));
#1452=EDGE_LOOP('',(#176,#177,#178,#179));
#1453=EDGE_LOOP('',(#180,#181,#182,#183));
#1454=EDGE_LOOP('',(#184,#185,#186,#187));
#1455=EDGE_LOOP('',(#188,#189,#190,#191));
#1456=EDGE_LOOP('',(#192,#193,#194,#195));
#1457=EDGE_LOOP('',(#196,#197,#198,#199));
#1458=EDGE_LOOP('',(#200,#201,#202,#203));
#1459=EDGE_LOOP('',(#204,#205,#206,#207));
#1460=EDGE_LOOP('',(#208,#209,#210,#211));
#1461=EDGE_LOOP('',(#212,#213,#214,#215));
#1462=EDGE_LOOP('',(#216,#217,#218,#219));
#1463=EDGE_LOOP('',(#220,#221,#222,#223));
#1464=EDGE_LOOP('',(#224,#225,#226,#227));
#1465=EDGE_LOOP('',(#228,#229,#230,#231));
#1466=EDGE_LOOP('',(#232,#233,#234,#235));
#1467=EDGE_LOOP('',(#236,#237,#238,#239));
#1468=EDGE_LOOP('',(#240,#241,#242,#243));
#1469=EDGE_LOOP('',(#244,#245,#246,#247));
#1470=EDGE_LOOP('',(#248,#249,#250,#251));
#1471=EDGE_LOOP('',(#252,#253,#254,#255));
#1472=EDGE_LOOP('',(#256,#257,#258,#259));
#1473=EDGE_LOOP('',(#260,#261,#262,#263));
#1474=EDGE_LOOP('',(#264,#265,#266,#267));
#1475=EDGE_LOOP('',(#268,#269,#270,#271));
#1476=EDGE_LOOP('',(#272,#273,#274,#275));
#1477=EDGE_LOOP('',(#276,#277,#278,#279));
#1478=EDGE_LOOP('',(#280,#281,#282,#283));
#1479=EDGE_LOOP('',(#284,#285,#286,#287));
#1480=EDGE_LOOP('',(#288,#289,#290,#291));
#1481=EDGE_LOOP('',(#292,#293,#294,#295));
#1482=EDGE_LOOP('',(#296,#297,#298,#299));
#1483=EDGE_LOOP('',(#300,#301,#302,#303));
#1484=EDGE_LOOP('',(#304,#305,#306,#307));
#1485=EDGE_LOOP('',(#308,#309,#310,#311));
#1486=EDGE_LOOP('',(#312,#313,#314,#315));
#1487=EDGE_LOOP('',(#316,#317,#318,#319));
#1488=EDGE_LOOP('',(#320,#321,#322,#323));
#1489=EDGE_LOOP('',(#324,#325,#326,#327));
#1490=EDGE_LOOP('',(#328,#329,#330,#331));
#1491=EDGE_LOOP('',(#332,#333,#334,#335));
#1492=EDGE_LOOP('',(#336,#337,#338,#339));
#1493=EDGE_LOOP('',(#340,#341,#342,#343));
#1494=EDGE_LOOP('',(#344,#345,#346,#347));
#1495=EDGE_LOOP('',(#348,#349,#350,#351));
#1496=EDGE_LOOP('',(#352,#353,#354,#355));
#1497=EDGE_LOOP('',(#356,#357,#358,#359));
#1498=EDGE_LOOP('',(#360,#361,#362,#363));
#1499=EDGE_LOOP('',(#364,#365,#366,#367));
#1500=EDGE_LOOP('',(#368,#369,#370,#371));
#1501=EDGE_LOOP('',(#372,#373,#374,#375));
#1502=EDGE_LOOP('',(#376,#377,#378,#379));
#1503=EDGE_LOOP('',(#380,#381,#382,#383));
#1504=EDGE_LOOP('',(#384,#385,#386,#387));
#1505=EDGE_LOOP('',(#388,#389,#390,#391));
#1506=EDGE_LOOP('',(#392,#393,#394,#395));
#1507=EDGE_LOOP('',(#396,#397,#398,#399));
#1508=EDGE_LOOP('',(#400,#401,#402,#403));
#1509=EDGE_LOOP('',(#404,#405,#406,#407));
#1510=EDGE_LOOP('',(#408,#409,#410,#411));
#1511=EDGE_LOOP('',(#412,#413,#414,#415));
#1512=EDGE_LOOP('',(#416,#417,#418,#419));
#1513=EDGE_LOOP('',(#420,#421,#422,#423));
#1514=EDGE_LOOP('',(#424));
#1515=EDGE_LOOP('',(#425));
#1516=EDGE_LOOP('',(#426));
#1517=EDGE_LOOP('',(#427));
#1518=EDGE_LOOP('',(#428));
#1519=EDGE_LOOP('',(#429));
#1520=EDGE_LOOP('',(#430,#431,#432,#433));
#1521=EDGE_LOOP('',(#434,#435,#436,#437));
#1522=EDGE_LOOP('',(#438,#439,#440,#441));
#1523=EDGE_LOOP('',(#442,#443,#444,#445));
#1524=EDGE_LOOP('',(#446,#447,#448,#449));
#1525=EDGE_LOOP('',(#450,#451,#452,#453));
#1526=EDGE_LOOP('',(#454,#455,#456,#457));
#1527=EDGE_LOOP('',(#458,#459,#460,#461));
#1528=EDGE_LOOP('',(#462,#463,#464,#465));
#1529=EDGE_LOOP('',(#466,#467,#468,#469));
#1530=EDGE_LOOP('',(#470));
#1531=EDGE_LOOP('',(#471));
#1532=EDGE_LOOP('',(#472,#473,#474,#475,#476,#477,#478,#479));
#1533=EDGE_LOOP('',(#480,#481,#482,#483,#484,#485,#486,#487));
#1534=EDGE_LOOP('',(#488,#489,#490,#491,#492,#493,#494,#495));
#1535=EDGE_LOOP('',(#496,#497,#498,#499,#500,#501,#502,#503));
#1536=EDGE_LOOP('',(#504,#505,#506,#507,#508,#509,#510,#511));
#1537=EDGE_LOOP('',(#512,#513,#514,#515,#516,#517,#518,#519));
#1538=EDGE_LOOP('',(#520,#521,#522,#523,#524,#525,#526,#527));
#1539=EDGE_LOOP('',(#528,#529,#530,#531,#532,#533,#534,#535));
#1540=EDGE_LOOP('',(#536,#537,#538,#539,#540,#541,#542,#543));
#1541=EDGE_LOOP('',(#544,#545,#546,#547,#548,#549,#550,#551,#552,#553,#554,
#555));
#1542=EDGE_LOOP('',(#556));
#1543=EDGE_LOOP('',(#557));
#1544=EDGE_LOOP('',(#558));
#1545=EDGE_LOOP('',(#559));
#1546=EDGE_LOOP('',(#560,#561,#562,#563,#564,#565,#566,#567));
#1547=EDGE_LOOP('',(#568,#569,#570,#571,#572,#573,#574,#575));
#1548=EDGE_LOOP('',(#576,#577,#578,#579,#580,#581,#582,#583));
#1549=EDGE_LOOP('',(#584,#585,#586,#587,#588,#589,#590,#591));
#1550=EDGE_LOOP('',(#592,#593,#594,#595,#596,#597,#598,#599));
#1551=EDGE_LOOP('',(#600,#601,#602,#603,#604,#605,#606,#607));
#1552=EDGE_LOOP('',(#608,#609,#610,#611,#612,#613,#614,#615));
#1553=EDGE_LOOP('',(#616,#617,#618,#619,#620,#621,#622,#623));
#1554=EDGE_LOOP('',(#624,#625,#626,#627,#628,#629,#630,#631));
#1555=EDGE_LOOP('',(#632,#633,#634,#635,#636,#637,#638,#639,#640,#641,#642,
#643));
#1556=EDGE_LOOP('',(#644));
#1557=EDGE_LOOP('',(#645));
#1558=EDGE_LOOP('',(#646));
#1559=EDGE_LOOP('',(#647));
#1560=EDGE_LOOP('',(#648,#649,#650,#651));
#1561=EDGE_LOOP('',(#652,#653,#654,#655));
#1562=EDGE_LOOP('',(#656,#657,#658,#659));
#1563=EDGE_LOOP('',(#660,#661,#662,#663));
#1564=FACE_BOUND('',#1444,.T.);
#1565=FACE_BOUND('',#1445,.T.);
#1566=FACE_BOUND('',#1446,.T.);
#1567=FACE_BOUND('',#1447,.T.);
#1568=FACE_BOUND('',#1448,.T.);
#1569=FACE_BOUND('',#1449,.T.);
#1570=FACE_BOUND('',#1450,.T.);
#1571=FACE_BOUND('',#1451,.T.);
#1572=FACE_BOUND('',#1452,.T.);
#1573=FACE_BOUND('',#1453,.T.);
#1574=FACE_BOUND('',#1454,.T.);
#1575=FACE_BOUND('',#1455,.T.);
#1576=FACE_BOUND('',#1456,.T.);
#1577=FACE_BOUND('',#1457,.T.);
#1578=FACE_BOUND('',#1458,.T.);
#1579=FACE_BOUND('',#1459,.T.);
#1580=FACE_BOUND('',#1460,.T.);
#1581=FACE_BOUND('',#1461,.T.);
#1582=FACE_BOUND('',#1462,.T.);
#1583=FACE_BOUND('',#1463,.T.);
#1584=FACE_BOUND('',#1464,.T.);
#1585=FACE_BOUND('',#1465,.T.);
#1586=FACE_BOUND('',#1466,.T.);
#1587=FACE_BOUND('',#1467,.T.);
#1588=FACE_BOUND('',#1468,.T.);
#1589=FACE_BOUND('',#1469,.T.);
#1590=FACE_BOUND('',#1470,.T.);
#1591=FACE_BOUND('',#1471,.T.);
#1592=FACE_BOUND('',#1472,.T.);
#1593=FACE_BOUND('',#1473,.T.);
#1594=FACE_BOUND('',#1474,.T.);
#1595=FACE_BOUND('',#1475,.T.);
#1596=FACE_BOUND('',#1476,.T.);
#1597=FACE_BOUND('',#1477,.T.);
#1598=FACE_BOUND('',#1478,.T.);
#1599=FACE_BOUND('',#1479,.T.);
#1600=FACE_BOUND('',#1480,.T.);
#1601=FACE_BOUND('',#1481,.T.);
#1602=FACE_BOUND('',#1482,.T.);
#1603=FACE_BOUND('',#1483,.T.);
#1604=FACE_BOUND('',#1484,.T.);
#1605=FACE_BOUND('',#1485,.T.);
#1606=FACE_BOUND('',#1486,.T.);
#1607=FACE_BOUND('',#1487,.T.);
#1608=FACE_BOUND('',#1488,.T.);
#1609=FACE_BOUND('',#1489,.T.);
#1610=FACE_BOUND('',#1490,.T.);
#1611=FACE_BOUND('',#1491,.T.);
#1612=FACE_BOUND('',#1492,.T.);
#1613=FACE_BOUND('',#1493,.T.);
#1614=FACE_BOUND('',#1494,.T.);
#1615=FACE_BOUND('',#1495,.T.);
#1616=FACE_BOUND('',#1496,.T.);
#1617=FACE_BOUND('',#1497,.T.);
#1618=FACE_BOUND('',#1498,.T.);
#1619=FACE_BOUND('',#1499,.T.);
#1620=FACE_BOUND('',#1500,.T.);
#1621=FACE_BOUND('',#1501,.T.);
#1622=FACE_BOUND('',#1502,.T.);
#1623=FACE_BOUND('',#1503,.T.);
#1624=FACE_BOUND('',#1504,.T.);
#1625=FACE_BOUND('',#1505,.T.);
#1626=FACE_BOUND('',#1506,.T.);
#1627=FACE_BOUND('',#1507,.T.);
#1628=FACE_BOUND('',#1508,.T.);
#1629=FACE_BOUND('',#1509,.T.);
#1630=FACE_BOUND('',#1510,.T.);
#1631=FACE_BOUND('',#1511,.T.);
#1632=FACE_BOUND('',#1512,.T.);
#1633=FACE_BOUND('',#1513,.T.);
#1634=FACE_BOUND('',#1514,.T.);
#1635=FACE_BOUND('',#1515,.T.);
#1636=FACE_BOUND('',#1516,.T.);
#1637=FACE_BOUND('',#1517,.T.);
#1638=FACE_BOUND('',#1518,.T.);
#1639=FACE_BOUND('',#1519,.T.);
#1640=FACE_BOUND('',#1520,.T.);
#1641=FACE_BOUND('',#1521,.T.);
#1642=FACE_BOUND('',#1522,.T.);
#1643=FACE_BOUND('',#1523,.T.);
#1644=FACE_BOUND('',#1524,.T.);
#1645=FACE_BOUND('',#1525,.T.);
#1646=FACE_BOUND('',#1526,.T.);
#1647=FACE_BOUND('',#1527,.T.);
#1648=FACE_BOUND('',#1528,.T.);
#1649=FACE_BOUND('',#1529,.T.);
#1650=FACE_BOUND('',#1530,.T.);
#1651=FACE_BOUND('',#1531,.T.);
#1652=FACE_BOUND('',#1532,.T.);
#1653=FACE_BOUND('',#1533,.T.);
#1654=FACE_BOUND('',#1534,.T.);
#1655=FACE_BOUND('',#1535,.T.);
#1656=FACE_BOUND('',#1536,.T.);
#1657=FACE_BOUND('',#1537,.T.);
#1658=FACE_BOUND('',#1538,.T.);
#1659=FACE_BOUND('',#1539,.T.);
#1660=FACE_BOUND('',#1540,.T.);
#1661=FACE_BOUND('',#1541,.T.);
#1662=FACE_BOUND('',#1542,.T.);
#1663=FACE_BOUND('',#1543,.T.);
#1664=FACE_BOUND('',#1544,.T.);
#1665=FACE_BOUND('',#1545,.T.);
#1666=FACE_BOUND('',#1546,.T.);
#1667=FACE_BOUND('',#1547,.T.);
#1668=FACE_BOUND('',#1548,.T.);
#1669=FACE_BOUND('',#1549,.T.);
#1670=FACE_BOUND('',#1550,.T.);
#1671=FACE_BOUND('',#1551,.T.);
#1672=FACE_BOUND('',#1552,.T.);
#1673=FACE_BOUND('',#1553,.T.);
#1674=FACE_BOUND('',#1554,.T.);
#1675=FACE_BOUND('',#1555,.T.);
#1676=FACE_BOUND('',#1556,.T.);
#1677=FACE_BOUND('',#1557,.T.);
#1678=FACE_BOUND('',#1558,.T.);
#1679=FACE_BOUND('',#1559,.T.);
#1680=FACE_BOUND('',#1560,.T.);
#1681=FACE_BOUND('',#1561,.T.);
#1682=FACE_BOUND('',#1562,.T.);
#1683=FACE_BOUND('',#1563,.T.);
#1684=PLANE('',#1833);
#1685=PLANE('',#1834);
#1686=PLANE('',#1835);
#1687=PLANE('',#1836);
#1688=PLANE('',#1837);
#1689=PLANE('',#1838);
#1690=PLANE('',#1839);
#1691=PLANE('',#1843);
#1692=PLANE('',#1847);
#1693=PLANE('',#1851);
#1694=PLANE('',#1858);
#1695=PLANE('',#1862);
#1696=PLANE('',#1866);
#1697=PLANE('',#1873);
#1698=PLANE('',#1877);
#1699=PLANE('',#1881);
#1700=PLANE('',#1888);
#1701=PLANE('',#1892);
#1702=PLANE('',#1896);
#1703=PLANE('',#1903);
#1704=PLANE('',#1907);
#1705=PLANE('',#1911);
#1706=PLANE('',#1918);
#1707=PLANE('',#1922);
#1708=PLANE('',#1926);
#1709=PLANE('',#1933);
#1710=PLANE('',#1937);
#1711=PLANE('',#1941);
#1712=PLANE('',#1948);
#1713=PLANE('',#1952);
#1714=PLANE('',#1956);
#1715=PLANE('',#1963);
#1716=PLANE('',#1967);
#1717=PLANE('',#1971);
#1718=PLANE('',#1984);
#1719=PLANE('',#1985);
#1720=PLANE('',#1986);
#1721=PLANE('',#1987);
#1722=PLANE('',#1988);
#1723=PLANE('',#1989);
#1724=PLANE('',#1990);
#1725=PLANE('',#1991);
#1726=PLANE('',#1992);
#1727=PLANE('',#1993);
#1728=PLANE('',#1997);
#1729=PLANE('',#2002);
#1730=ADVANCED_FACE('',(#1564),#1684,.T.);
#1731=ADVANCED_FACE('',(#1565),#1685,.F.);
#1732=ADVANCED_FACE('',(#1566),#1686,.T.);
#1733=ADVANCED_FACE('',(#1567),#1687,.T.);
#1734=ADVANCED_FACE('',(#1568),#1688,.T.);
#1735=ADVANCED_FACE('',(#1569),#1689,.F.);
#1736=ADVANCED_FACE('',(#1570),#1690,.F.);
#1737=ADVANCED_FACE('',(#1571),#100,.F.);
#1738=ADVANCED_FACE('',(#1572),#1691,.F.);
#1739=ADVANCED_FACE('',(#1573),#101,.F.);
#1740=ADVANCED_FACE('',(#1574),#1692,.F.);
#1741=ADVANCED_FACE('',(#1575),#102,.F.);
#1742=ADVANCED_FACE('',(#1576),#1693,.T.);
#1743=ADVANCED_FACE('',(#1577),#103,.F.);
#1744=ADVANCED_FACE('',(#1578),#104,.F.);
#1745=ADVANCED_FACE('',(#1579),#1694,.F.);
#1746=ADVANCED_FACE('',(#1580),#105,.F.);
#1747=ADVANCED_FACE('',(#1581),#1695,.F.);
#1748=ADVANCED_FACE('',(#1582),#106,.F.);
#1749=ADVANCED_FACE('',(#1583),#1696,.T.);
#1750=ADVANCED_FACE('',(#1584),#107,.F.);
#1751=ADVANCED_FACE('',(#1585),#108,.F.);
#1752=ADVANCED_FACE('',(#1586),#1697,.F.);
#1753=ADVANCED_FACE('',(#1587),#109,.F.);
#1754=ADVANCED_FACE('',(#1588),#1698,.F.);
#1755=ADVANCED_FACE('',(#1589),#110,.F.);
#1756=ADVANCED_FACE('',(#1590),#1699,.T.);
#1757=ADVANCED_FACE('',(#1591),#111,.F.);
#1758=ADVANCED_FACE('',(#1592),#112,.F.);
#1759=ADVANCED_FACE('',(#1593),#1700,.F.);
#1760=ADVANCED_FACE('',(#1594),#113,.F.);
#1761=ADVANCED_FACE('',(#1595),#1701,.F.);
#1762=ADVANCED_FACE('',(#1596),#114,.F.);
#1763=ADVANCED_FACE('',(#1597),#1702,.T.);
#1764=ADVANCED_FACE('',(#1598),#115,.F.);
#1765=ADVANCED_FACE('',(#1599),#116,.F.);
#1766=ADVANCED_FACE('',(#1600),#1703,.F.);
#1767=ADVANCED_FACE('',(#1601),#117,.F.);
#1768=ADVANCED_FACE('',(#1602),#1704,.F.);
#1769=ADVANCED_FACE('',(#1603),#118,.F.);
#1770=ADVANCED_FACE('',(#1604),#1705,.T.);
#1771=ADVANCED_FACE('',(#1605),#119,.F.);
#1772=ADVANCED_FACE('',(#1606),#120,.F.);
#1773=ADVANCED_FACE('',(#1607),#1706,.F.);
#1774=ADVANCED_FACE('',(#1608),#121,.F.);
#1775=ADVANCED_FACE('',(#1609),#1707,.F.);
#1776=ADVANCED_FACE('',(#1610),#122,.F.);
#1777=ADVANCED_FACE('',(#1611),#1708,.T.);
#1778=ADVANCED_FACE('',(#1612),#123,.F.);
#1779=ADVANCED_FACE('',(#1613),#124,.F.);
#1780=ADVANCED_FACE('',(#1614),#1709,.F.);
#1781=ADVANCED_FACE('',(#1615),#125,.F.);
#1782=ADVANCED_FACE('',(#1616),#1710,.F.);
#1783=ADVANCED_FACE('',(#1617),#126,.F.);
#1784=ADVANCED_FACE('',(#1618),#1711,.T.);
#1785=ADVANCED_FACE('',(#1619),#127,.F.);
#1786=ADVANCED_FACE('',(#1620),#128,.F.);
#1787=ADVANCED_FACE('',(#1621),#1712,.F.);
#1788=ADVANCED_FACE('',(#1622),#129,.F.);
#1789=ADVANCED_FACE('',(#1623),#1713,.F.);
#1790=ADVANCED_FACE('',(#1624),#130,.F.);
#1791=ADVANCED_FACE('',(#1625),#1714,.T.);
#1792=ADVANCED_FACE('',(#1626),#131,.F.);
#1793=ADVANCED_FACE('',(#1627),#132,.F.);
#1794=ADVANCED_FACE('',(#1628),#1715,.F.);
#1795=ADVANCED_FACE('',(#1629),#133,.F.);
#1796=ADVANCED_FACE('',(#1630),#1716,.F.);
#1797=ADVANCED_FACE('',(#1631),#134,.F.);
#1798=ADVANCED_FACE('',(#1632),#1717,.T.);
#1799=ADVANCED_FACE('',(#1633),#135,.F.);
#1800=ADVANCED_FACE('',(#1634,#1635),#136,.F.);
#1801=ADVANCED_FACE('',(#1636,#1637),#137,.F.);
#1802=ADVANCED_FACE('',(#1638,#1639),#138,.F.);
#1803=ADVANCED_FACE('',(#1640),#1718,.T.);
#1804=ADVANCED_FACE('',(#1641),#1719,.T.);
#1805=ADVANCED_FACE('',(#1642),#1720,.T.);
#1806=ADVANCED_FACE('',(#1643),#1721,.T.);
#1807=ADVANCED_FACE('',(#1644),#1722,.T.);
#1808=ADVANCED_FACE('',(#1645),#1723,.T.);
#1809=ADVANCED_FACE('',(#1646),#1724,.T.);
#1810=ADVANCED_FACE('',(#1647),#1725,.T.);
#1811=ADVANCED_FACE('',(#1648),#1726,.T.);
#1812=ADVANCED_FACE('',(#1649),#1727,.T.);
#1813=ADVANCED_FACE('',(#1650,#1651),#139,.F.);
#1814=ADVANCED_FACE('',(#1652,#1653,#1654,#1655,#1656,#1657,#1658,#1659,
#1660,#1661,#1662,#1663,#1664,#1665),#1728,.T.);
#1815=ADVANCED_FACE('',(#1666,#1667,#1668,#1669,#1670,#1671,#1672,#1673,
#1674,#1675,#1676,#1677,#1678,#1679),#1729,.F.);
#1816=ADVANCED_FACE('',(#1680),#140,.T.);
#1817=ADVANCED_FACE('',(#1681),#141,.T.);
#1818=ADVANCED_FACE('',(#1682),#142,.T.);
#1819=ADVANCED_FACE('',(#1683),#143,.T.);
#1820=CLOSED_SHELL('',(#1730,#1731,#1732,#1733,#1734,#1735,#1736,#1737,
#1738,#1739,#1740,#1741,#1742,#1743,#1744,#1745,#1746,#1747,#1748,#1749,
#1750,#1751,#1752,#1753,#1754,#1755,#1756,#1757,#1758,#1759,#1760,#1761,
#1762,#1763,#1764,#1765,#1766,#1767,#1768,#1769,#1770,#1771,#1772,#1773,
#1774,#1775,#1776,#1777,#1778,#1779,#1780,#1781,#1782,#1783,#1784,#1785,
#1786,#1787,#1788,#1789,#1790,#1791,#1792,#1793,#1794,#1795,#1796,#1797,
#1798,#1799,#1800,#1801,#1802,#1803,#1804,#1805,#1806,#1807,#1808,#1809,
#1810,#1811,#1812,#1813,#1814,#1815,#1816,#1817,#1818,#1819));
#1821=STYLED_ITEM('',(#1822),#1829);
#1822=PRESENTATION_STYLE_ASSIGNMENT((#1823));
#1823=SURFACE_STYLE_USAGE(.BOTH.,#1824);
#1824=SURFACE_SIDE_STYLE('',(#1825));
#1825=SURFACE_STYLE_FILL_AREA(#1826);
#1826=FILL_AREA_STYLE('',(#1827));
#1827=FILL_AREA_STYLE_COLOUR('',#1828);
#1828=COLOUR_RGB('',0.615686274509804,0.811764705882353,0.929411764705882);
#1829=MANIFOLD_SOLID_BREP('Part 1',#1820);
#1830=SHAPE_DEFINITION_REPRESENTATION(#3074,#1831);
#1831=SHAPE_REPRESENTATION('Part 1',(#1832),#3069);
#1832=AXIS2_PLACEMENT_3D('',#2541,#2011,#2012);
#1833=AXIS2_PLACEMENT_3D('',#2542,#2013,#2014);
#1834=AXIS2_PLACEMENT_3D('',#2551,#2019,#2020);
#1835=AXIS2_PLACEMENT_3D('',#2557,#2024,#2025);
#1836=AXIS2_PLACEMENT_3D('',#2563,#2029,#2030);
#1837=AXIS2_PLACEMENT_3D('',#2569,#2034,#2035);
#1838=AXIS2_PLACEMENT_3D('',#2575,#2039,#2040);
#1839=AXIS2_PLACEMENT_3D('',#2584,#2045,#2046);
#1840=AXIS2_PLACEMENT_3D('',#2593,#2051,#2052);
#1841=AXIS2_PLACEMENT_3D('',#2594,#2053,#2054);
#1842=AXIS2_PLACEMENT_3D('',#2599,#2056,#2057);
#1843=AXIS2_PLACEMENT_3D('',#2602,#2059,#2060);
#1844=AXIS2_PLACEMENT_3D('',#2608,#2064,#2065);
#1845=AXIS2_PLACEMENT_3D('',#2609,#2066,#2067);
#1846=AXIS2_PLACEMENT_3D('',#2613,#2069,#2070);
#1847=AXIS2_PLACEMENT_3D('',#2614,#2071,#2072);
#1848=AXIS2_PLACEMENT_3D('',#2620,#2076,#2077);
#1849=AXIS2_PLACEMENT_3D('',#2621,#2078,#2079);
#1850=AXIS2_PLACEMENT_3D('',#2625,#2081,#2082);
#1851=AXIS2_PLACEMENT_3D('',#2626,#2083,#2084);
#1852=AXIS2_PLACEMENT_3D('',#2632,#2088,#2089);
#1853=AXIS2_PLACEMENT_3D('',#2633,#2090,#2091);
#1854=AXIS2_PLACEMENT_3D('',#2637,#2093,#2094);
#1855=AXIS2_PLACEMENT_3D('',#2638,#2095,#2096);
#1856=AXIS2_PLACEMENT_3D('',#2639,#2097,#2098);
#1857=AXIS2_PLACEMENT_3D('',#2644,#2100,#2101);
#1858=AXIS2_PLACEMENT_3D('',#2647,#2103,#2104);
#1859=AXIS2_PLACEMENT_3D('',#2653,#2108,#2109);
#1860=AXIS2_PLACEMENT_3D('',#2654,#2110,#2111);
#1861=AXIS2_PLACEMENT_3D('',#2658,#2113,#2114);
#1862=AXIS2_PLACEMENT_3D('',#2659,#2115,#2116);
#1863=AXIS2_PLACEMENT_3D('',#2665,#2120,#2121);
#1864=AXIS2_PLACEMENT_3D('',#2666,#2122,#2123);
#1865=AXIS2_PLACEMENT_3D('',#2670,#2125,#2126);
#1866=AXIS2_PLACEMENT_3D('',#2671,#2127,#2128);
#1867=AXIS2_PLACEMENT_3D('',#2677,#2132,#2133);
#1868=AXIS2_PLACEMENT_3D('',#2678,#2134,#2135);
#1869=AXIS2_PLACEMENT_3D('',#2682,#2137,#2138);
#1870=AXIS2_PLACEMENT_3D('',#2683,#2139,#2140);
#1871=AXIS2_PLACEMENT_3D('',#2684,#2141,#2142);
#1872=AXIS2_PLACEMENT_3D('',#2689,#2144,#2145);
#1873=AXIS2_PLACEMENT_3D('',#2692,#2147,#2148);
#1874=AXIS2_PLACEMENT_3D('',#2698,#2152,#2153);
#1875=AXIS2_PLACEMENT_3D('',#2699,#2154,#2155);
#1876=AXIS2_PLACEMENT_3D('',#2703,#2157,#2158);
#1877=AXIS2_PLACEMENT_3D('',#2704,#2159,#2160);
#1878=AXIS2_PLACEMENT_3D('',#2710,#2164,#2165);
#1879=AXIS2_PLACEMENT_3D('',#2711,#2166,#2167);
#1880=AXIS2_PLACEMENT_3D('',#2715,#2169,#2170);
#1881=AXIS2_PLACEMENT_3D('',#2716,#2171,#2172);
#1882=AXIS2_PLACEMENT_3D('',#2722,#2176,#2177);
#1883=AXIS2_PLACEMENT_3D('',#2723,#2178,#2179);
#1884=AXIS2_PLACEMENT_3D('',#2727,#2181,#2182);
#1885=AXIS2_PLACEMENT_3D('',#2728,#2183,#2184);
#1886=AXIS2_PLACEMENT_3D('',#2729,#2185,#2186);
#1887=AXIS2_PLACEMENT_3D('',#2734,#2188,#2189);
#1888=AXIS2_PLACEMENT_3D('',#2737,#2191,#2192);
#1889=AXIS2_PLACEMENT_3D('',#2743,#2196,#2197);
#1890=AXIS2_PLACEMENT_3D('',#2744,#2198,#2199);
#1891=AXIS2_PLACEMENT_3D('',#2748,#2201,#2202);
#1892=AXIS2_PLACEMENT_3D('',#2749,#2203,#2204);
#1893=AXIS2_PLACEMENT_3D('',#2755,#2208,#2209);
#1894=AXIS2_PLACEMENT_3D('',#2756,#2210,#2211);
#1895=AXIS2_PLACEMENT_3D('',#2760,#2213,#2214);
#1896=AXIS2_PLACEMENT_3D('',#2761,#2215,#2216);
#1897=AXIS2_PLACEMENT_3D('',#2767,#2220,#2221);
#1898=AXIS2_PLACEMENT_3D('',#2768,#2222,#2223);
#1899=AXIS2_PLACEMENT_3D('',#2772,#2225,#2226);
#1900=AXIS2_PLACEMENT_3D('',#2773,#2227,#2228);
#1901=AXIS2_PLACEMENT_3D('',#2774,#2229,#2230);
#1902=AXIS2_PLACEMENT_3D('',#2779,#2232,#2233);
#1903=AXIS2_PLACEMENT_3D('',#2782,#2235,#2236);
#1904=AXIS2_PLACEMENT_3D('',#2788,#2240,#2241);
#1905=AXIS2_PLACEMENT_3D('',#2789,#2242,#2243);
#1906=AXIS2_PLACEMENT_3D('',#2793,#2245,#2246);
#1907=AXIS2_PLACEMENT_3D('',#2794,#2247,#2248);
#1908=AXIS2_PLACEMENT_3D('',#2800,#2252,#2253);
#1909=AXIS2_PLACEMENT_3D('',#2801,#2254,#2255);
#1910=AXIS2_PLACEMENT_3D('',#2805,#2257,#2258);
#1911=AXIS2_PLACEMENT_3D('',#2806,#2259,#2260);
#1912=AXIS2_PLACEMENT_3D('',#2812,#2264,#2265);
#1913=AXIS2_PLACEMENT_3D('',#2813,#2266,#2267);
#1914=AXIS2_PLACEMENT_3D('',#2817,#2269,#2270);
#1915=AXIS2_PLACEMENT_3D('',#2818,#2271,#2272);
#1916=AXIS2_PLACEMENT_3D('',#2819,#2273,#2274);
#1917=AXIS2_PLACEMENT_3D('',#2824,#2276,#2277);
#1918=AXIS2_PLACEMENT_3D('',#2827,#2279,#2280);
#1919=AXIS2_PLACEMENT_3D('',#2833,#2284,#2285);
#1920=AXIS2_PLACEMENT_3D('',#2834,#2286,#2287);
#1921=AXIS2_PLACEMENT_3D('',#2838,#2289,#2290);
#1922=AXIS2_PLACEMENT_3D('',#2839,#2291,#2292);
#1923=AXIS2_PLACEMENT_3D('',#2845,#2296,#2297);
#1924=AXIS2_PLACEMENT_3D('',#2846,#2298,#2299);
#1925=AXIS2_PLACEMENT_3D('',#2850,#2301,#2302);
#1926=AXIS2_PLACEMENT_3D('',#2851,#2303,#2304);
#1927=AXIS2_PLACEMENT_3D('',#2857,#2308,#2309);
#1928=AXIS2_PLACEMENT_3D('',#2858,#2310,#2311);
#1929=AXIS2_PLACEMENT_3D('',#2862,#2313,#2314);
#1930=AXIS2_PLACEMENT_3D('',#2863,#2315,#2316);
#1931=AXIS2_PLACEMENT_3D('',#2864,#2317,#2318);
#1932=AXIS2_PLACEMENT_3D('',#2869,#2320,#2321);
#1933=AXIS2_PLACEMENT_3D('',#2872,#2323,#2324);
#1934=AXIS2_PLACEMENT_3D('',#2878,#2328,#2329);
#1935=AXIS2_PLACEMENT_3D('',#2879,#2330,#2331);
#1936=AXIS2_PLACEMENT_3D('',#2883,#2333,#2334);
#1937=AXIS2_PLACEMENT_3D('',#2884,#2335,#2336);
#1938=AXIS2_PLACEMENT_3D('',#2890,#2340,#2341);
#1939=AXIS2_PLACEMENT_3D('',#2891,#2342,#2343);
#1940=AXIS2_PLACEMENT_3D('',#2895,#2345,#2346);
#1941=AXIS2_PLACEMENT_3D('',#2896,#2347,#2348);
#1942=AXIS2_PLACEMENT_3D('',#2902,#2352,#2353);
#1943=AXIS2_PLACEMENT_3D('',#2903,#2354,#2355);
#1944=AXIS2_PLACEMENT_3D('',#2907,#2357,#2358);
#1945=AXIS2_PLACEMENT_3D('',#2908,#2359,#2360);
#1946=AXIS2_PLACEMENT_3D('',#2909,#2361,#2362);
#1947=AXIS2_PLACEMENT_3D('',#2914,#2364,#2365);
#1948=AXIS2_PLACEMENT_3D('',#2917,#2367,#2368);
#1949=AXIS2_PLACEMENT_3D('',#2923,#2372,#2373);
#1950=AXIS2_PLACEMENT_3D('',#2924,#2374,#2375);
#1951=AXIS2_PLACEMENT_3D('',#2928,#2377,#2378);
#1952=AXIS2_PLACEMENT_3D('',#2929,#2379,#2380);
#1953=AXIS2_PLACEMENT_3D('',#2935,#2384,#2385);
#1954=AXIS2_PLACEMENT_3D('',#2936,#2386,#2387);
#1955=AXIS2_PLACEMENT_3D('',#2940,#2389,#2390);
#1956=AXIS2_PLACEMENT_3D('',#2941,#2391,#2392);
#1957=AXIS2_PLACEMENT_3D('',#2947,#2396,#2397);
#1958=AXIS2_PLACEMENT_3D('',#2948,#2398,#2399);
#1959=AXIS2_PLACEMENT_3D('',#2952,#2401,#2402);
#1960=AXIS2_PLACEMENT_3D('',#2953,#2403,#2404);
#1961=AXIS2_PLACEMENT_3D('',#2954,#2405,#2406);
#1962=AXIS2_PLACEMENT_3D('',#2959,#2408,#2409);
#1963=AXIS2_PLACEMENT_3D('',#2962,#2411,#2412);
#1964=AXIS2_PLACEMENT_3D('',#2968,#2416,#2417);
#1965=AXIS2_PLACEMENT_3D('',#2969,#2418,#2419);
#1966=AXIS2_PLACEMENT_3D('',#2973,#2421,#2422);
#1967=AXIS2_PLACEMENT_3D('',#2974,#2423,#2424);
#1968=AXIS2_PLACEMENT_3D('',#2980,#2428,#2429);
#1969=AXIS2_PLACEMENT_3D('',#2981,#2430,#2431);
#1970=AXIS2_PLACEMENT_3D('',#2985,#2433,#2434);
#1971=AXIS2_PLACEMENT_3D('',#2986,#2435,#2436);
#1972=AXIS2_PLACEMENT_3D('',#2992,#2440,#2441);
#1973=AXIS2_PLACEMENT_3D('',#2993,#2442,#2443);
#1974=AXIS2_PLACEMENT_3D('',#2997,#2445,#2446);
#1975=AXIS2_PLACEMENT_3D('',#2998,#2447,#2448);
#1976=AXIS2_PLACEMENT_3D('',#2999,#2449,#2450);
#1977=AXIS2_PLACEMENT_3D('',#3001,#2451,#2452);
#1978=AXIS2_PLACEMENT_3D('',#3003,#2453,#2454);
#1979=AXIS2_PLACEMENT_3D('',#3004,#2455,#2456);
#1980=AXIS2_PLACEMENT_3D('',#3006,#2457,#2458);
#1981=AXIS2_PLACEMENT_3D('',#3008,#2459,#2460);
#1982=AXIS2_PLACEMENT_3D('',#3009,#2461,#2462);
#1983=AXIS2_PLACEMENT_3D('',#3011,#2463,#2464);
#1984=AXIS2_PLACEMENT_3D('',#3013,#2465,#2466);
#1985=AXIS2_PLACEMENT_3D('',#3022,#2471,#2472);
#1986=AXIS2_PLACEMENT_3D('',#3025,#2475,#2476);
#1987=AXIS2_PLACEMENT_3D('',#3028,#2479,#2480);
#1988=AXIS2_PLACEMENT_3D('',#3031,#2483,#2484);
#1989=AXIS2_PLACEMENT_3D('',#3034,#2487,#2488);
#1990=AXIS2_PLACEMENT_3D('',#3037,#2491,#2492);
#1991=AXIS2_PLACEMENT_3D('',#3040,#2495,#2496);
#1992=AXIS2_PLACEMENT_3D('',#3043,#2499,#2500);
#1993=AXIS2_PLACEMENT_3D('',#3046,#2503,#2504);
#1994=AXIS2_PLACEMENT_3D('',#3049,#2507,#2508);
#1995=AXIS2_PLACEMENT_3D('',#3050,#2509,#2510);
#1996=AXIS2_PLACEMENT_3D('',#3052,#2511,#2512);
#1997=AXIS2_PLACEMENT_3D('',#3054,#2513,#2514);
#1998=AXIS2_PLACEMENT_3D('',#3055,#2515,#2516);
#1999=AXIS2_PLACEMENT_3D('',#3056,#2517,#2518);
#2000=AXIS2_PLACEMENT_3D('',#3057,#2519,#2520);
#2001=AXIS2_PLACEMENT_3D('',#3058,#2521,#2522);
#2002=AXIS2_PLACEMENT_3D('',#3059,#2523,#2524);
#2003=AXIS2_PLACEMENT_3D('',#3060,#2525,#2526);
#2004=AXIS2_PLACEMENT_3D('',#3061,#2527,#2528);
#2005=AXIS2_PLACEMENT_3D('',#3062,#2529,#2530);
#2006=AXIS2_PLACEMENT_3D('',#3063,#2531,#2532);
#2007=AXIS2_PLACEMENT_3D('',#3064,#2533,#2534);
#2008=AXIS2_PLACEMENT_3D('',#3065,#2535,#2536);
#2009=AXIS2_PLACEMENT_3D('',#3066,#2537,#2538);
#2010=AXIS2_PLACEMENT_3D('',#3067,#2539,#2540);
#2011=DIRECTION('',(0.,0.,1.));
#2012=DIRECTION('',(1.,0.,0.));
#2013=DIRECTION('',(0.,1.,0.));
#2014=DIRECTION('',(0.,0.,1.));
#2015=DIRECTION('',(1.,0.,0.));
#2016=DIRECTION('',(0.,0.,-1.));
#2017=DIRECTION('',(1.,0.,0.));
#2018=DIRECTION('',(0.,0.,-1.));
#2019=DIRECTION('',(1.,0.,0.));
#2020=DIRECTION('',(0.,0.,-1.));
#2021=DIRECTION('',(0.,-1.,0.));
#2022=DIRECTION('',(0.,0.,-1.));
#2023=DIRECTION('',(0.,-1.,0.));
#2024=DIRECTION('',(0.,1.,0.));
#2025=DIRECTION('',(0.,0.,1.));
#2026=DIRECTION('',(1.,0.,0.));
#2027=DIRECTION('',(0.,0.,-1.));
#2028=DIRECTION('',(1.,0.,0.));
#2029=DIRECTION('',(1.,0.,0.));
#2030=DIRECTION('',(0.,0.,-1.));
#2031=DIRECTION('',(0.,-1.,0.));
#2032=DIRECTION('',(0.,0.,-1.));
#2033=DIRECTION('',(0.,-1.,0.));
#2034=DIRECTION('',(0.,1.,0.));
#2035=DIRECTION('',(0.,0.,1.));
#2036=DIRECTION('',(1.,0.,0.));
#2037=DIRECTION('',(0.,0.,-1.));
#2038=DIRECTION('',(1.,0.,0.));
#2039=DIRECTION('',(1.,0.,0.));
#2040=DIRECTION('',(0.,0.,-1.));
#2041=DIRECTION('',(0.,-1.,0.));
#2042=DIRECTION('',(0.,0.,-1.));
#2043=DIRECTION('',(0.,-1.,0.));
#2044=DIRECTION('',(0.,0.,-1.));
#2045=DIRECTION('',(0.,1.,0.));
#2046=DIRECTION('',(0.,0.,1.));
#2047=DIRECTION('',(1.,0.,0.));
#2048=DIRECTION('',(0.,0.,-1.));
#2049=DIRECTION('',(1.,0.,0.));
#2050=DIRECTION('',(0.,0.,-1.));
#2051=DIRECTION('',(0.,0.,-1.));
#2052=DIRECTION('',(-1.,0.,0.));
#2053=DIRECTION('',(0.,0.,1.));
#2054=DIRECTION('',(1.,0.,0.));
#2055=DIRECTION('',(0.,0.,-1.));
#2056=DIRECTION('',(0.,0.,1.));
#2057=DIRECTION('',(1.,0.,0.));
#2058=DIRECTION('',(0.,0.,-1.));
#2059=DIRECTION('',(0.,1.,0.));
#2060=DIRECTION('',(0.,0.,1.));
#2061=DIRECTION('',(1.,0.,0.));
#2062=DIRECTION('',(0.,0.,-1.));
#2063=DIRECTION('',(1.,0.,0.));
#2064=DIRECTION('',(0.,0.,-1.));
#2065=DIRECTION('',(-1.,0.,0.));
#2066=DIRECTION('',(0.,0.,1.));
#2067=DIRECTION('',(1.,0.,0.));
#2068=DIRECTION('',(0.,0.,-1.));
#2069=DIRECTION('',(0.,0.,1.));
#2070=DIRECTION('',(1.,0.,0.));
#2071=DIRECTION('',(1.,0.,0.));
#2072=DIRECTION('',(0.,0.,-1.));
#2073=DIRECTION('',(0.,-1.,0.));
#2074=DIRECTION('',(0.,0.,-1.));
#2075=DIRECTION('',(0.,-1.,0.));
#2076=DIRECTION('',(0.,0.,-1.));
#2077=DIRECTION('',(-1.,0.,0.));
#2078=DIRECTION('',(0.,0.,1.));
#2079=DIRECTION('',(1.,0.,0.));
#2080=DIRECTION('',(0.,0.,-1.));
#2081=DIRECTION('',(0.,0.,1.));
#2082=DIRECTION('',(1.,0.,0.));
#2083=DIRECTION('',(0.,1.,0.));
#2084=DIRECTION('',(0.,0.,1.));
#2085=DIRECTION('',(1.,0.,0.));
#2086=DIRECTION('',(0.,0.,-1.));
#2087=DIRECTION('',(1.,0.,0.));
#2088=DIRECTION('',(0.,0.,-1.));
#2089=DIRECTION('',(-1.,0.,0.));
#2090=DIRECTION('',(0.,0.,1.));
#2091=DIRECTION('',(1.,0.,0.));
#2092=DIRECTION('',(0.,0.,-1.));
#2093=DIRECTION('',(0.,0.,1.));
#2094=DIRECTION('',(1.,0.,0.));
#2095=DIRECTION('',(0.,0.,-1.));
#2096=DIRECTION('',(-1.,0.,0.));
#2097=DIRECTION('',(0.,0.,1.));
#2098=DIRECTION('',(1.,0.,0.));
#2099=DIRECTION('',(0.,0.,-1.));
#2100=DIRECTION('',(0.,0.,1.));
#2101=DIRECTION('',(1.,0.,0.));
#2102=DIRECTION('',(0.,0.,-1.));
#2103=DIRECTION('',(0.,1.,0.));
#2104=DIRECTION('',(0.,0.,1.));
#2105=DIRECTION('',(1.,0.,0.));
#2106=DIRECTION('',(0.,0.,-1.));
#2107=DIRECTION('',(1.,0.,0.));
#2108=DIRECTION('',(0.,0.,-1.));
#2109=DIRECTION('',(-1.,0.,0.));
#2110=DIRECTION('',(0.,0.,1.));
#2111=DIRECTION('',(1.,0.,0.));
#2112=DIRECTION('',(0.,0.,-1.));
#2113=DIRECTION('',(0.,0.,1.));
#2114=DIRECTION('',(1.,0.,0.));
#2115=DIRECTION('',(1.,0.,0.));
#2116=DIRECTION('',(0.,0.,-1.));
#2117=DIRECTION('',(0.,-1.,0.));
#2118=DIRECTION('',(0.,0.,-1.));
#2119=DIRECTION('',(0.,-1.,0.));
#2120=DIRECTION('',(0.,0.,-1.));
#2121=DIRECTION('',(-1.,0.,0.));
#2122=DIRECTION('',(0.,0.,1.));
#2123=DIRECTION('',(1.,0.,0.));
#2124=DIRECTION('',(0.,0.,-1.));
#2125=DIRECTION('',(0.,0.,1.));
#2126=DIRECTION('',(1.,0.,0.));
#2127=DIRECTION('',(0.,1.,0.));
#2128=DIRECTION('',(0.,0.,1.));
#2129=DIRECTION('',(1.,0.,0.));
#2130=DIRECTION('',(0.,0.,-1.));
#2131=DIRECTION('',(1.,0.,0.));
#2132=DIRECTION('',(0.,0.,-1.));
#2133=DIRECTION('',(-1.,0.,0.));
#2134=DIRECTION('',(0.,0.,1.));
#2135=DIRECTION('',(1.,0.,0.));
#2136=DIRECTION('',(0.,0.,-1.));
#2137=DIRECTION('',(0.,0.,1.));
#2138=DIRECTION('',(1.,0.,0.));
#2139=DIRECTION('',(0.,0.,-1.));
#2140=DIRECTION('',(-1.,0.,0.));
#2141=DIRECTION('',(0.,0.,1.));
#2142=DIRECTION('',(1.,0.,0.));
#2143=DIRECTION('',(0.,0.,-1.));
#2144=DIRECTION('',(0.,0.,1.));
#2145=DIRECTION('',(1.,0.,0.));
#2146=DIRECTION('',(0.,0.,-1.));
#2147=DIRECTION('',(0.,1.,0.));
#2148=DIRECTION('',(0.,0.,1.));
#2149=DIRECTION('',(1.,0.,0.));
#2150=DIRECTION('',(0.,0.,-1.));
#2151=DIRECTION('',(1.,0.,0.));
#2152=DIRECTION('',(0.,0.,-1.));
#2153=DIRECTION('',(-1.,0.,0.));
#2154=DIRECTION('',(0.,0.,1.));
#2155=DIRECTION('',(1.,0.,0.));
#2156=DIRECTION('',(0.,0.,-1.));
#2157=DIRECTION('',(0.,0.,1.));
#2158=DIRECTION('',(1.,0.,0.));
#2159=DIRECTION('',(1.,0.,0.));
#2160=DIRECTION('',(0.,0.,-1.));
#2161=DIRECTION('',(0.,-1.,0.));
#2162=DIRECTION('',(0.,0.,-1.));
#2163=DIRECTION('',(0.,-1.,0.));
#2164=DIRECTION('',(0.,0.,-1.));
#2165=DIRECTION('',(-1.,0.,0.));
#2166=DIRECTION('',(0.,0.,1.));
#2167=DIRECTION('',(1.,0.,0.));
#2168=DIRECTION('',(0.,0.,-1.));
#2169=DIRECTION('',(0.,0.,1.));
#2170=DIRECTION('',(1.,0.,0.));
#2171=DIRECTION('',(0.,1.,0.));
#2172=DIRECTION('',(0.,0.,1.));
#2173=DIRECTION('',(1.,0.,0.));
#2174=DIRECTION('',(0.,0.,-1.));
#2175=DIRECTION('',(1.,0.,0.));
#2176=DIRECTION('',(0.,0.,-1.));
#2177=DIRECTION('',(-1.,0.,0.));
#2178=DIRECTION('',(0.,0.,1.));
#2179=DIRECTION('',(1.,0.,0.));
#2180=DIRECTION('',(0.,0.,-1.));
#2181=DIRECTION('',(0.,0.,1.));
#2182=DIRECTION('',(1.,0.,0.));
#2183=DIRECTION('',(0.,0.,-1.));
#2184=DIRECTION('',(-1.,0.,0.));
#2185=DIRECTION('',(0.,0.,1.));
#2186=DIRECTION('',(1.,0.,0.));
#2187=DIRECTION('',(0.,0.,-1.));
#2188=DIRECTION('',(0.,0.,1.));
#2189=DIRECTION('',(1.,0.,0.));
#2190=DIRECTION('',(0.,0.,-1.));
#2191=DIRECTION('',(0.,1.,0.));
#2192=DIRECTION('',(0.,0.,1.));
#2193=DIRECTION('',(1.,0.,0.));
#2194=DIRECTION('',(0.,0.,-1.));
#2195=DIRECTION('',(1.,0.,0.));
#2196=DIRECTION('',(0.,0.,-1.));
#2197=DIRECTION('',(-1.,0.,0.));
#2198=DIRECTION('',(0.,0.,1.));
#2199=DIRECTION('',(1.,0.,0.));
#2200=DIRECTION('',(0.,0.,-1.));
#2201=DIRECTION('',(0.,0.,1.));
#2202=DIRECTION('',(1.,0.,0.));
#2203=DIRECTION('',(1.,0.,0.));
#2204=DIRECTION('',(0.,0.,-1.));
#2205=DIRECTION('',(0.,-1.,0.));
#2206=DIRECTION('',(0.,0.,-1.));
#2207=DIRECTION('',(0.,-1.,0.));
#2208=DIRECTION('',(0.,0.,-1.));
#2209=DIRECTION('',(-1.,0.,0.));
#2210=DIRECTION('',(0.,0.,1.));
#2211=DIRECTION('',(1.,0.,0.));
#2212=DIRECTION('',(0.,0.,-1.));
#2213=DIRECTION('',(0.,0.,1.));
#2214=DIRECTION('',(1.,0.,0.));
#2215=DIRECTION('',(0.,1.,0.));
#2216=DIRECTION('',(0.,0.,1.));
#2217=DIRECTION('',(1.,0.,0.));
#2218=DIRECTION('',(0.,0.,-1.));
#2219=DIRECTION('',(1.,0.,0.));
#2220=DIRECTION('',(0.,0.,-1.));
#2221=DIRECTION('',(-1.,0.,0.));
#2222=DIRECTION('',(0.,0.,1.));
#2223=DIRECTION('',(1.,0.,0.));
#2224=DIRECTION('',(0.,0.,-1.));
#2225=DIRECTION('',(0.,0.,1.));
#2226=DIRECTION('',(1.,0.,0.));
#2227=DIRECTION('',(0.,0.,-1.));
#2228=DIRECTION('',(-1.,0.,0.));
#2229=DIRECTION('',(0.,0.,1.));
#2230=DIRECTION('',(1.,0.,0.));
#2231=DIRECTION('',(0.,0.,-1.));
#2232=DIRECTION('',(0.,0.,1.));
#2233=DIRECTION('',(1.,0.,0.));
#2234=DIRECTION('',(0.,0.,-1.));
#2235=DIRECTION('',(0.,1.,0.));
#2236=DIRECTION('',(0.,0.,1.));
#2237=DIRECTION('',(1.,0.,0.));
#2238=DIRECTION('',(0.,0.,-1.));
#2239=DIRECTION('',(1.,0.,0.));
#2240=DIRECTION('',(0.,0.,-1.));
#2241=DIRECTION('',(-1.,0.,0.));
#2242=DIRECTION('',(0.,0.,1.));
#2243=DIRECTION('',(1.,0.,0.));
#2244=DIRECTION('',(0.,0.,-1.));
#2245=DIRECTION('',(0.,0.,1.));
#2246=DIRECTION('',(1.,0.,0.));
#2247=DIRECTION('',(1.,0.,0.));
#2248=DIRECTION('',(0.,0.,-1.));
#2249=DIRECTION('',(0.,-1.,0.));
#2250=DIRECTION('',(0.,0.,-1.));
#2251=DIRECTION('',(0.,-1.,0.));
#2252=DIRECTION('',(0.,0.,-1.));
#2253=DIRECTION('',(-1.,0.,0.));
#2254=DIRECTION('',(0.,0.,1.));
#2255=DIRECTION('',(1.,0.,0.));
#2256=DIRECTION('',(0.,0.,-1.));
#2257=DIRECTION('',(0.,0.,1.));
#2258=DIRECTION('',(1.,0.,0.));
#2259=DIRECTION('',(0.,1.,0.));
#2260=DIRECTION('',(0.,0.,1.));
#2261=DIRECTION('',(1.,0.,0.));
#2262=DIRECTION('',(0.,0.,-1.));
#2263=DIRECTION('',(1.,0.,0.));
#2264=DIRECTION('',(0.,0.,-1.));
#2265=DIRECTION('',(-1.,0.,0.));
#2266=DIRECTION('',(0.,0.,1.));
#2267=DIRECTION('',(1.,0.,0.));
#2268=DIRECTION('',(0.,0.,-1.));
#2269=DIRECTION('',(0.,0.,1.));
#2270=DIRECTION('',(1.,0.,0.));
#2271=DIRECTION('',(0.,0.,-1.));
#2272=DIRECTION('',(-1.,0.,0.));
#2273=DIRECTION('',(0.,0.,1.));
#2274=DIRECTION('',(1.,0.,0.));
#2275=DIRECTION('',(0.,0.,-1.));
#2276=DIRECTION('',(0.,0.,1.));
#2277=DIRECTION('',(1.,0.,0.));
#2278=DIRECTION('',(0.,0.,-1.));
#2279=DIRECTION('',(0.,1.,0.));
#2280=DIRECTION('',(0.,0.,1.));
#2281=DIRECTION('',(1.,0.,0.));
#2282=DIRECTION('',(0.,0.,-1.));
#2283=DIRECTION('',(1.,0.,0.));
#2284=DIRECTION('',(0.,0.,-1.));
#2285=DIRECTION('',(-1.,0.,0.));
#2286=DIRECTION('',(0.,0.,1.));
#2287=DIRECTION('',(1.,0.,0.));
#2288=DIRECTION('',(0.,0.,-1.));
#2289=DIRECTION('',(0.,0.,1.));
#2290=DIRECTION('',(1.,0.,0.));
#2291=DIRECTION('',(1.,0.,0.));
#2292=DIRECTION('',(0.,0.,-1.));
#2293=DIRECTION('',(0.,-1.,0.));
#2294=DIRECTION('',(0.,0.,-1.));
#2295=DIRECTION('',(0.,-1.,0.));
#2296=DIRECTION('',(0.,0.,-1.));
#2297=DIRECTION('',(-1.,0.,0.));
#2298=DIRECTION('',(0.,0.,1.));
#2299=DIRECTION('',(1.,0.,0.));
#2300=DIRECTION('',(0.,0.,-1.));
#2301=DIRECTION('',(0.,0.,1.));
#2302=DIRECTION('',(1.,0.,0.));
#2303=DIRECTION('',(0.,1.,0.));
#2304=DIRECTION('',(0.,0.,1.));
#2305=DIRECTION('',(1.,0.,0.));
#2306=DIRECTION('',(0.,0.,-1.));
#2307=DIRECTION('',(1.,0.,0.));
#2308=DIRECTION('',(0.,0.,-1.));
#2309=DIRECTION('',(-1.,0.,0.));
#2310=DIRECTION('',(0.,0.,1.));
#2311=DIRECTION('',(1.,0.,0.));
#2312=DIRECTION('',(0.,0.,-1.));
#2313=DIRECTION('',(0.,0.,1.));
#2314=DIRECTION('',(1.,0.,0.));
#2315=DIRECTION('',(0.,0.,-1.));
#2316=DIRECTION('',(-1.,0.,0.));
#2317=DIRECTION('',(0.,0.,1.));
#2318=DIRECTION('',(1.,0.,0.));
#2319=DIRECTION('',(0.,0.,-1.));
#2320=DIRECTION('',(0.,0.,1.));
#2321=DIRECTION('',(1.,0.,0.));
#2322=DIRECTION('',(0.,0.,-1.));
#2323=DIRECTION('',(0.,1.,0.));
#2324=DIRECTION('',(0.,0.,1.));
#2325=DIRECTION('',(1.,0.,0.));
#2326=DIRECTION('',(0.,0.,-1.));
#2327=DIRECTION('',(1.,0.,0.));
#2328=DIRECTION('',(0.,0.,-1.));
#2329=DIRECTION('',(-1.,0.,0.));
#2330=DIRECTION('',(0.,0.,1.));
#2331=DIRECTION('',(1.,0.,0.));
#2332=DIRECTION('',(0.,0.,-1.));
#2333=DIRECTION('',(0.,0.,1.));
#2334=DIRECTION('',(1.,0.,0.));
#2335=DIRECTION('',(1.,0.,0.));
#2336=DIRECTION('',(0.,0.,-1.));
#2337=DIRECTION('',(0.,-1.,0.));
#2338=DIRECTION('',(0.,0.,-1.));
#2339=DIRECTION('',(0.,-1.,0.));
#2340=DIRECTION('',(0.,0.,-1.));
#2341=DIRECTION('',(-1.,0.,0.));
#2342=DIRECTION('',(0.,0.,1.));
#2343=DIRECTION('',(1.,0.,0.));
#2344=DIRECTION('',(0.,0.,-1.));
#2345=DIRECTION('',(0.,0.,1.));
#2346=DIRECTION('',(1.,0.,0.));
#2347=DIRECTION('',(0.,1.,0.));
#2348=DIRECTION('',(0.,0.,1.));
#2349=DIRECTION('',(1.,0.,0.));
#2350=DIRECTION('',(0.,0.,-1.));
#2351=DIRECTION('',(1.,0.,0.));
#2352=DIRECTION('',(0.,0.,-1.));
#2353=DIRECTION('',(-1.,0.,0.));
#2354=DIRECTION('',(0.,0.,1.));
#2355=DIRECTION('',(1.,0.,0.));
#2356=DIRECTION('',(0.,0.,-1.));
#2357=DIRECTION('',(0.,0.,1.));
#2358=DIRECTION('',(1.,0.,0.));
#2359=DIRECTION('',(0.,0.,-1.));
#2360=DIRECTION('',(-1.,0.,0.));
#2361=DIRECTION('',(0.,0.,1.));
#2362=DIRECTION('',(1.,0.,0.));
#2363=DIRECTION('',(0.,0.,-1.));
#2364=DIRECTION('',(0.,0.,1.));
#2365=DIRECTION('',(1.,0.,0.));
#2366=DIRECTION('',(0.,0.,-1.));
#2367=DIRECTION('',(0.,1.,0.));
#2368=DIRECTION('',(0.,0.,1.));
#2369=DIRECTION('',(1.,0.,0.));
#2370=DIRECTION('',(0.,0.,-1.));
#2371=DIRECTION('',(1.,0.,0.));
#2372=DIRECTION('',(0.,0.,-1.));
#2373=DIRECTION('',(-1.,0.,0.));
#2374=DIRECTION('',(0.,0.,1.));
#2375=DIRECTION('',(1.,0.,0.));
#2376=DIRECTION('',(0.,0.,-1.));
#2377=DIRECTION('',(0.,0.,1.));
#2378=DIRECTION('',(1.,0.,0.));
#2379=DIRECTION('',(1.,0.,0.));
#2380=DIRECTION('',(0.,0.,-1.));
#2381=DIRECTION('',(0.,-1.,0.));
#2382=DIRECTION('',(0.,0.,-1.));
#2383=DIRECTION('',(0.,-1.,0.));
#2384=DIRECTION('',(0.,0.,-1.));
#2385=DIRECTION('',(-1.,0.,0.));
#2386=DIRECTION('',(0.,0.,1.));
#2387=DIRECTION('',(1.,0.,0.));
#2388=DIRECTION('',(0.,0.,-1.));
#2389=DIRECTION('',(0.,0.,1.));
#2390=DIRECTION('',(1.,0.,0.));
#2391=DIRECTION('',(0.,1.,0.));
#2392=DIRECTION('',(0.,0.,1.));
#2393=DIRECTION('',(1.,0.,0.));
#2394=DIRECTION('',(0.,0.,-1.));
#2395=DIRECTION('',(1.,0.,0.));
#2396=DIRECTION('',(0.,0.,-1.));
#2397=DIRECTION('',(-1.,0.,0.));
#2398=DIRECTION('',(0.,0.,1.));
#2399=DIRECTION('',(1.,0.,0.));
#2400=DIRECTION('',(0.,0.,-1.));
#2401=DIRECTION('',(0.,0.,1.));
#2402=DIRECTION('',(1.,0.,0.));
#2403=DIRECTION('',(0.,0.,-1.));
#2404=DIRECTION('',(-1.,0.,0.));
#2405=DIRECTION('',(0.,0.,1.));
#2406=DIRECTION('',(1.,0.,0.));
#2407=DIRECTION('',(0.,0.,-1.));
#2408=DIRECTION('',(0.,0.,1.));
#2409=DIRECTION('',(1.,0.,0.));
#2410=DIRECTION('',(0.,0.,-1.));
#2411=DIRECTION('',(0.,1.,0.));
#2412=DIRECTION('',(0.,0.,1.));
#2413=DIRECTION('',(1.,0.,0.));
#2414=DIRECTION('',(0.,0.,-1.));
#2415=DIRECTION('',(1.,0.,0.));
#2416=DIRECTION('',(0.,0.,-1.));
#2417=DIRECTION('',(-1.,0.,0.));
#2418=DIRECTION('',(0.,0.,1.));
#2419=DIRECTION('',(1.,0.,0.));
#2420=DIRECTION('',(0.,0.,-1.));
#2421=DIRECTION('',(0.,0.,1.));
#2422=DIRECTION('',(1.,0.,0.));
#2423=DIRECTION('',(1.,0.,0.));
#2424=DIRECTION('',(0.,0.,-1.));
#2425=DIRECTION('',(0.,-1.,0.));
#2426=DIRECTION('',(0.,0.,-1.));
#2427=DIRECTION('',(0.,-1.,0.));
#2428=DIRECTION('',(0.,0.,-1.));
#2429=DIRECTION('',(-1.,0.,0.));
#2430=DIRECTION('',(0.,0.,1.));
#2431=DIRECTION('',(1.,0.,0.));
#2432=DIRECTION('',(0.,0.,-1.));
#2433=DIRECTION('',(0.,0.,1.));
#2434=DIRECTION('',(1.,0.,0.));
#2435=DIRECTION('',(0.,1.,0.));
#2436=DIRECTION('',(0.,0.,1.));
#2437=DIRECTION('',(1.,0.,0.));
#2438=DIRECTION('',(0.,0.,-1.));
#2439=DIRECTION('',(1.,0.,0.));
#2440=DIRECTION('',(0.,0.,-1.));
#2441=DIRECTION('',(-1.,0.,0.));
#2442=DIRECTION('',(0.,0.,1.));
#2443=DIRECTION('',(1.,0.,0.));
#2444=DIRECTION('',(0.,0.,-1.));
#2445=DIRECTION('',(0.,0.,1.));
#2446=DIRECTION('',(1.,0.,0.));
#2447=DIRECTION('',(0.,0.,-1.));
#2448=DIRECTION('',(-1.,0.,0.));
#2449=DIRECTION('',(0.,0.,1.));
#2450=DIRECTION('',(1.,0.,0.));
#2451=DIRECTION('',(0.,0.,1.));
#2452=DIRECTION('',(1.,0.,0.));
#2453=DIRECTION('',(0.,0.,-1.));
#2454=DIRECTION('',(-1.,0.,0.));
#2455=DIRECTION('',(0.,0.,1.));
#2456=DIRECTION('',(1.,0.,0.));
#2457=DIRECTION('',(0.,0.,1.));
#2458=DIRECTION('',(1.,0.,0.));
#2459=DIRECTION('',(0.,0.,-1.));
#2460=DIRECTION('',(-1.,0.,0.));
#2461=DIRECTION('',(0.,0.,1.));
#2462=DIRECTION('',(1.,0.,0.));
#2463=DIRECTION('',(0.,0.,1.));
#2464=DIRECTION('',(1.,0.,0.));
#2465=DIRECTION('',(1.,0.,0.));
#2466=DIRECTION('',(0.,0.,-1.));
#2467=DIRECTION('',(0.,-1.,0.));
#2468=DIRECTION('',(0.,0.,-1.));
#2469=DIRECTION('',(0.,-1.,0.));
#2470=DIRECTION('',(0.,0.,-1.));
#2471=DIRECTION('',(1.,0.,0.));
#2472=DIRECTION('',(0.,0.,-1.));
#2473=DIRECTION('',(0.,-1.,0.));
#2474=DIRECTION('',(0.,-1.,0.));
#2475=DIRECTION('',(1.,0.,0.));
#2476=DIRECTION('',(0.,0.,-1.));
#2477=DIRECTION('',(0.,-1.,0.));
#2478=DIRECTION('',(0.,-1.,0.));
#2479=DIRECTION('',(1.,0.,0.));
#2480=DIRECTION('',(0.,0.,-1.));
#2481=DIRECTION('',(0.,-1.,0.));
#2482=DIRECTION('',(0.,-1.,0.));
#2483=DIRECTION('',(1.,0.,0.));
#2484=DIRECTION('',(0.,0.,-1.));
#2485=DIRECTION('',(0.,-1.,0.));
#2486=DIRECTION('',(0.,-1.,0.));
#2487=DIRECTION('',(1.,0.,0.));
#2488=DIRECTION('',(0.,0.,-1.));
#2489=DIRECTION('',(0.,-1.,0.));
#2490=DIRECTION('',(0.,-1.,0.));
#2491=DIRECTION('',(1.,0.,0.));
#2492=DIRECTION('',(0.,0.,-1.));
#2493=DIRECTION('',(0.,-1.,0.));
#2494=DIRECTION('',(0.,-1.,0.));
#2495=DIRECTION('',(1.,0.,0.));
#2496=DIRECTION('',(0.,0.,-1.));
#2497=DIRECTION('',(0.,-1.,0.));
#2498=DIRECTION('',(0.,-1.,0.));
#2499=DIRECTION('',(1.,0.,0.));
#2500=DIRECTION('',(0.,0.,-1.));
#2501=DIRECTION('',(0.,-1.,0.));
#2502=DIRECTION('',(0.,-1.,0.));
#2503=DIRECTION('',(1.,0.,0.));
#2504=DIRECTION('',(0.,0.,-1.));
#2505=DIRECTION('',(0.,-1.,0.));
#2506=DIRECTION('',(0.,-1.,0.));
#2507=DIRECTION('',(0.,0.,-1.));
#2508=DIRECTION('',(-1.,0.,0.));
#2509=DIRECTION('',(0.,0.,1.));
#2510=DIRECTION('',(1.,0.,0.));
#2511=DIRECTION('',(0.,0.,1.));
#2512=DIRECTION('',(1.,0.,0.));
#2513=DIRECTION('',(0.,0.,1.));
#2514=DIRECTION('',(1.,0.,0.));
#2515=DIRECTION('',(0.,0.,1.));
#2516=DIRECTION('',(1.,0.,0.));
#2517=DIRECTION('',(0.,0.,1.));
#2518=DIRECTION('',(1.,0.,0.));
#2519=DIRECTION('',(0.,0.,1.));
#2520=DIRECTION('',(1.,0.,0.));
#2521=DIRECTION('',(0.,0.,1.));
#2522=DIRECTION('',(1.,0.,0.));
#2523=DIRECTION('',(0.,0.,1.));
#2524=DIRECTION('',(1.,0.,0.));
#2525=DIRECTION('',(0.,0.,1.));
#2526=DIRECTION('',(1.,0.,0.));
#2527=DIRECTION('',(0.,0.,1.));
#2528=DIRECTION('',(1.,0.,0.));
#2529=DIRECTION('',(0.,0.,1.));
#2530=DIRECTION('',(1.,0.,0.));
#2531=DIRECTION('',(0.,0.,1.));
#2532=DIRECTION('',(1.,0.,0.));
#2533=DIRECTION('',(0.,0.,-1.));
#2534=DIRECTION('',(-1.,0.,0.));
#2535=DIRECTION('',(0.,0.,1.));
#2536=DIRECTION('',(1.,0.,0.));
#2537=DIRECTION('',(0.,0.,-1.));
#2538=DIRECTION('',(-1.,0.,0.));
#2539=DIRECTION('',(0.,0.,1.));
#2540=DIRECTION('',(1.,0.,0.));
#2541=CARTESIAN_POINT('',(0.,0.,0.));
#2542=CARTESIAN_POINT('',(0.0108205544098377,0.0599021170675755,0.0015));
#2543=CARTESIAN_POINT('',(0.0108205544098377,0.0599021170675755,0.0015));
#2544=CARTESIAN_POINT('',(-0.0177944455901623,0.0599021170675755,0.0015));
#2545=CARTESIAN_POINT('',(0.0374355544098377,0.0599021170675755,0.0015));
#2546=CARTESIAN_POINT('',(0.0374355544098377,0.0599021170675755,0.0015));
#2547=CARTESIAN_POINT('',(0.0374355544098377,0.0599021170675755,0.));
#2548=CARTESIAN_POINT('',(0.0108205544098377,0.0599021170675755,0.));
#2549=CARTESIAN_POINT('',(-0.0177944455901623,0.0599021170675755,0.));
#2550=CARTESIAN_POINT('',(-0.0177944455901623,0.0599021170675755,0.0015));
#2551=CARTESIAN_POINT('',(-0.0177944455901623,0.0444021170675755,0.0015));
#2552=CARTESIAN_POINT('',(-0.0177944455901623,0.0444021170675755,0.));
#2553=CARTESIAN_POINT('',(-0.0177944455901623,0.0289021170675755,0.));
#2554=CARTESIAN_POINT('',(-0.0177944455901623,0.0289021170675755,0.0015));
#2555=CARTESIAN_POINT('',(-0.0177944455901623,0.0289021170675755,0.0015));
#2556=CARTESIAN_POINT('',(-0.0177944455901623,0.0444021170675755,0.0015));
#2557=CARTESIAN_POINT('',(-0.0270444455901623,0.0289021170675755,0.0015));
#2558=CARTESIAN_POINT('',(-0.0270444455901623,0.0289021170675755,0.));
#2559=CARTESIAN_POINT('',(-0.0362944455901624,0.0289021170675755,0.));
#2560=CARTESIAN_POINT('',(-0.0362944455901624,0.0289021170675755,0.0015));
#2561=CARTESIAN_POINT('',(-0.0362944455901624,0.0289021170675755,0.0015));
#2562=CARTESIAN_POINT('',(-0.0270444455901623,0.0289021170675755,0.0015));
#2563=CARTESIAN_POINT('',(-0.0362944455901624,0.0444021170675755,0.0015));
#2564=CARTESIAN_POINT('',(-0.0362944455901624,0.0444021170675755,0.));
#2565=CARTESIAN_POINT('',(-0.0362944455901624,0.0599021170675755,0.));
#2566=CARTESIAN_POINT('',(-0.0362944455901624,0.0599021170675755,0.0015));
#2567=CARTESIAN_POINT('',(-0.0362944455901624,0.0599021170675755,0.0015));
#2568=CARTESIAN_POINT('',(-0.0362944455901624,0.0444021170675755,0.0015));
#2569=CARTESIAN_POINT('',(-0.0409944455901623,0.0599021170675755,0.0015));
#2570=CARTESIAN_POINT('',(-0.0409944455901623,0.0599021170675755,0.));
#2571=CARTESIAN_POINT('',(-0.0436944455901623,0.0599021170675755,0.));
#2572=CARTESIAN_POINT('',(-0.0436944455901623,0.0599021170675755,0.0015));
#2573=CARTESIAN_POINT('',(-0.0436944455901623,0.0599021170675755,0.0015));
#2574=CARTESIAN_POINT('',(-0.0409944455901623,0.0599021170675755,0.0015));
#2575=CARTESIAN_POINT('',(-0.0456944455901623,0.00450211706757545,0.0015));
#2576=CARTESIAN_POINT('',(-0.0456944455901623,0.00450211706757545,0.0015));
#2577=CARTESIAN_POINT('',(-0.0456944455901623,0.0579021170675755,0.0015));
#2578=CARTESIAN_POINT('',(-0.0456944455901623,-0.0488978829324245,0.0015));
#2579=CARTESIAN_POINT('',(-0.0456944455901623,0.0579021170675755,0.));
#2580=CARTESIAN_POINT('',(-0.0456944455901623,0.0579021170675755,0.));
#2581=CARTESIAN_POINT('',(-0.0456944455901623,0.00450211706757545,0.));
#2582=CARTESIAN_POINT('',(-0.0456944455901623,-0.0488978829324245,0.));
#2583=CARTESIAN_POINT('',(-0.0456944455901623,-0.0488978829324245,0.0015));
#2584=CARTESIAN_POINT('',(-0.00312944559016234,-0.0508978829324245,0.0015));
#2585=CARTESIAN_POINT('',(-0.00312944559016234,-0.0508978829324245,0.0015));
#2586=CARTESIAN_POINT('',(-0.0436944455901623,-0.0508978829324245,0.0015));
#2587=CARTESIAN_POINT('',(0.0374355544098377,-0.0508978829324245,0.0015));
#2588=CARTESIAN_POINT('',(-0.0436944455901623,-0.0508978829324245,0.0015));
#2589=CARTESIAN_POINT('',(-0.0436944455901623,-0.0508978829324245,0.));
#2590=CARTESIAN_POINT('',(-0.00312944559016234,-0.0508978829324245,0.));
#2591=CARTESIAN_POINT('',(0.0374355544098377,-0.0508978829324245,0.));
#2592=CARTESIAN_POINT('',(0.0374355544098377,-0.0508978829324245,0.0015));
#2593=CARTESIAN_POINT('',(0.00546555440983766,-0.0242478829324245,0.0015));
#2594=CARTESIAN_POINT('',(0.00546555440983766,-0.0242478829324245,0.));
#2595=CARTESIAN_POINT('',(0.00546555440983766,-0.0237478829324245,0.));
#2596=CARTESIAN_POINT('',(0.00496555440983766,-0.0242478829324245,0.));
#2597=CARTESIAN_POINT('',(0.00546555440983766,-0.0237478829324245,0.0015));
#2598=CARTESIAN_POINT('',(0.00546555440983766,-0.0237478829324245,0.0015));
#2599=CARTESIAN_POINT('',(0.00546555440983766,-0.0242478829324245,0.0015));
#2600=CARTESIAN_POINT('',(0.00496555440983766,-0.0242478829324245,0.0015));
#2601=CARTESIAN_POINT('',(0.00496555440983766,-0.0242478829324245,0.0015));
#2602=CARTESIAN_POINT('',(0.0119655544098377,-0.0237478829324245,0.0015));
#2603=CARTESIAN_POINT('',(0.0119655544098377,-0.0237478829324245,0.));
#2604=CARTESIAN_POINT('',(0.0184655544098377,-0.0237478829324245,0.));
#2605=CARTESIAN_POINT('',(0.0184655544098377,-0.0237478829324245,0.0015));
#2606=CARTESIAN_POINT('',(0.0184655544098377,-0.0237478829324245,0.0015));
#2607=CARTESIAN_POINT('',(0.0119655544098377,-0.0237478829324245,0.0015));
#2608=CARTESIAN_POINT('',(0.0184655544098377,-0.0242478829324245,0.0015));
#2609=CARTESIAN_POINT('',(0.0184655544098377,-0.0242478829324245,0.));
#2610=CARTESIAN_POINT('',(0.0189655544098377,-0.0242478829324245,0.));
#2611=CARTESIAN_POINT('',(0.0189655544098377,-0.0242478829324245,0.0015));
#2612=CARTESIAN_POINT('',(0.0189655544098377,-0.0242478829324245,0.0015));
#2613=CARTESIAN_POINT('',(0.0184655544098377,-0.0242478829324245,0.0015));
#2614=CARTESIAN_POINT('',(0.0189655544098377,-0.0307478829324245,0.0015));
#2615=CARTESIAN_POINT('',(0.0189655544098377,-0.0307478829324245,0.));
#2616=CARTESIAN_POINT('',(0.0189655544098377,-0.0372478829324246,0.));
#2617=CARTESIAN_POINT('',(0.0189655544098377,-0.0372478829324246,0.0015));
#2618=CARTESIAN_POINT('',(0.0189655544098377,-0.0372478829324246,0.0015));
#2619=CARTESIAN_POINT('',(0.0189655544098377,-0.0307478829324245,0.0015));
#2620=CARTESIAN_POINT('',(0.0184655544098377,-0.0372478829324246,0.0015));
#2621=CARTESIAN_POINT('',(0.0184655544098377,-0.0372478829324246,0.));
#2622=CARTESIAN_POINT('',(0.0184655544098377,-0.0377478829324246,0.));
#2623=CARTESIAN_POINT('',(0.0184655544098377,-0.0377478829324246,0.0015));
#2624=CARTESIAN_POINT('',(0.0184655544098377,-0.0377478829324246,0.0015));
#2625=CARTESIAN_POINT('',(0.0184655544098377,-0.0372478829324246,0.0015));
#2626=CARTESIAN_POINT('',(0.0119655544098377,-0.0377478829324246,0.0015));
#2627=CARTESIAN_POINT('',(0.0119655544098377,-0.0377478829324246,0.));
#2628=CARTESIAN_POINT('',(0.00546555440983766,-0.0377478829324246,0.));
#2629=CARTESIAN_POINT('',(0.00546555440983766,-0.0377478829324246,0.0015));
#2630=CARTESIAN_POINT('',(0.00546555440983766,-0.0377478829324246,0.0015));
#2631=CARTESIAN_POINT('',(0.0119655544098377,-0.0377478829324246,0.0015));
#2632=CARTESIAN_POINT('',(0.00546555440983766,-0.0372478829324246,0.0015));
#2633=CARTESIAN_POINT('',(0.00546555440983766,-0.0372478829324246,0.));
#2634=CARTESIAN_POINT('',(0.00496555440983766,-0.0372478829324246,0.));
#2635=CARTESIAN_POINT('',(0.00496555440983766,-0.0372478829324246,0.0015));
#2636=CARTESIAN_POINT('',(0.00496555440983766,-0.0372478829324246,0.0015));
#2637=CARTESIAN_POINT('',(0.00546555440983766,-0.0372478829324246,0.0015));
#2638=CARTESIAN_POINT('',(-0.0135844455901623,-0.0242478829324245,0.0015));
#2639=CARTESIAN_POINT('',(-0.0135844455901623,-0.0242478829324245,0.));
#2640=CARTESIAN_POINT('',(-0.0135844455901623,-0.0237478829324245,0.));
#2641=CARTESIAN_POINT('',(-0.0140844455901623,-0.0242478829324245,0.));
#2642=CARTESIAN_POINT('',(-0.0135844455901623,-0.0237478829324245,0.0015));
#2643=CARTESIAN_POINT('',(-0.0135844455901623,-0.0237478829324245,0.0015));
#2644=CARTESIAN_POINT('',(-0.0135844455901623,-0.0242478829324245,0.0015));
#2645=CARTESIAN_POINT('',(-0.0140844455901623,-0.0242478829324245,0.0015));
#2646=CARTESIAN_POINT('',(-0.0140844455901623,-0.0242478829324245,0.0015));
#2647=CARTESIAN_POINT('',(-0.00708444559016233,-0.0237478829324245,0.0015));
#2648=CARTESIAN_POINT('',(-0.00708444559016233,-0.0237478829324245,0.));
#2649=CARTESIAN_POINT('',(-0.000584445590162333,-0.0237478829324245,0.));
#2650=CARTESIAN_POINT('',(-0.000584445590162333,-0.0237478829324245,0.0015));
#2651=CARTESIAN_POINT('',(-0.000584445590162333,-0.0237478829324245,0.0015));
#2652=CARTESIAN_POINT('',(-0.00708444559016233,-0.0237478829324245,0.0015));
#2653=CARTESIAN_POINT('',(-0.000584445590162333,-0.0242478829324245,0.0015));
#2654=CARTESIAN_POINT('',(-0.000584445590162333,-0.0242478829324245,0.));
#2655=CARTESIAN_POINT('',(-8.44455901623346E-5,-0.0242478829324245,0.));
#2656=CARTESIAN_POINT('',(-8.44455901623346E-5,-0.0242478829324245,0.0015));
#2657=CARTESIAN_POINT('',(-8.44455901623346E-5,-0.0242478829324245,0.0015));
#2658=CARTESIAN_POINT('',(-0.000584445590162333,-0.0242478829324245,0.0015));
#2659=CARTESIAN_POINT('',(-8.44455901623346E-5,-0.0307478829324245,0.0015));
#2660=CARTESIAN_POINT('',(-8.44455901623346E-5,-0.0307478829324245,0.));
#2661=CARTESIAN_POINT('',(-8.44455901623333E-5,-0.0372478829324246,0.));
#2662=CARTESIAN_POINT('',(-8.44455901623333E-5,-0.0372478829324246,0.0015));
#2663=CARTESIAN_POINT('',(-8.44455901623333E-5,-0.0372478829324246,0.0015));
#2664=CARTESIAN_POINT('',(-8.44455901623346E-5,-0.0307478829324245,0.0015));
#2665=CARTESIAN_POINT('',(-0.000584445590162333,-0.0372478829324246,0.0015));
#2666=CARTESIAN_POINT('',(-0.000584445590162333,-0.0372478829324246,0.));
#2667=CARTESIAN_POINT('',(-0.000584445590162333,-0.0377478829324246,0.));
#2668=CARTESIAN_POINT('',(-0.000584445590162333,-0.0377478829324246,0.0015));
#2669=CARTESIAN_POINT('',(-0.000584445590162333,-0.0377478829324246,0.0015));
#2670=CARTESIAN_POINT('',(-0.000584445590162333,-0.0372478829324246,0.0015));
#2671=CARTESIAN_POINT('',(-0.00708444559016233,-0.0377478829324246,0.0015));
#2672=CARTESIAN_POINT('',(-0.00708444559016233,-0.0377478829324246,0.));
#2673=CARTESIAN_POINT('',(-0.0135844455901623,-0.0377478829324246,0.));
#2674=CARTESIAN_POINT('',(-0.0135844455901623,-0.0377478829324246,0.0015));
#2675=CARTESIAN_POINT('',(-0.0135844455901623,-0.0377478829324246,0.0015));
#2676=CARTESIAN_POINT('',(-0.00708444559016233,-0.0377478829324246,0.0015));
#2677=CARTESIAN_POINT('',(-0.0135844455901623,-0.0372478829324246,0.0015));
#2678=CARTESIAN_POINT('',(-0.0135844455901623,-0.0372478829324246,0.));
#2679=CARTESIAN_POINT('',(-0.0140844455901623,-0.0372478829324246,0.));
#2680=CARTESIAN_POINT('',(-0.0140844455901623,-0.0372478829324246,0.0015));
#2681=CARTESIAN_POINT('',(-0.0140844455901623,-0.0372478829324246,0.0015));
#2682=CARTESIAN_POINT('',(-0.0135844455901623,-0.0372478829324246,0.0015));
#2683=CARTESIAN_POINT('',(-0.0326344455901623,-0.0242478829324245,0.0015));
#2684=CARTESIAN_POINT('',(-0.0326344455901623,-0.0242478829324245,0.));
#2685=CARTESIAN_POINT('',(-0.0326344455901623,-0.0237478829324245,0.));
#2686=CARTESIAN_POINT('',(-0.0331344455901623,-0.0242478829324245,0.));
#2687=CARTESIAN_POINT('',(-0.0326344455901623,-0.0237478829324245,0.0015));
#2688=CARTESIAN_POINT('',(-0.0326344455901623,-0.0237478829324245,0.0015));
#2689=CARTESIAN_POINT('',(-0.0326344455901623,-0.0242478829324245,0.0015));
#2690=CARTESIAN_POINT('',(-0.0331344455901623,-0.0242478829324245,0.0015));
#2691=CARTESIAN_POINT('',(-0.0331344455901623,-0.0242478829324245,0.0015));
#2692=CARTESIAN_POINT('',(-0.0261344455901623,-0.0237478829324245,0.0015));
#2693=CARTESIAN_POINT('',(-0.0261344455901623,-0.0237478829324245,0.));
#2694=CARTESIAN_POINT('',(-0.0196344455901623,-0.0237478829324245,0.));
#2695=CARTESIAN_POINT('',(-0.0196344455901623,-0.0237478829324245,0.0015));
#2696=CARTESIAN_POINT('',(-0.0196344455901623,-0.0237478829324245,0.0015));
#2697=CARTESIAN_POINT('',(-0.0261344455901623,-0.0237478829324245,0.0015));
#2698=CARTESIAN_POINT('',(-0.0196344455901623,-0.0242478829324245,0.0015));
#2699=CARTESIAN_POINT('',(-0.0196344455901623,-0.0242478829324245,0.));
#2700=CARTESIAN_POINT('',(-0.0191344455901623,-0.0242478829324245,0.));
#2701=CARTESIAN_POINT('',(-0.0191344455901623,-0.0242478829324245,0.0015));
#2702=CARTESIAN_POINT('',(-0.0191344455901623,-0.0242478829324245,0.0015));
#2703=CARTESIAN_POINT('',(-0.0196344455901623,-0.0242478829324245,0.0015));
#2704=CARTESIAN_POINT('',(-0.0191344455901623,-0.0307478829324245,0.0015));
#2705=CARTESIAN_POINT('',(-0.0191344455901623,-0.0307478829324245,0.));
#2706=CARTESIAN_POINT('',(-0.0191344455901623,-0.0372478829324246,0.));
#2707=CARTESIAN_POINT('',(-0.0191344455901623,-0.0372478829324246,0.0015));
#2708=CARTESIAN_POINT('',(-0.0191344455901623,-0.0372478829324246,0.0015));
#2709=CARTESIAN_POINT('',(-0.0191344455901623,-0.0307478829324245,0.0015));
#2710=CARTESIAN_POINT('',(-0.0196344455901623,-0.0372478829324246,0.0015));
#2711=CARTESIAN_POINT('',(-0.0196344455901623,-0.0372478829324246,0.));
#2712=CARTESIAN_POINT('',(-0.0196344455901623,-0.0377478829324246,0.));
#2713=CARTESIAN_POINT('',(-0.0196344455901623,-0.0377478829324246,0.0015));
#2714=CARTESIAN_POINT('',(-0.0196344455901623,-0.0377478829324246,0.0015));
#2715=CARTESIAN_POINT('',(-0.0196344455901623,-0.0372478829324246,0.0015));
#2716=CARTESIAN_POINT('',(-0.0261344455901623,-0.0377478829324246,0.0015));
#2717=CARTESIAN_POINT('',(-0.0261344455901623,-0.0377478829324246,0.));
#2718=CARTESIAN_POINT('',(-0.0326344455901623,-0.0377478829324246,0.));
#2719=CARTESIAN_POINT('',(-0.0326344455901623,-0.0377478829324246,0.0015));
#2720=CARTESIAN_POINT('',(-0.0326344455901623,-0.0377478829324246,0.0015));
#2721=CARTESIAN_POINT('',(-0.0261344455901623,-0.0377478829324246,0.0015));
#2722=CARTESIAN_POINT('',(-0.0326344455901623,-0.0372478829324246,0.0015));
#2723=CARTESIAN_POINT('',(-0.0326344455901623,-0.0372478829324246,0.));
#2724=CARTESIAN_POINT('',(-0.0331344455901623,-0.0372478829324246,0.));
#2725=CARTESIAN_POINT('',(-0.0331344455901623,-0.0372478829324246,0.0015));
#2726=CARTESIAN_POINT('',(-0.0331344455901623,-0.0372478829324246,0.0015));
#2727=CARTESIAN_POINT('',(-0.0326344455901623,-0.0372478829324246,0.0015));
#2728=CARTESIAN_POINT('',(0.00546555440983766,-0.00519788293242454,0.0015));
#2729=CARTESIAN_POINT('',(0.00546555440983766,-0.00519788293242454,0.));
#2730=CARTESIAN_POINT('',(0.00546555440983766,-0.00469788293242454,0.));
#2731=CARTESIAN_POINT('',(0.00496555440983766,-0.00519788293242454,0.));
#2732=CARTESIAN_POINT('',(0.00546555440983766,-0.00469788293242454,0.0015));
#2733=CARTESIAN_POINT('',(0.00546555440983766,-0.00469788293242454,0.0015));
#2734=CARTESIAN_POINT('',(0.00546555440983766,-0.00519788293242454,0.0015));
#2735=CARTESIAN_POINT('',(0.00496555440983766,-0.00519788293242454,0.0015));
#2736=CARTESIAN_POINT('',(0.00496555440983766,-0.00519788293242454,0.0015));
#2737=CARTESIAN_POINT('',(0.0119655544098377,-0.00469788293242454,0.0015));
#2738=CARTESIAN_POINT('',(0.0119655544098377,-0.00469788293242454,0.));
#2739=CARTESIAN_POINT('',(0.0184655544098377,-0.00469788293242454,0.));
#2740=CARTESIAN_POINT('',(0.0184655544098377,-0.00469788293242454,0.0015));
#2741=CARTESIAN_POINT('',(0.0184655544098377,-0.00469788293242454,0.0015));
#2742=CARTESIAN_POINT('',(0.0119655544098377,-0.00469788293242454,0.0015));
#2743=CARTESIAN_POINT('',(0.0184655544098377,-0.00519788293242454,0.0015));
#2744=CARTESIAN_POINT('',(0.0184655544098377,-0.00519788293242454,0.));
#2745=CARTESIAN_POINT('',(0.0189655544098377,-0.00519788293242454,0.));
#2746=CARTESIAN_POINT('',(0.0189655544098377,-0.00519788293242454,0.0015));
#2747=CARTESIAN_POINT('',(0.0189655544098377,-0.00519788293242454,0.0015));
#2748=CARTESIAN_POINT('',(0.0184655544098377,-0.00519788293242454,0.0015));
#2749=CARTESIAN_POINT('',(0.0189655544098377,-0.0116978829324245,0.0015));
#2750=CARTESIAN_POINT('',(0.0189655544098377,-0.0116978829324245,0.));
#2751=CARTESIAN_POINT('',(0.0189655544098377,-0.0181978829324245,0.));
#2752=CARTESIAN_POINT('',(0.0189655544098377,-0.0181978829324245,0.0015));
#2753=CARTESIAN_POINT('',(0.0189655544098377,-0.0181978829324245,0.0015));
#2754=CARTESIAN_POINT('',(0.0189655544098377,-0.0116978829324245,0.0015));
#2755=CARTESIAN_POINT('',(0.0184655544098377,-0.0181978829324245,0.0015));
#2756=CARTESIAN_POINT('',(0.0184655544098377,-0.0181978829324245,0.));
#2757=CARTESIAN_POINT('',(0.0184655544098377,-0.0186978829324245,0.));
#2758=CARTESIAN_POINT('',(0.0184655544098377,-0.0186978829324245,0.0015));
#2759=CARTESIAN_POINT('',(0.0184655544098377,-0.0186978829324245,0.0015));
#2760=CARTESIAN_POINT('',(0.0184655544098377,-0.0181978829324245,0.0015));
#2761=CARTESIAN_POINT('',(0.0119655544098377,-0.0186978829324245,0.0015));
#2762=CARTESIAN_POINT('',(0.0119655544098377,-0.0186978829324245,0.));
#2763=CARTESIAN_POINT('',(0.00546555440983766,-0.0186978829324245,0.));
#2764=CARTESIAN_POINT('',(0.00546555440983766,-0.0186978829324245,0.0015));
#2765=CARTESIAN_POINT('',(0.00546555440983766,-0.0186978829324245,0.0015));
#2766=CARTESIAN_POINT('',(0.0119655544098377,-0.0186978829324245,0.0015));
#2767=CARTESIAN_POINT('',(0.00546555440983766,-0.0181978829324245,0.0015));
#2768=CARTESIAN_POINT('',(0.00546555440983766,-0.0181978829324245,0.));
#2769=CARTESIAN_POINT('',(0.00496555440983766,-0.0181978829324245,0.));
#2770=CARTESIAN_POINT('',(0.00496555440983766,-0.0181978829324245,0.0015));
#2771=CARTESIAN_POINT('',(0.00496555440983766,-0.0181978829324245,0.0015));
#2772=CARTESIAN_POINT('',(0.00546555440983766,-0.0181978829324245,0.0015));
#2773=CARTESIAN_POINT('',(-0.0135844455901623,-0.00519788293242454,0.0015));
#2774=CARTESIAN_POINT('',(-0.0135844455901623,-0.00519788293242454,0.));
#2775=CARTESIAN_POINT('',(-0.0135844455901623,-0.00469788293242454,0.));
#2776=CARTESIAN_POINT('',(-0.0140844455901623,-0.00519788293242454,0.));
#2777=CARTESIAN_POINT('',(-0.0135844455901623,-0.00469788293242454,0.0015));
#2778=CARTESIAN_POINT('',(-0.0135844455901623,-0.00469788293242454,0.0015));
#2779=CARTESIAN_POINT('',(-0.0135844455901623,-0.00519788293242454,0.0015));
#2780=CARTESIAN_POINT('',(-0.0140844455901623,-0.00519788293242454,0.0015));
#2781=CARTESIAN_POINT('',(-0.0140844455901623,-0.00519788293242454,0.0015));
#2782=CARTESIAN_POINT('',(-0.00708444559016233,-0.00469788293242454,0.0015));
#2783=CARTESIAN_POINT('',(-0.00708444559016233,-0.00469788293242454,0.));
#2784=CARTESIAN_POINT('',(-0.000584445590162333,-0.00469788293242454,0.));
#2785=CARTESIAN_POINT('',(-0.000584445590162333,-0.00469788293242454,0.0015));
#2786=CARTESIAN_POINT('',(-0.000584445590162333,-0.00469788293242454,0.0015));
#2787=CARTESIAN_POINT('',(-0.00708444559016233,-0.00469788293242454,0.0015));
#2788=CARTESIAN_POINT('',(-0.000584445590162333,-0.00519788293242454,0.0015));
#2789=CARTESIAN_POINT('',(-0.000584445590162333,-0.00519788293242454,0.));
#2790=CARTESIAN_POINT('',(-8.44455901623346E-5,-0.00519788293242454,0.));
#2791=CARTESIAN_POINT('',(-8.44455901623346E-5,-0.00519788293242454,0.0015));
#2792=CARTESIAN_POINT('',(-8.44455901623346E-5,-0.00519788293242454,0.0015));
#2793=CARTESIAN_POINT('',(-0.000584445590162333,-0.00519788293242454,0.0015));
#2794=CARTESIAN_POINT('',(-8.44455901623346E-5,-0.0116978829324245,0.0015));
#2795=CARTESIAN_POINT('',(-8.44455901623346E-5,-0.0116978829324245,0.));
#2796=CARTESIAN_POINT('',(-8.44455901623333E-5,-0.0181978829324245,0.));
#2797=CARTESIAN_POINT('',(-8.44455901623333E-5,-0.0181978829324245,0.0015));
#2798=CARTESIAN_POINT('',(-8.44455901623333E-5,-0.0181978829324245,0.0015));
#2799=CARTESIAN_POINT('',(-8.44455901623346E-5,-0.0116978829324245,0.0015));
#2800=CARTESIAN_POINT('',(-0.000584445590162333,-0.0181978829324245,0.0015));
#2801=CARTESIAN_POINT('',(-0.000584445590162333,-0.0181978829324245,0.));
#2802=CARTESIAN_POINT('',(-0.000584445590162333,-0.0186978829324245,0.));
#2803=CARTESIAN_POINT('',(-0.000584445590162333,-0.0186978829324245,0.0015));
#2804=CARTESIAN_POINT('',(-0.000584445590162333,-0.0186978829324245,0.0015));
#2805=CARTESIAN_POINT('',(-0.000584445590162333,-0.0181978829324245,0.0015));
#2806=CARTESIAN_POINT('',(-0.00708444559016233,-0.0186978829324245,0.0015));
#2807=CARTESIAN_POINT('',(-0.00708444559016233,-0.0186978829324245,0.));
#2808=CARTESIAN_POINT('',(-0.0135844455901623,-0.0186978829324245,0.));
#2809=CARTESIAN_POINT('',(-0.0135844455901623,-0.0186978829324245,0.0015));
#2810=CARTESIAN_POINT('',(-0.0135844455901623,-0.0186978829324245,0.0015));
#2811=CARTESIAN_POINT('',(-0.00708444559016233,-0.0186978829324245,0.0015));
#2812=CARTESIAN_POINT('',(-0.0135844455901623,-0.0181978829324245,0.0015));
#2813=CARTESIAN_POINT('',(-0.0135844455901623,-0.0181978829324245,0.));
#2814=CARTESIAN_POINT('',(-0.0140844455901623,-0.0181978829324245,0.));
#2815=CARTESIAN_POINT('',(-0.0140844455901623,-0.0181978829324245,0.0015));
#2816=CARTESIAN_POINT('',(-0.0140844455901623,-0.0181978829324245,0.0015));
#2817=CARTESIAN_POINT('',(-0.0135844455901623,-0.0181978829324245,0.0015));
#2818=CARTESIAN_POINT('',(-0.0326344455901623,-0.00519788293242454,0.0015));
#2819=CARTESIAN_POINT('',(-0.0326344455901623,-0.00519788293242454,0.));
#2820=CARTESIAN_POINT('',(-0.0326344455901623,-0.00469788293242454,0.));
#2821=CARTESIAN_POINT('',(-0.0331344455901623,-0.00519788293242454,0.));
#2822=CARTESIAN_POINT('',(-0.0326344455901623,-0.00469788293242454,0.0015));
#2823=CARTESIAN_POINT('',(-0.0326344455901623,-0.00469788293242454,0.0015));
#2824=CARTESIAN_POINT('',(-0.0326344455901623,-0.00519788293242454,0.0015));
#2825=CARTESIAN_POINT('',(-0.0331344455901623,-0.00519788293242454,0.0015));
#2826=CARTESIAN_POINT('',(-0.0331344455901623,-0.00519788293242454,0.0015));
#2827=CARTESIAN_POINT('',(-0.0261344455901623,-0.00469788293242454,0.0015));
#2828=CARTESIAN_POINT('',(-0.0261344455901623,-0.00469788293242454,0.));
#2829=CARTESIAN_POINT('',(-0.0196344455901623,-0.00469788293242454,0.));
#2830=CARTESIAN_POINT('',(-0.0196344455901623,-0.00469788293242454,0.0015));
#2831=CARTESIAN_POINT('',(-0.0196344455901623,-0.00469788293242454,0.0015));
#2832=CARTESIAN_POINT('',(-0.0261344455901623,-0.00469788293242454,0.0015));
#2833=CARTESIAN_POINT('',(-0.0196344455901623,-0.00519788293242454,0.0015));
#2834=CARTESIAN_POINT('',(-0.0196344455901623,-0.00519788293242454,0.));
#2835=CARTESIAN_POINT('',(-0.0191344455901623,-0.00519788293242454,0.));
#2836=CARTESIAN_POINT('',(-0.0191344455901623,-0.00519788293242454,0.0015));
#2837=CARTESIAN_POINT('',(-0.0191344455901623,-0.00519788293242454,0.0015));
#2838=CARTESIAN_POINT('',(-0.0196344455901623,-0.00519788293242454,0.0015));
#2839=CARTESIAN_POINT('',(-0.0191344455901623,-0.0116978829324245,0.0015));
#2840=CARTESIAN_POINT('',(-0.0191344455901623,-0.0116978829324245,0.));
#2841=CARTESIAN_POINT('',(-0.0191344455901623,-0.0181978829324245,0.));
#2842=CARTESIAN_POINT('',(-0.0191344455901623,-0.0181978829324245,0.0015));
#2843=CARTESIAN_POINT('',(-0.0191344455901623,-0.0181978829324245,0.0015));
#2844=CARTESIAN_POINT('',(-0.0191344455901623,-0.0116978829324245,0.0015));
#2845=CARTESIAN_POINT('',(-0.0196344455901623,-0.0181978829324245,0.0015));
#2846=CARTESIAN_POINT('',(-0.0196344455901623,-0.0181978829324245,0.));
#2847=CARTESIAN_POINT('',(-0.0196344455901623,-0.0186978829324245,0.));
#2848=CARTESIAN_POINT('',(-0.0196344455901623,-0.0186978829324245,0.0015));
#2849=CARTESIAN_POINT('',(-0.0196344455901623,-0.0186978829324245,0.0015));
#2850=CARTESIAN_POINT('',(-0.0196344455901623,-0.0181978829324245,0.0015));
#2851=CARTESIAN_POINT('',(-0.0261344455901623,-0.0186978829324245,0.0015));
#2852=CARTESIAN_POINT('',(-0.0261344455901623,-0.0186978829324245,0.));
#2853=CARTESIAN_POINT('',(-0.0326344455901623,-0.0186978829324245,0.));
#2854=CARTESIAN_POINT('',(-0.0326344455901623,-0.0186978829324245,0.0015));
#2855=CARTESIAN_POINT('',(-0.0326344455901623,-0.0186978829324245,0.0015));
#2856=CARTESIAN_POINT('',(-0.0261344455901623,-0.0186978829324245,0.0015));
#2857=CARTESIAN_POINT('',(-0.0326344455901623,-0.0181978829324245,0.0015));
#2858=CARTESIAN_POINT('',(-0.0326344455901623,-0.0181978829324245,0.));
#2859=CARTESIAN_POINT('',(-0.0331344455901623,-0.0181978829324245,0.));
#2860=CARTESIAN_POINT('',(-0.0331344455901623,-0.0181978829324245,0.0015));
#2861=CARTESIAN_POINT('',(-0.0331344455901623,-0.0181978829324245,0.0015));
#2862=CARTESIAN_POINT('',(-0.0326344455901623,-0.0181978829324245,0.0015));
#2863=CARTESIAN_POINT('',(0.00546555440983766,0.0138521170675755,0.0015));
#2864=CARTESIAN_POINT('',(0.00546555440983766,0.0138521170675755,0.));
#2865=CARTESIAN_POINT('',(0.00546555440983766,0.0143521170675755,0.));
#2866=CARTESIAN_POINT('',(0.00496555440983766,0.0138521170675755,0.));
#2867=CARTESIAN_POINT('',(0.00546555440983766,0.0143521170675755,0.0015));
#2868=CARTESIAN_POINT('',(0.00546555440983766,0.0143521170675755,0.0015));
#2869=CARTESIAN_POINT('',(0.00546555440983766,0.0138521170675755,0.0015));
#2870=CARTESIAN_POINT('',(0.00496555440983766,0.0138521170675755,0.0015));
#2871=CARTESIAN_POINT('',(0.00496555440983766,0.0138521170675755,0.0015));
#2872=CARTESIAN_POINT('',(0.0119655544098377,0.0143521170675755,0.0015));
#2873=CARTESIAN_POINT('',(0.0119655544098377,0.0143521170675755,0.));
#2874=CARTESIAN_POINT('',(0.0184655544098377,0.0143521170675755,0.));
#2875=CARTESIAN_POINT('',(0.0184655544098377,0.0143521170675755,0.0015));
#2876=CARTESIAN_POINT('',(0.0184655544098377,0.0143521170675755,0.0015));
#2877=CARTESIAN_POINT('',(0.0119655544098377,0.0143521170675755,0.0015));
#2878=CARTESIAN_POINT('',(0.0184655544098377,0.0138521170675755,0.0015));
#2879=CARTESIAN_POINT('',(0.0184655544098377,0.0138521170675755,0.));
#2880=CARTESIAN_POINT('',(0.0189655544098377,0.0138521170675755,0.));
#2881=CARTESIAN_POINT('',(0.0189655544098377,0.0138521170675755,0.0015));
#2882=CARTESIAN_POINT('',(0.0189655544098377,0.0138521170675755,0.0015));
#2883=CARTESIAN_POINT('',(0.0184655544098377,0.0138521170675755,0.0015));
#2884=CARTESIAN_POINT('',(0.0189655544098377,0.00735211706757546,0.0015));
#2885=CARTESIAN_POINT('',(0.0189655544098377,0.00735211706757546,0.));
#2886=CARTESIAN_POINT('',(0.0189655544098377,0.000852117067575457,0.));
#2887=CARTESIAN_POINT('',(0.0189655544098377,0.000852117067575457,0.0015));
#2888=CARTESIAN_POINT('',(0.0189655544098377,0.000852117067575457,0.0015));
#2889=CARTESIAN_POINT('',(0.0189655544098377,0.00735211706757546,0.0015));
#2890=CARTESIAN_POINT('',(0.0184655544098377,0.000852117067575457,0.0015));
#2891=CARTESIAN_POINT('',(0.0184655544098377,0.000852117067575457,0.));
#2892=CARTESIAN_POINT('',(0.0184655544098377,0.000352117067575457,0.));
#2893=CARTESIAN_POINT('',(0.0184655544098377,0.000352117067575457,0.0015));
#2894=CARTESIAN_POINT('',(0.0184655544098377,0.000352117067575457,0.0015));
#2895=CARTESIAN_POINT('',(0.0184655544098377,0.000852117067575457,0.0015));
#2896=CARTESIAN_POINT('',(0.0119655544098377,0.000352117067575458,0.0015));
#2897=CARTESIAN_POINT('',(0.0119655544098377,0.000352117067575458,0.));
#2898=CARTESIAN_POINT('',(0.00546555440983766,0.000352117067575458,0.));
#2899=CARTESIAN_POINT('',(0.00546555440983766,0.000352117067575458,0.0015));
#2900=CARTESIAN_POINT('',(0.00546555440983766,0.000352117067575458,0.0015));
#2901=CARTESIAN_POINT('',(0.0119655544098377,0.000352117067575458,0.0015));
#2902=CARTESIAN_POINT('',(0.00546555440983766,0.000852117067575455,0.0015));
#2903=CARTESIAN_POINT('',(0.00546555440983766,0.000852117067575455,0.));
#2904=CARTESIAN_POINT('',(0.00496555440983766,0.000852117067575457,0.));
#2905=CARTESIAN_POINT('',(0.00496555440983766,0.000852117067575457,0.0015));
#2906=CARTESIAN_POINT('',(0.00496555440983766,0.000852117067575457,0.0015));
#2907=CARTESIAN_POINT('',(0.00546555440983766,0.000852117067575455,0.0015));
#2908=CARTESIAN_POINT('',(-0.0135844455901623,0.0138521170675755,0.0015));
#2909=CARTESIAN_POINT('',(-0.0135844455901623,0.0138521170675755,0.));
#2910=CARTESIAN_POINT('',(-0.0135844455901623,0.0143521170675755,0.));
#2911=CARTESIAN_POINT('',(-0.0140844455901623,0.0138521170675755,0.));
#2912=CARTESIAN_POINT('',(-0.0135844455901623,0.0143521170675755,0.0015));
#2913=CARTESIAN_POINT('',(-0.0135844455901623,0.0143521170675755,0.0015));
#2914=CARTESIAN_POINT('',(-0.0135844455901623,0.0138521170675755,0.0015));
#2915=CARTESIAN_POINT('',(-0.0140844455901623,0.0138521170675755,0.0015));
#2916=CARTESIAN_POINT('',(-0.0140844455901623,0.0138521170675755,0.0015));
#2917=CARTESIAN_POINT('',(-0.00708444559016233,0.0143521170675755,0.0015));
#2918=CARTESIAN_POINT('',(-0.00708444559016233,0.0143521170675755,0.));
#2919=CARTESIAN_POINT('',(-0.000584445590162333,0.0143521170675755,0.));
#2920=CARTESIAN_POINT('',(-0.000584445590162333,0.0143521170675755,0.0015));
#2921=CARTESIAN_POINT('',(-0.000584445590162333,0.0143521170675755,0.0015));
#2922=CARTESIAN_POINT('',(-0.00708444559016233,0.0143521170675755,0.0015));
#2923=CARTESIAN_POINT('',(-0.000584445590162333,0.0138521170675755,0.0015));
#2924=CARTESIAN_POINT('',(-0.000584445590162333,0.0138521170675755,0.));
#2925=CARTESIAN_POINT('',(-8.44455901623346E-5,0.0138521170675755,0.));
#2926=CARTESIAN_POINT('',(-8.44455901623346E-5,0.0138521170675755,0.0015));
#2927=CARTESIAN_POINT('',(-8.44455901623346E-5,0.0138521170675755,0.0015));
#2928=CARTESIAN_POINT('',(-0.000584445590162333,0.0138521170675755,0.0015));
#2929=CARTESIAN_POINT('',(-8.44455901623346E-5,0.00735211706757546,0.0015));
#2930=CARTESIAN_POINT('',(-8.44455901623346E-5,0.00735211706757546,0.));
#2931=CARTESIAN_POINT('',(-8.44455901623333E-5,0.000852117067575457,0.));
#2932=CARTESIAN_POINT('',(-8.44455901623333E-5,0.000852117067575457,0.0015));
#2933=CARTESIAN_POINT('',(-8.44455901623333E-5,0.000852117067575457,0.0015));
#2934=CARTESIAN_POINT('',(-8.44455901623346E-5,0.00735211706757546,0.0015));
#2935=CARTESIAN_POINT('',(-0.000584445590162333,0.000852117067575457,0.0015));
#2936=CARTESIAN_POINT('',(-0.000584445590162333,0.000852117067575457,0.));
#2937=CARTESIAN_POINT('',(-0.000584445590162333,0.000352117067575457,0.));
#2938=CARTESIAN_POINT('',(-0.000584445590162333,0.000352117067575457,0.0015));
#2939=CARTESIAN_POINT('',(-0.000584445590162333,0.000352117067575457,0.0015));
#2940=CARTESIAN_POINT('',(-0.000584445590162333,0.000852117067575457,0.0015));
#2941=CARTESIAN_POINT('',(-0.00708444559016233,0.000352117067575458,0.0015));
#2942=CARTESIAN_POINT('',(-0.00708444559016233,0.000352117067575458,0.));
#2943=CARTESIAN_POINT('',(-0.0135844455901623,0.000352117067575458,0.));
#2944=CARTESIAN_POINT('',(-0.0135844455901623,0.000352117067575458,0.0015));
#2945=CARTESIAN_POINT('',(-0.0135844455901623,0.000352117067575458,0.0015));
#2946=CARTESIAN_POINT('',(-0.00708444559016233,0.000352117067575458,0.0015));
#2947=CARTESIAN_POINT('',(-0.0135844455901623,0.000852117067575457,0.0015));
#2948=CARTESIAN_POINT('',(-0.0135844455901623,0.000852117067575457,0.));
#2949=CARTESIAN_POINT('',(-0.0140844455901623,0.000852117067575457,0.));
#2950=CARTESIAN_POINT('',(-0.0140844455901623,0.000852117067575457,0.0015));
#2951=CARTESIAN_POINT('',(-0.0140844455901623,0.000852117067575457,0.0015));
#2952=CARTESIAN_POINT('',(-0.0135844455901623,0.000852117067575457,0.0015));
#2953=CARTESIAN_POINT('',(-0.0326344455901623,0.0138521170675755,0.0015));
#2954=CARTESIAN_POINT('',(-0.0326344455901623,0.0138521170675755,0.));
#2955=CARTESIAN_POINT('',(-0.0326344455901623,0.0143521170675755,0.));
#2956=CARTESIAN_POINT('',(-0.0331344455901623,0.0138521170675755,0.));
#2957=CARTESIAN_POINT('',(-0.0326344455901623,0.0143521170675755,0.0015));
#2958=CARTESIAN_POINT('',(-0.0326344455901623,0.0143521170675755,0.0015));
#2959=CARTESIAN_POINT('',(-0.0326344455901623,0.0138521170675755,0.0015));
#2960=CARTESIAN_POINT('',(-0.0331344455901623,0.0138521170675755,0.0015));
#2961=CARTESIAN_POINT('',(-0.0331344455901623,0.0138521170675755,0.0015));
#2962=CARTESIAN_POINT('',(-0.0261344455901623,0.0143521170675755,0.0015));
#2963=CARTESIAN_POINT('',(-0.0261344455901623,0.0143521170675755,0.));
#2964=CARTESIAN_POINT('',(-0.0196344455901623,0.0143521170675755,0.));
#2965=CARTESIAN_POINT('',(-0.0196344455901623,0.0143521170675755,0.0015));
#2966=CARTESIAN_POINT('',(-0.0196344455901623,0.0143521170675755,0.0015));
#2967=CARTESIAN_POINT('',(-0.0261344455901623,0.0143521170675755,0.0015));
#2968=CARTESIAN_POINT('',(-0.0196344455901623,0.0138521170675755,0.0015));
#2969=CARTESIAN_POINT('',(-0.0196344455901623,0.0138521170675755,0.));
#2970=CARTESIAN_POINT('',(-0.0191344455901623,0.0138521170675755,0.));
#2971=CARTESIAN_POINT('',(-0.0191344455901623,0.0138521170675755,0.0015));
#2972=CARTESIAN_POINT('',(-0.0191344455901623,0.0138521170675755,0.0015));
#2973=CARTESIAN_POINT('',(-0.0196344455901623,0.0138521170675755,0.0015));
#2974=CARTESIAN_POINT('',(-0.0191344455901623,0.00735211706757546,0.0015));
#2975=CARTESIAN_POINT('',(-0.0191344455901623,0.00735211706757546,0.));
#2976=CARTESIAN_POINT('',(-0.0191344455901623,0.000852117067575457,0.));
#2977=CARTESIAN_POINT('',(-0.0191344455901623,0.000852117067575457,0.0015));
#2978=CARTESIAN_POINT('',(-0.0191344455901623,0.000852117067575457,0.0015));
#2979=CARTESIAN_POINT('',(-0.0191344455901623,0.00735211706757546,0.0015));
#2980=CARTESIAN_POINT('',(-0.0196344455901623,0.000852117067575457,0.0015));
#2981=CARTESIAN_POINT('',(-0.0196344455901623,0.000852117067575457,0.));
#2982=CARTESIAN_POINT('',(-0.0196344455901623,0.000352117067575457,0.));
#2983=CARTESIAN_POINT('',(-0.0196344455901623,0.000352117067575457,0.0015));
#2984=CARTESIAN_POINT('',(-0.0196344455901623,0.000352117067575457,0.0015));
#2985=CARTESIAN_POINT('',(-0.0196344455901623,0.000852117067575457,0.0015));
#2986=CARTESIAN_POINT('',(-0.0261344455901623,0.000352117067575458,0.0015));
#2987=CARTESIAN_POINT('',(-0.0261344455901623,0.000352117067575458,0.));
#2988=CARTESIAN_POINT('',(-0.0326344455901623,0.000352117067575458,0.));
#2989=CARTESIAN_POINT('',(-0.0326344455901623,0.000352117067575458,0.0015));
#2990=CARTESIAN_POINT('',(-0.0326344455901623,0.000352117067575458,0.0015));
#2991=CARTESIAN_POINT('',(-0.0261344455901623,0.000352117067575458,0.0015));
#2992=CARTESIAN_POINT('',(-0.0326344455901623,0.000852117067575457,0.0015));
#2993=CARTESIAN_POINT('',(-0.0326344455901623,0.000852117067575457,0.));
#2994=CARTESIAN_POINT('',(-0.0331344455901623,0.000852117067575457,0.));
#2995=CARTESIAN_POINT('',(-0.0331344455901623,0.000852117067575457,0.0015));
#2996=CARTESIAN_POINT('',(-0.0331344455901623,0.000852117067575457,0.0015));
#2997=CARTESIAN_POINT('',(-0.0326344455901623,0.000852117067575457,0.0015));
#2998=CARTESIAN_POINT('',(-0.0389944455901624,-0.0441978829324245,0.0015));
#2999=CARTESIAN_POINT('',(-0.0389944455901624,-0.0441978829324245,0.0015));
#3000=CARTESIAN_POINT('',(-0.0372944455901624,-0.0441978829324245,0.0015));
#3001=CARTESIAN_POINT('',(-0.0389944455901624,-0.0441978829324245,0.));
#3002=CARTESIAN_POINT('',(-0.0372944455901624,-0.0441978829324245,0.));
#3003=CARTESIAN_POINT('',(0.0327355544098376,0.0532021170675755,0.0015));
#3004=CARTESIAN_POINT('',(0.0327355544098376,0.0532021170675755,0.0015));
#3005=CARTESIAN_POINT('',(0.0344355544098377,0.0532021170675755,0.0015));
#3006=CARTESIAN_POINT('',(0.0327355544098376,0.0532021170675755,0.));
#3007=CARTESIAN_POINT('',(0.0344355544098377,0.0532021170675755,0.));
#3008=CARTESIAN_POINT('',(-0.0389944455901624,0.0532021170675755,0.0015));
#3009=CARTESIAN_POINT('',(-0.0389944455901624,0.0532021170675755,0.0015));
#3010=CARTESIAN_POINT('',(-0.0372944455901624,0.0532021170675755,0.0015));
#3011=CARTESIAN_POINT('',(-0.0389944455901624,0.0532021170675755,0.));
#3012=CARTESIAN_POINT('',(-0.0372944455901624,0.0532021170675755,0.));
#3013=CARTESIAN_POINT('',(0.0394355544098377,0.00450211706757547,0.0015));
#3014=CARTESIAN_POINT('',(0.0394355544098377,0.00450211706757547,0.));
#3015=CARTESIAN_POINT('',(0.0394355544098377,0.0579021170675755,0.));
#3016=CARTESIAN_POINT('',(0.0394355544098377,-0.0488978829324245,0.));
#3017=CARTESIAN_POINT('',(0.0394355544098377,0.0579021170675755,0.0015));
#3018=CARTESIAN_POINT('',(0.0394355544098377,0.0579021170675755,0.0015));
#3019=CARTESIAN_POINT('',(0.0394355544098377,0.00450211706757547,0.0015));
#3020=CARTESIAN_POINT('',(0.0394355544098377,-0.0488978829324245,0.0015));
#3021=CARTESIAN_POINT('',(0.0394355544098377,-0.0488978829324245,0.));
#3022=CARTESIAN_POINT('',(0.00496555440983766,-0.0307478829324245,0.0015));
#3023=CARTESIAN_POINT('',(0.00496555440983766,-0.0307478829324245,0.));
#3024=CARTESIAN_POINT('',(0.00496555440983766,-0.0307478829324245,0.0015));
#3025=CARTESIAN_POINT('',(-0.0140844455901623,-0.0307478829324245,0.0015));
#3026=CARTESIAN_POINT('',(-0.0140844455901623,-0.0307478829324245,0.));
#3027=CARTESIAN_POINT('',(-0.0140844455901623,-0.0307478829324245,0.0015));
#3028=CARTESIAN_POINT('',(-0.0331344455901623,-0.0307478829324245,0.0015));
#3029=CARTESIAN_POINT('',(-0.0331344455901623,-0.0307478829324245,0.));
#3030=CARTESIAN_POINT('',(-0.0331344455901623,-0.0307478829324245,0.0015));
#3031=CARTESIAN_POINT('',(0.00496555440983766,-0.0116978829324245,0.0015));
#3032=CARTESIAN_POINT('',(0.00496555440983766,-0.0116978829324245,0.));
#3033=CARTESIAN_POINT('',(0.00496555440983766,-0.0116978829324245,0.0015));
#3034=CARTESIAN_POINT('',(-0.0140844455901623,-0.0116978829324245,0.0015));
#3035=CARTESIAN_POINT('',(-0.0140844455901623,-0.0116978829324245,0.));
#3036=CARTESIAN_POINT('',(-0.0140844455901623,-0.0116978829324245,0.0015));
#3037=CARTESIAN_POINT('',(-0.0331344455901623,-0.0116978829324245,0.0015));
#3038=CARTESIAN_POINT('',(-0.0331344455901623,-0.0116978829324245,0.));
#3039=CARTESIAN_POINT('',(-0.0331344455901623,-0.0116978829324245,0.0015));
#3040=CARTESIAN_POINT('',(0.00496555440983766,0.00735211706757546,0.0015));
#3041=CARTESIAN_POINT('',(0.00496555440983766,0.00735211706757546,0.));
#3042=CARTESIAN_POINT('',(0.00496555440983766,0.00735211706757546,0.0015));
#3043=CARTESIAN_POINT('',(-0.0140844455901623,0.00735211706757546,0.0015));
#3044=CARTESIAN_POINT('',(-0.0140844455901623,0.00735211706757546,0.));
#3045=CARTESIAN_POINT('',(-0.0140844455901623,0.00735211706757546,0.0015));
#3046=CARTESIAN_POINT('',(-0.0331344455901623,0.00735211706757546,0.0015));
#3047=CARTESIAN_POINT('',(-0.0331344455901623,0.00735211706757546,0.));
#3048=CARTESIAN_POINT('',(-0.0331344455901623,0.00735211706757546,0.0015));
#3049=CARTESIAN_POINT('',(0.0327355544098376,-0.0441978829324245,0.0015));
#3050=CARTESIAN_POINT('',(0.0327355544098376,-0.0441978829324245,0.0015));
#3051=CARTESIAN_POINT('',(0.0344355544098377,-0.0441978829324245,0.0015));
#3052=CARTESIAN_POINT('',(0.0327355544098376,-0.0441978829324245,0.));
#3053=CARTESIAN_POINT('',(0.0344355544098377,-0.0441978829324245,0.));
#3054=CARTESIAN_POINT('',(-0.00312944559016234,0.00450211706757546,0.0015));
#3055=CARTESIAN_POINT('',(0.0374355544098377,0.0579021170675755,0.0015));
#3056=CARTESIAN_POINT('',(-0.0436944455901623,0.0579021170675755,0.0015));
#3057=CARTESIAN_POINT('',(-0.0436944455901623,-0.0488978829324245,0.0015));
#3058=CARTESIAN_POINT('',(0.0374355544098377,-0.0488978829324245,0.0015));
#3059=CARTESIAN_POINT('',(-0.00312944559016234,0.00450211706757546,0.));
#3060=CARTESIAN_POINT('',(0.0374355544098377,0.0579021170675755,0.));
#3061=CARTESIAN_POINT('',(0.0374355544098377,-0.0488978829324245,0.));
#3062=CARTESIAN_POINT('',(-0.0436944455901623,-0.0488978829324245,0.));
#3063=CARTESIAN_POINT('',(-0.0436944455901623,0.0579021170675755,0.));
#3064=CARTESIAN_POINT('',(0.0374355544098377,0.0579021170675755,0.0015));
#3065=CARTESIAN_POINT('',(-0.0436944455901623,0.0579021170675755,0.0015));
#3066=CARTESIAN_POINT('',(-0.0436944455901623,-0.0488978829324245,0.0015));
#3067=CARTESIAN_POINT('',(0.0374355544098377,-0.0488978829324245,0.0015));
#3068=MECHANICAL_DESIGN_GEOMETRIC_PRESENTATION_REPRESENTATION('',(#1821),
#3069);
#3069=(
GEOMETRIC_REPRESENTATION_CONTEXT(3)
GLOBAL_UNCERTAINTY_ASSIGNED_CONTEXT((#3070))
GLOBAL_UNIT_ASSIGNED_CONTEXT((#3073,#3072,#3071))
REPRESENTATION_CONTEXT('Part 1','TOP_LEVEL_ASSEMBLY_PART')
);
#3070=UNCERTAINTY_MEASURE_WITH_UNIT(LENGTH_MEASURE(1.E-8),#3073,
'DISTANCE_ACCURACY_VALUE','Maximum Tolerance applied to model');
#3071=(
NAMED_UNIT(*)
SI_UNIT($,.STERADIAN.)
SOLID_ANGLE_UNIT()
);
#3072=(
NAMED_UNIT(*)
PLANE_ANGLE_UNIT()
SI_UNIT($,.RADIAN.)
);
#3073=(
LENGTH_UNIT()
NAMED_UNIT(*)
SI_UNIT($,.METRE.)
);
#3074=PRODUCT_DEFINITION_SHAPE('','',#3075);
#3075=PRODUCT_DEFINITION('','',#3077,#3076);
#3076=PRODUCT_DEFINITION_CONTEXT('',#3083,'design');
#3077=PRODUCT_DEFINITION_FORMATION_WITH_SPECIFIED_SOURCE('','',#3079,
 .NOT_KNOWN.);
#3078=PRODUCT_RELATED_PRODUCT_CATEGORY('','',(#3079));
#3079=PRODUCT('Part 1','Part 1','Part 1',(#3081));
#3080=PRODUCT_CATEGORY('','');
#3081=PRODUCT_CONTEXT('',#3083,'mechanical');
#3082=APPLICATION_PROTOCOL_DEFINITION('international standard',
'ap242_managed_model_based_3d_engineering',2020,#3083);
#3083=APPLICATION_CONTEXT('managed model based 3d engineering');
ENDSEC;
END-ISO-10303-21;
